frame_number,frame_time,results
0,2024/5/22 Wednesday 0:0:0,"[{'box': [1284.6982421875, 448.7352294921875, 132.6026611328125, 271.351806640625], 'conf': 0.8779356, 'label_id': 'person', 'sub_labels': 'other', 'sub_labels_conf': 0.9992827773094177, 'id': 1}, {'box': [270.77642822265625, 552.8265380859375, 126.62538146972656, 272.4913330078125], 'conf': 0.86819017, 'label_id': 'person', 'sub_labels': 'other', 'sub_labels_conf': 0.9999730587005615, 'id': 2}, {'box': [1567.80419921875, 511.10101318359375, 139.2198486328125, 248.1170654296875], 'conf': 0.8385135, 'label_id': 'person', 'sub_labels': 'other', 'sub_labels_conf': 0.981240451335907, 'id': 3}, {'box': [1674.84814453125, 578.146728515625, 126.450439453125, 262.8857116699219], 'conf': 0.8081661, 'label_id': 'person', 'sub_labels': 'cashier', 'sub_labels_conf': 0.5784973502159119, 'id': 4}, {'box': [333.056396484375, 560.9578857421875, 103.57965087890625, 243.158447265625], 'conf': 0.80236256, 'label_id': 'person', 'sub_labels': 'other', 'sub_labels_conf': 0.9974011182785034, 'id': 5}, {'box': [1193.895751953125, 301.4419250488281, 94.0224609375, 188.02923583984375], 'conf': 0.79186803, 'label_id': 'person', 'sub_labels': 'other', 'sub_labels_conf': 0.9854242205619812, 'id': 6}, {'box': [94.73567199707031, 638.1627197265625, 155.16238403320312, 286.5019836425781], 'conf': 0.7869385, 'label_id': 'person', 'sub_labels': 'other', 'sub_labels_conf': 0.9984667897224426, 'id': 7}, {'box': [501.019775390625, 502.2133483886719, 115.273681640625, 321.07379150390625], 'conf': 0.7608451, 'label_id': 'person', 'sub_labels': 'other', 'sub_labels_conf': 0.8873361349105835, 'id': 8}, {'box': [182.7659454345703, 558.105712890625, 104.45123291015625, 241.48565673828125], 'conf': 0.6969803, 'label_id': 'person', 'sub_labels': 'other', 'sub_labels_conf': 0.8973777294158936, 'id': 9}, {'box': [1116.35400390625, 248.8296356201172, 113.9593505859375, 239.66812133789062], 'conf': 0.68207943, 'label_id': 'refrigerator', 'sub_labels': 'other', 'sub_labels_conf': 0.9997187256813049, 'id': 10}, {'box': [1836.6031494140625, 579.6865234375, 111.100341796875, 196.92092895507812], 'conf': 0.66731775, 'label_id': 'person', 'sub_labels': 'other', 'sub_labels_conf': 0.99997878074646, 'id': 11}, {'box': [399.86651611328125, 507.0791931152344, 102.43142700195312, 316.83489990234375], 'conf': 0.6502424, 'label_id': 'person', 'sub_labels': 'other', 'sub_labels_conf': 0.9250296950340271, 'id': 12}]"
1,2024/5/22 Wednesday 0:0:0,"[{'box': [1281.4755859375, 447.691162109375, 124.529052734375, 273.5646667480469], 'conf': 0.86548567, 'label_id': 'person', 'sub_labels': 'other', 'sub_labels_conf': 0.9991121888160706, 'id': 1}, {'box': [270.7502136230469, 552.82763671875, 126.72340393066406, 272.61456298828125], 'conf': 0.8681918, 'label_id': 'person', 'sub_labels': 'other', 'sub_labels_conf': 0.9999732971191406, 'id': 2}, {'box': [1562.9737548828125, 510.92950439453125, 141.73828125, 243.83090209960938], 'conf': 0.8167046, 'label_id': 'person', 'sub_labels': 'other', 'sub_labels_conf': 0.9955493211746216, 'id': 3}, {'box': [1668.367919921875, 580.153076171875, 134.6058349609375, 264.6408386230469], 'conf': 0.8413845, 'label_id': 'person', 'sub_labels': 'other', 'sub_labels_conf': 0.5878482460975647, 'id': 4}, {'box': [332.7392883300781, 560.7665405273438, 103.24530029296875, 243.11776733398438], 'conf': 0.79838765, 'label_id': 'person', 'sub_labels': 'other', 'sub_labels_conf': 0.9982103109359741, 'id': 5}, {'box': [1193.923095703125, 301.3559875488281, 93.9974365234375, 187.97210693359375], 'conf': 0.7901204, 'label_id': 'person', 'sub_labels': 'other', 'sub_labels_conf': 0.9911181330680847, 'id': 6}, {'box': [95.0792007446289, 636.7154541015625, 156.2986297607422, 289.01446533203125], 'conf': 0.79969263, 'label_id': 'person', 'sub_labels': 'other', 'sub_labels_conf': 0.9983522891998291, 'id': 7}, {'box': [500.2981872558594, 502.19708251953125, 114.19818115234375, 321.7843933105469], 'conf': 0.749785, 'label_id': 'person', 'sub_labels': 'other', 'sub_labels_conf': 0.904009222984314, 'id': 8}, {'box': [183.48114013671875, 558.2117919921875, 105.82785034179688, 241.14959716796875], 'conf': 0.7057001, 'label_id': 'person', 'sub_labels': 'other', 'sub_labels_conf': 0.907968282699585, 'id': 9}, {'box': [1116.514892578125, 248.6323699951172, 113.9097900390625, 239.87942504882812], 'conf': 0.5804591, 'label_id': 'refrigerator', 'sub_labels': 'other', 'sub_labels_conf': 0.9997180104255676, 'id': 10}, {'box': [1832.61572265625, 578.2178344726562, 107.384033203125, 198.99673461914062], 'conf': 0.84127283, 'label_id': 'person', 'sub_labels': 'other', 'sub_labels_conf': 0.9999421834945679, 'id': 11}, {'box': [400.07806396484375, 534.9915771484375, 100.08319091796875, 258.80426025390625], 'conf': 0.6147329, 'label_id': 'person', 'sub_labels': 'other', 'sub_labels_conf': 0.990321695804596, 'id': 12}]"
2,2024/5/22 Wednesday 0:0:0,"[{'box': [1275.9808349609375, 446.5130615234375, 114.924560546875, 275.5040283203125], 'conf': 0.86097425, 'label_id': 'person', 'sub_labels': 'other', 'sub_labels_conf': 0.9993256330490112, 'id': 1}, {'box': [270.7628479003906, 552.8307495117188, 126.84596252441406, 272.679931640625], 'conf': 0.86980176, 'label_id': 'person', 'sub_labels': 'other', 'sub_labels_conf': 0.9999746084213257, 'id': 2}, {'box': [1556.957275390625, 508.9608459472656, 143.5013427734375, 239.66278076171875], 'conf': 0.7943713, 'label_id': 'person', 'sub_labels': 'other', 'sub_labels_conf': 0.9929184317588806, 'id': 3}, {'box': [1664.193603515625, 579.630859375, 138.0389404296875, 268.6240539550781], 'conf': 0.8422183, 'label_id': 'person', 'sub_labels': 'cashier', 'sub_labels_conf': 0.6647298336029053, 'id': 4}, {'box': [332.7113952636719, 560.6705932617188, 103.2181396484375, 242.97280883789062], 'conf': 0.8059961, 'label_id': 'person', 'sub_labels': 'other', 'sub_labels_conf': 0.9978851675987244, 'id': 5}, {'box': [1193.7637939453125, 300.9496765136719, 93.476318359375, 189.1861572265625], 'conf': 0.7833797, 'label_id': 'person', 'sub_labels': 'other', 'sub_labels_conf': 0.9905059933662415, 'id': 6}, {'box': [94.98249816894531, 636.024169921875, 157.54122924804688, 289.69873046875], 'conf': 0.80026877, 'label_id': 'person', 'sub_labels': 'other', 'sub_labels_conf': 0.9958420395851135, 'id': 7}, {'box': [500.2718505859375, 502.14111328125, 114.0789794921875, 321.0705261230469], 'conf': 0.74588263, 'label_id': 'person', 'sub_labels': 'other', 'sub_labels_conf': 0.9011555314064026, 'id': 8}, {'box': [182.80609130859375, 558.2091064453125, 104.41177368164062, 241.11895751953125], 'conf': 0.7236682, 'label_id': 'person', 'sub_labels': 'other', 'sub_labels_conf': 0.8839260935783386, 'id': 9}, {'box': [1116.41259765625, 248.30169677734375, 114.6805419921875, 240.37303161621094], 'conf': 0.6245611, 'label_id': 'refrigerator', 'sub_labels': 'other', 'sub_labels_conf': 0.9995217323303223, 'id': 10}, {'box': [1832.9112548828125, 576.4640502929688, 108.603271484375, 199.42672729492188], 'conf': 0.80650526, 'label_id': 'person', 'sub_labels': 'other', 'sub_labels_conf': 0.999078631401062, 'id': 11}, {'box': [401.61175537109375, 540.6588134765625, 98.74581909179688, 249.7685546875], 'conf': 0.6294989, 'label_id': 'person', 'sub_labels': 'other', 'sub_labels_conf': 0.985235333442688, 'id': 12}, {'box': [1357.412353515625, 430.4402160644531, 94.084228515625, 226.68670654296875], 'conf': 0.6400974, 'label_id': 'person', 'sub_labels': 'other', 'sub_labels_conf': 0.9949359893798828, 'id': 13}]"
3,2024/5/22 Wednesday 0:0:0,"[{'box': [1269.46630859375, 445.5457763671875, 103.7708740234375, 279.0594787597656], 'conf': 0.8542333, 'label_id': 'person', 'sub_labels': 'other', 'sub_labels_conf': 0.9981454610824585, 'id': 1}, {'box': [270.6660461425781, 553.0720825195312, 126.88658142089844, 271.8610534667969], 'conf': 0.87002206, 'label_id': 'person', 'sub_labels': 'other', 'sub_labels_conf': 0.9999799728393555, 'id': 2}, {'box': [1550.9365234375, 511.0426940917969, 141.2178955078125, 241.62091064453125], 'conf': 0.8707053, 'label_id': 'person', 'sub_labels': 'other', 'sub_labels_conf': 0.9925192594528198, 'id': 3}, {'box': [1661.3165283203125, 581.154541015625, 142.50732421875, 263.1976623535156], 'conf': 0.8523121, 'label_id': 'person', 'sub_labels': 'cashier', 'sub_labels_conf': 0.8026350736618042, 'id': 4}, {'box': [332.7452392578125, 560.4632568359375, 102.71392822265625, 242.93307495117188], 'conf': 0.7969934, 'label_id': 'person', 'sub_labels': 'other', 'sub_labels_conf': 0.9982535243034363, 'id': 5}, {'box': [1193.8521728515625, 299.83319091796875, 92.610107421875, 188.64041137695312], 'conf': 0.7666405, 'label_id': 'person', 'sub_labels': 'other', 'sub_labels_conf': 0.9940119385719299, 'id': 6}, {'box': [94.65200805664062, 636.0728759765625, 157.89889526367188, 288.8268737792969], 'conf': 0.8053296, 'label_id': 'person', 'sub_labels': 'other', 'sub_labels_conf': 0.9961116909980774, 'id': 7}, {'box': [499.9784240722656, 502.4472961425781, 114.20941162109375, 321.38031005859375], 'conf': 0.7482561, 'label_id': 'person', 'sub_labels': 'other', 'sub_labels_conf': 0.9313234090805054, 'id': 8}, {'box': [185.34730529785156, 558.265380859375, 109.51071166992188, 240.3404541015625], 'conf': 0.70130676, 'label_id': 'person', 'sub_labels': 'other', 'sub_labels_conf': 0.9521987438201904, 'id': 9}, {'box': [1117.001953125, 248.02955627441406, 115.1614990234375, 240.63186645507812], 'conf': 0.48091593, 'label_id': 'refrigerator', 'sub_labels': 'other', 'sub_labels_conf': 0.9994885921478271, 'id': 10}, {'box': [1831.895751953125, 575.1724243164062, 107.8154296875, 203.92227172851562], 'conf': 0.63450867, 'label_id': 'person', 'sub_labels': 'other', 'sub_labels_conf': 0.9998087286949158, 'id': 11}, {'box': [400.4058837890625, 540.679931640625, 97.79306030273438, 247.75991821289062], 'conf': 0.65387934, 'label_id': 'person', 'sub_labels': 'other', 'sub_labels_conf': 0.9893976449966431, 'id': 12}, {'box': [1341.817138671875, 430.2281494140625, 103.7325439453125, 231.537109375], 'conf': 0.800095, 'label_id': 'person', 'sub_labels': 'other', 'sub_labels_conf': 0.9986540079116821, 'id': 13}]"
4,2024/5/22 Wednesday 0:0:0,"[{'box': [1265.21728515625, 444.18115234375, 97.0950927734375, 281.5611572265625], 'conf': 0.8520804, 'label_id': 'person', 'sub_labels': 'other', 'sub_labels_conf': 0.9996669292449951, 'id': 1}, {'box': [270.6500549316406, 552.8316040039062, 126.91658020019531, 272.1728515625], 'conf': 0.86918104, 'label_id': 'person', 'sub_labels': 'other', 'sub_labels_conf': 0.9999876022338867, 'id': 2}, {'box': [1545.4659423828125, 511.29766845703125, 141.751220703125, 247.5928955078125], 'conf': 0.8762023, 'label_id': 'person', 'sub_labels': 'other', 'sub_labels_conf': 0.9889110326766968, 'id': 3}, {'box': [1655.8438720703125, 581.6378173828125, 154.46630859375, 262.16644287109375], 'conf': 0.8526736, 'label_id': 'person', 'sub_labels': 'cashier', 'sub_labels_conf': 0.5238879323005676, 'id': 4}, {'box': [332.60211181640625, 560.351318359375, 102.24197387695312, 242.95645141601562], 'conf': 0.80374324, 'label_id': 'person', 'sub_labels': 'other', 'sub_labels_conf': 0.9979311227798462, 'id': 5}, {'box': [1194.108642578125, 299.1253356933594, 91.9554443359375, 188.99560546875], 'conf': 0.73977137, 'label_id': 'person', 'sub_labels': 'other', 'sub_labels_conf': 0.9972398281097412, 'id': 6}, {'box': [94.49309539794922, 635.76806640625, 157.8460235595703, 288.71209716796875], 'conf': 0.8032003, 'label_id': 'person', 'sub_labels': 'other', 'sub_labels_conf': 0.9980175495147705, 'id': 7}, {'box': [500.5743103027344, 502.6545715332031, 115.16998291015625, 320.67535400390625], 'conf': 0.75330245, 'label_id': 'person', 'sub_labels': 'other', 'sub_labels_conf': 0.9064863920211792, 'id': 8}, {'box': [185.93060302734375, 558.0953979492188, 110.77688598632812, 240.66207885742188], 'conf': 0.71697235, 'label_id': 'person', 'sub_labels': 'other', 'sub_labels_conf': 0.9171669483184814, 'id': 9}, {'box': [1116.86767578125, 248.00318908691406, 114.6380615234375, 241.04525756835938], 'conf': 0.57637554, 'label_id': 'refrigerator', 'sub_labels': 'other', 'sub_labels_conf': 0.9995658993721008, 'id': 10}, {'box': [1833.10009765625, 574.455810546875, 104.8594970703125, 204.46701049804688], 'conf': 0.58659387, 'label_id': 'person', 'sub_labels': 'other', 'sub_labels_conf': 0.9999792575836182, 'id': 11}, {'box': [400.01318359375, 540.377197265625, 97.99746704101562, 248.09307861328125], 'conf': 0.62385076, 'label_id': 'person', 'sub_labels': 'other', 'sub_labels_conf': 0.987291157245636, 'id': 12}, {'box': [1336.983154296875, 429.52349853515625, 113.9844970703125, 234.8895263671875], 'conf': 0.743086, 'label_id': 'person', 'sub_labels': 'other', 'sub_labels_conf': 0.9969327449798584, 'id': 13}]"
5,2024/5/22 Wednesday 0:0:0,"[{'box': [1259.788818359375, 443.7099609375, 95.0933837890625, 282.9598693847656], 'conf': 0.8503341, 'label_id': 'person', 'sub_labels': 'other', 'sub_labels_conf': 0.9992669224739075, 'id': 1}, {'box': [270.6953430175781, 552.759765625, 127.07460021972656, 272.26654052734375], 'conf': 0.86877644, 'label_id': 'person', 'sub_labels': 'other', 'sub_labels_conf': 0.9999812841415405, 'id': 2}, {'box': [1541.251953125, 511.9698791503906, 138.2637939453125, 250.38031005859375], 'conf': 0.85428274, 'label_id': 'person', 'sub_labels': 'other', 'sub_labels_conf': 0.9938166737556458, 'id': 3}, {'box': [1647.879638671875, 583.0388793945312, 152.9024658203125, 261.9565734863281], 'conf': 0.84697944, 'label_id': 'person', 'sub_labels': 'cashier', 'sub_labels_conf': 0.5740770697593689, 'id': 4}, {'box': [332.25372314453125, 560.0810546875, 101.46682739257812, 243.17864990234375], 'conf': 0.7857385, 'label_id': 'person', 'sub_labels': 'other', 'sub_labels_conf': 0.9985960125923157, 'id': 5}, {'box': [1194.4427490234375, 297.97723388671875, 91.74560546875, 190.71511840820312], 'conf': 0.6990128, 'label_id': 'person', 'sub_labels': 'other', 'sub_labels_conf': 0.9975615739822388, 'id': 6}, {'box': [94.38841247558594, 635.8304443359375, 157.65853881835938, 288.24859619140625], 'conf': 0.80264974, 'label_id': 'person', 'sub_labels': 'other', 'sub_labels_conf': 0.9975242018699646, 'id': 7}, {'box': [500.22412109375, 502.395751953125, 115.091552734375, 321.4677429199219], 'conf': 0.7850711, 'label_id': 'person', 'sub_labels': 'other', 'sub_labels_conf': 0.9120756387710571, 'id': 8}, {'box': [185.5032196044922, 558.1362915039062, 109.72128295898438, 241.0128173828125], 'conf': 0.7325269, 'label_id': 'person', 'sub_labels': 'other', 'sub_labels_conf': 0.9429430365562439, 'id': 9}, {'box': [1116.9267578125, 248.27703857421875, 114.4957275390625, 241.84185791015625], 'conf': 0.46193537, 'label_id': 'refrigerator', 'sub_labels': 'other', 'sub_labels_conf': 0.9995971322059631, 'id': 10}, {'box': [1833.614990234375, 570.5626220703125, 97.584228515625, 205.11773681640625], 'conf': 0.7333912, 'label_id': 'person', 'sub_labels': 'other', 'sub_labels_conf': 0.9999427795410156, 'id': 11}, {'box': [400.65277099609375, 539.4068603515625, 97.22085571289062, 250.42196655273438], 'conf': 0.7620031, 'label_id': 'person', 'sub_labels': 'other', 'sub_labels_conf': 0.9709575176239014, 'id': 12}, {'box': [1337.30419921875, 427.26812744140625, 101.895751953125, 238.19992065429688], 'conf': 0.77979887, 'label_id': 'person', 'sub_labels': 'other', 'sub_labels_conf': 0.9930461049079895, 'id': 13}]"
6,2024/5/22 Wednesday 0:0:0,"[{'box': [1250.8720703125, 442.5830383300781, 101.0909423828125, 284.49456787109375], 'conf': 0.86611414, 'label_id': 'person', 'sub_labels': 'other', 'sub_labels_conf': 0.9989365935325623, 'id': 1}, {'box': [270.6750793457031, 552.6685180664062, 127.11195373535156, 272.4625549316406], 'conf': 0.86832714, 'label_id': 'person', 'sub_labels': 'other', 'sub_labels_conf': 0.999981164932251, 'id': 2}, {'box': [1537.41748046875, 510.744873046875, 132.4053955078125, 251.37850952148438], 'conf': 0.838881, 'label_id': 'person', 'sub_labels': 'other', 'sub_labels_conf': 0.9809640645980835, 'id': 3}, {'box': [1642.193359375, 582.7800903320312, 149.910888671875, 261.1375427246094], 'conf': 0.86710054, 'label_id': 'person', 'sub_labels': 'cashier', 'sub_labels_conf': 0.6380593180656433, 'id': 4}, {'box': [332.03216552734375, 560.0526733398438, 101.1051025390625, 243.3629150390625], 'conf': 0.79128736, 'label_id': 'person', 'sub_labels': 'other', 'sub_labels_conf': 0.9985610842704773, 'id': 5}, {'box': [1194.942626953125, 298.00738525390625, 92.83349609375, 192.16299438476562], 'conf': 0.7065689, 'label_id': 'person', 'sub_labels': 'other', 'sub_labels_conf': 0.997261643409729, 'id': 6}, {'box': [94.33942413330078, 636.1002807617188, 157.5838165283203, 287.2548522949219], 'conf': 0.80049616, 'label_id': 'person', 'sub_labels': 'other', 'sub_labels_conf': 0.9948780536651611, 'id': 7}, {'box': [500.18206787109375, 502.3445129394531, 114.96261596679688, 322.24884033203125], 'conf': 0.78142345, 'label_id': 'person', 'sub_labels': 'other', 'sub_labels_conf': 0.9181395769119263, 'id': 8}, {'box': [185.16156005859375, 558.1554565429688, 109.26515197753906, 241.07351684570312], 'conf': 0.72815835, 'label_id': 'person', 'sub_labels': 'other', 'sub_labels_conf': 0.9401705861091614, 'id': 9}, {'box': [1116.678955078125, 248.57894897460938, 114.1273193359375, 241.984375], 'conf': 0.53826165, 'label_id': 'refrigerator', 'sub_labels': 'other', 'sub_labels_conf': 0.9996281862258911, 'id': 10}, {'box': [1834.7850341796875, 568.4735107421875, 100.44970703125, 205.51651000976562], 'conf': 0.7057709, 'label_id': 'person', 'sub_labels': 'other', 'sub_labels_conf': 0.9999891519546509, 'id': 11}, {'box': [401.189697265625, 539.355224609375, 95.94705200195312, 250.91598510742188], 'conf': 0.75738704, 'label_id': 'person', 'sub_labels': 'other', 'sub_labels_conf': 0.9746631383895874, 'id': 12}, {'box': [1337.601806640625, 424.6554260253906, 96.4530029296875, 238.83453369140625], 'conf': 0.8078819, 'label_id': 'person', 'sub_labels': 'other', 'sub_labels_conf': 0.9863660335540771, 'id': 13}]"
7,2024/5/22 Wednesday 0:0:0,"[{'box': [1244.730224609375, 441.9960021972656, 105.0836181640625, 285.87677001953125], 'conf': 0.86330616, 'label_id': 'person', 'sub_labels': 'other', 'sub_labels_conf': 0.9982732534408569, 'id': 1}, {'box': [270.61474609375, 552.6741333007812, 127.30259704589844, 272.4758605957031], 'conf': 0.8699345, 'label_id': 'person', 'sub_labels': 'other', 'sub_labels_conf': 0.9999814033508301, 'id': 2}, {'box': [1534.472900390625, 508.445556640625, 126.7313232421875, 248.4317626953125], 'conf': 0.80427545, 'label_id': 'person', 'sub_labels': 'other', 'sub_labels_conf': 0.9079863429069519, 'id': 3}, {'box': [1637.891357421875, 582.6290283203125, 146.0277099609375, 260.4822998046875], 'conf': 0.8789938, 'label_id': 'person', 'sub_labels': 'other', 'sub_labels_conf': 0.5100917220115662, 'id': 4}, {'box': [331.9981384277344, 560.094482421875, 100.5614013671875, 243.22125244140625], 'conf': 0.80459225, 'label_id': 'person', 'sub_labels': 'other', 'sub_labels_conf': 0.9982536435127258, 'id': 5}, {'box': [1195.2158203125, 298.64422607421875, 91.7978515625, 193.65206909179688], 'conf': 0.6952697, 'label_id': 'person', 'sub_labels': 'other', 'sub_labels_conf': 0.9971401691436768, 'id': 6}, {'box': [93.85929107666016, 635.8654174804688, 156.6128387451172, 286.1324157714844], 'conf': 0.7834183, 'label_id': 'person', 'sub_labels': 'other', 'sub_labels_conf': 0.9975829124450684, 'id': 7}, {'box': [499.6274719238281, 500.98907470703125, 113.79266357421875, 322.105224609375], 'conf': 0.78283644, 'label_id': 'person', 'sub_labels': 'other', 'sub_labels_conf': 0.937614381313324, 'id': 8}, {'box': [185.76451110839844, 558.3456420898438, 110.390869140625, 240.782958984375], 'conf': 0.738197, 'label_id': 'person', 'sub_labels': 'other', 'sub_labels_conf': 0.9201004505157471, 'id': 9}, {'box': [1116.0048828125, 248.86395263671875, 112.9625244140625, 242.1441650390625], 'conf': 0.4294208, 'label_id': 'refrigerator', 'sub_labels': 'other', 'sub_labels_conf': 0.9997753500938416, 'id': 10}, {'box': [1828.15380859375, 567.6952514648438, 99.858642578125, 208.37496948242188], 'conf': 0.75718766, 'label_id': 'person', 'sub_labels': 'other', 'sub_labels_conf': 0.9999699592590332, 'id': 11}, {'box': [401.4580993652344, 540.4921264648438, 98.3804931640625, 250.9761962890625], 'conf': 0.73245835, 'label_id': 'person', 'sub_labels': 'other', 'sub_labels_conf': 0.9760639667510986, 'id': 12}, {'box': [1334.32470703125, 423.666748046875, 95.0999755859375, 241.8182373046875], 'conf': 0.8462062, 'label_id': 'person', 'sub_labels': 'other', 'sub_labels_conf': 0.9855911731719971, 'id': 13}]"
8,2024/5/22 Wednesday 0:0:0,"[{'box': [1236.7161865234375, 441.79473876953125, 111.5869140625, 286.8421630859375], 'conf': 0.86214465, 'label_id': 'person', 'sub_labels': 'other', 'sub_labels_conf': 0.9986857771873474, 'id': 1}, {'box': [270.7236328125, 552.5546264648438, 127.42669677734375, 272.80859375], 'conf': 0.86489534, 'label_id': 'person', 'sub_labels': 'other', 'sub_labels_conf': 0.999980092048645, 'id': 2}, {'box': [1532.259521484375, 504.29937744140625, 120.276123046875, 245.73446655273438], 'conf': 0.8306105, 'label_id': 'person', 'sub_labels': 'other', 'sub_labels_conf': 0.9915846586227417, 'id': 3}, {'box': [1634.167724609375, 582.1805419921875, 140.4423828125, 260.5027770996094], 'conf': 0.87071407, 'label_id': 'person', 'sub_labels': 'other', 'sub_labels_conf': 0.6111425161361694, 'id': 4}, {'box': [332.265869140625, 560.0357666015625, 100.82821655273438, 243.1416015625], 'conf': 0.8141796, 'label_id': 'person', 'sub_labels': 'other', 'sub_labels_conf': 0.9989045858383179, 'id': 5}, {'box': [1194.950927734375, 298.5740051269531, 91.3939208984375, 197.15753173828125], 'conf': 0.73657, 'label_id': 'person', 'sub_labels': 'other', 'sub_labels_conf': 0.9953117370605469, 'id': 6}, {'box': [93.4246597290039, 635.4036865234375, 154.9699249267578, 286.4901123046875], 'conf': 0.78965145, 'label_id': 'person', 'sub_labels': 'other', 'sub_labels_conf': 0.9979706406593323, 'id': 7}, {'box': [500.5107116699219, 501.4886779785156, 114.80975341796875, 321.44134521484375], 'conf': 0.7719614, 'label_id': 'person', 'sub_labels': 'other', 'sub_labels_conf': 0.9404808878898621, 'id': 8}, {'box': [185.3461151123047, 558.7684936523438, 109.64987182617188, 239.86471557617188], 'conf': 0.75256336, 'label_id': 'person', 'sub_labels': 'other', 'sub_labels_conf': 0.9343436360359192, 'id': 9}, {'box': [1115.835693359375, 248.933349609375, 112.9254150390625, 242.5669403076172], 'conf': 0.33865792, 'label_id': 'refrigerator', 'sub_labels': 'other', 'sub_labels_conf': 0.9997813105583191, 'id': 10}, {'box': [1822.92626953125, 567.8284912109375, 102.20458984375, 209.24032592773438], 'conf': 0.70123583, 'label_id': 'person', 'sub_labels': 'other', 'sub_labels_conf': 0.9999710321426392, 'id': 11}, {'box': [400.2808837890625, 518.1233520507812, 102.78067016601562, 295.5238342285156], 'conf': 0.66993076, 'label_id': 'person', 'sub_labels': 'other', 'sub_labels_conf': 0.9791926145553589, 'id': 12}, {'box': [1325.12646484375, 423.41986083984375, 106.52783203125, 243.57003784179688], 'conf': 0.81241965, 'label_id': 'person', 'sub_labels': 'other', 'sub_labels_conf': 0.9919379353523254, 'id': 13}]"
9,2024/5/22 Wednesday 0:0:0,"[{'box': [1228.4774169921875, 441.4049072265625, 116.976318359375, 288.0779724121094], 'conf': 0.85012084, 'label_id': 'person', 'sub_labels': 'other', 'sub_labels_conf': 0.9984005093574524, 'id': 1}, {'box': [270.764892578125, 552.5042114257812, 127.64743041992188, 272.7458801269531], 'conf': 0.86402243, 'label_id': 'person', 'sub_labels': 'other', 'sub_labels_conf': 0.9999833106994629, 'id': 2}, {'box': [1530.5972900390625, 500.841796875, 116.406005859375, 249.1986083984375], 'conf': 0.74218464, 'label_id': 'person', 'sub_labels': 'other', 'sub_labels_conf': 0.9896161556243896, 'id': 3}, {'box': [1632.221435546875, 580.1175537109375, 135.54248046875, 265.04803466796875], 'conf': 0.857697, 'label_id': 'person', 'sub_labels': 'other', 'sub_labels_conf': 0.7332139015197754, 'id': 4}, {'box': [332.3563232421875, 559.9364013671875, 100.87039184570312, 243.62640380859375], 'conf': 0.81387234, 'label_id': 'person', 'sub_labels': 'other', 'sub_labels_conf': 0.9989903569221497, 'id': 5}, {'box': [1194.858642578125, 297.94061279296875, 90.838623046875, 198.0454864501953], 'conf': 0.73993194, 'label_id': 'person', 'sub_labels': 'other', 'sub_labels_conf': 0.9948340654373169, 'id': 6}, {'box': [92.9946060180664, 636.5481567382812, 152.48646545410156, 285.1298522949219], 'conf': 0.78362566, 'label_id': 'person', 'sub_labels': 'other', 'sub_labels_conf': 0.9973891377449036, 'id': 7}, {'box': [499.525634765625, 500.71234130859375, 113.84390258789062, 321.4217834472656], 'conf': 0.7777219, 'label_id': 'person', 'sub_labels': 'other', 'sub_labels_conf': 0.9420880079269409, 'id': 8}, {'box': [185.26904296875, 558.5884399414062, 109.75080871582031, 240.31509399414062], 'conf': 0.75254434, 'label_id': 'person', 'sub_labels': 'other', 'sub_labels_conf': 0.940266489982605, 'id': 9}, {'box': [1115.959716796875, 249.2355499267578, 113.0489501953125, 242.69308471679688], 'conf': 0.21766968, 'label_id': 'refrigerator', 'sub_labels': 'other', 'sub_labels_conf': 0.9997785687446594, 'id': 10}, {'box': [1812.794677734375, 568.0076904296875, 104.1815185546875, 207.30764770507812], 'conf': 0.6920392, 'label_id': 'person', 'sub_labels': 'other', 'sub_labels_conf': 0.9999191761016846, 'id': 11}, {'box': [400.61810302734375, 531.3153076171875, 103.87457275390625, 268.86138916015625], 'conf': 0.69312525, 'label_id': 'person', 'sub_labels': 'other', 'sub_labels_conf': 0.9843887090682983, 'id': 12}, {'box': [1319.1181640625, 423.5013427734375, 108.6568603515625, 245.28466796875], 'conf': 0.79110277, 'label_id': 'person', 'sub_labels': 'other', 'sub_labels_conf': 0.9930985569953918, 'id': 13}]"
10,2024/5/22 Wednesday 0:0:0,"[{'box': [1220.84521484375, 440.698974609375, 118.115966796875, 288.8196716308594], 'conf': 0.85865337, 'label_id': 'person', 'sub_labels': 'other', 'sub_labels_conf': 0.9975269436836243, 'id': 1}, {'box': [270.68658447265625, 552.1967163085938, 127.77560424804688, 273.345458984375], 'conf': 0.8629832, 'label_id': 'person', 'sub_labels': 'other', 'sub_labels_conf': 0.9999778270721436, 'id': 2}, {'box': [1529.001953125, 500.1506042480469, 112.259033203125, 249.44488525390625], 'conf': 0.23089004, 'label_id': 'person', 'sub_labels': 'other', 'sub_labels_conf': 0.9933130145072937, 'id': 3}, {'box': [1629.376220703125, 576.7894897460938, 129.347900390625, 268.3233947753906], 'conf': 0.8386904, 'label_id': 'person', 'sub_labels': 'other', 'sub_labels_conf': 0.7500582933425903, 'id': 4}, {'box': [332.4573669433594, 559.8314208984375, 100.5596923828125, 243.92138671875], 'conf': 0.8109963, 'label_id': 'person', 'sub_labels': 'other', 'sub_labels_conf': 0.9991359114646912, 'id': 5}, {'box': [1194.070068359375, 298.01727294921875, 91.21875, 199.51937866210938], 'conf': 0.7220721, 'label_id': 'person', 'sub_labels': 'other', 'sub_labels_conf': 0.9958882927894592, 'id': 6}, {'box': [93.12222290039062, 636.961181640625, 151.40869140625, 284.430908203125], 'conf': 0.7732514, 'label_id': 'person', 'sub_labels': 'other', 'sub_labels_conf': 0.9988671541213989, 'id': 7}, {'box': [499.30621337890625, 499.81610107421875, 113.67276000976562, 320.611572265625], 'conf': 0.774257, 'label_id': 'person', 'sub_labels': 'other', 'sub_labels_conf': 0.9249648451805115, 'id': 8}, {'box': [185.02899169921875, 558.4085083007812, 109.04376220703125, 240.55343627929688], 'conf': 0.7295906, 'label_id': 'person', 'sub_labels': 'other', 'sub_labels_conf': 0.9365121126174927, 'id': 9}, {'box': [1115.956787109375, 248.51644897460938, 113.2469482421875, 241.1717071533203], 'conf': 0.14950794, 'label_id': 'refrigerator', 'sub_labels': 'other', 'sub_labels_conf': 0.9998121857643127, 'id': 10}, {'box': [1811.763916015625, 566.2255249023438, 124.2923583984375, 207.40322875976562], 'conf': 0.6520171, 'label_id': 'person', 'sub_labels': 'other', 'sub_labels_conf': 0.9999432563781738, 'id': 11}, {'box': [400.45074462890625, 537.5861206054688, 105.04067993164062, 257.756591796875], 'conf': 0.74733967, 'label_id': 'person', 'sub_labels': 'other', 'sub_labels_conf': 0.9824228286743164, 'id': 12}, {'box': [1315.00927734375, 420.0481872558594, 106.9447021484375, 243.73223876953125], 'conf': 0.74491996, 'label_id': 'person', 'sub_labels': 'other', 'sub_labels_conf': 0.9845773577690125, 'id': 13}]"
11,2024/5/22 Wednesday 0:0:0,"[{'box': [1213.345703125, 438.4555358886719, 117.4195556640625, 294.05718994140625], 'conf': 0.8590708, 'label_id': 'person', 'sub_labels': 'other', 'sub_labels_conf': 0.9982956051826477, 'id': 1}, {'box': [270.6562805175781, 552.0685424804688, 127.90367126464844, 273.7368469238281], 'conf': 0.8662391, 'label_id': 'person', 'sub_labels': 'other', 'sub_labels_conf': 0.9999823570251465, 'id': 2}, {'box': [1527.4808349609375, 498.5323486328125, 106.857421875, 250.33193969726562], 'conf': 0.69490397, 'label_id': 'person', 'sub_labels': 'other', 'sub_labels_conf': 0.996588945388794, 'id': 3}, {'box': [1627.103759765625, 575.6544799804688, 123.2584228515625, 269.1964416503906], 'conf': 0.80188185, 'label_id': 'person', 'sub_labels': 'other', 'sub_labels_conf': 0.7224398851394653, 'id': 4}, {'box': [332.32708740234375, 560.0159301757812, 100.24893188476562, 243.38949584960938], 'conf': 0.80653983, 'label_id': 'person', 'sub_labels': 'other', 'sub_labels_conf': 0.9989877343177795, 'id': 5}, {'box': [1193.3143310546875, 297.445556640625, 90.38330078125, 200.71421813964844], 'conf': 0.77433515, 'label_id': 'person', 'sub_labels': 'other', 'sub_labels_conf': 0.986854076385498, 'id': 6}, {'box': [93.12826538085938, 637.635986328125, 150.52493286132812, 284.47821044921875], 'conf': 0.7760336, 'label_id': 'person', 'sub_labels': 'other', 'sub_labels_conf': 0.9991809725761414, 'id': 7}, {'box': [499.18084716796875, 500.1172180175781, 113.80026245117188, 320.07965087890625], 'conf': 0.77343565, 'label_id': 'person', 'sub_labels': 'other', 'sub_labels_conf': 0.9412098526954651, 'id': 8}, {'box': [184.4230499267578, 558.590087890625, 108.1173095703125, 240.47265625], 'conf': 0.7340262, 'label_id': 'person', 'sub_labels': 'other', 'sub_labels_conf': 0.9504392147064209, 'id': 9}, {'box': [1800.759033203125, 565.3175048828125, 118.5277099609375, 209.30636596679688], 'conf': 0.67389, 'label_id': 'person', 'sub_labels': 'other', 'sub_labels_conf': 0.9999523162841797, 'id': 11}, {'box': [401.0762939453125, 538.2739868164062, 102.4188232421875, 254.4398193359375], 'conf': 0.7483338, 'label_id': 'person', 'sub_labels': 'other', 'sub_labels_conf': 0.9743300080299377, 'id': 12}, {'box': [1317.2978515625, 415.195068359375, 88.4365234375, 238.06417846679688], 'conf': 0.7622435, 'label_id': 'person', 'sub_labels': 'other', 'sub_labels_conf': 0.994848370552063, 'id': 13}, {'box': [1619.7314453125, 356.5284423828125, 97.67236328125, 182.32666015625], 'conf': 0.60520244, 'label_id': 'person', 'sub_labels': 'other', 'sub_labels_conf': 0.9976608753204346, 'id': 15}]"
12,2024/5/22 Wednesday 0:0:0,"[{'box': [1208.333984375, 438.05291748046875, 117.528076171875, 293.41015625], 'conf': 0.86908823, 'label_id': 'person', 'sub_labels': 'other', 'sub_labels_conf': 0.9946481585502625, 'id': 1}, {'box': [270.61328125, 551.7215576171875, 128.02920532226562, 274.58489990234375], 'conf': 0.8685353, 'label_id': 'person', 'sub_labels': 'other', 'sub_labels_conf': 0.9999375343322754, 'id': 2}, {'box': [1530.10546875, 497.92877197265625, 109.0377197265625, 251.98873901367188], 'conf': 0.4945363, 'label_id': 'person', 'sub_labels': 'other', 'sub_labels_conf': 0.995521068572998, 'id': 3}, {'box': [1624.6630859375, 574.996337890625, 120.9766845703125, 271.06329345703125], 'conf': 0.6919712, 'label_id': 'person', 'sub_labels': 'other', 'sub_labels_conf': 0.7656171321868896, 'id': 4}, {'box': [332.47442626953125, 560.1845703125, 101.0657958984375, 243.380859375], 'conf': 0.80731463, 'label_id': 'person', 'sub_labels': 'other', 'sub_labels_conf': 0.9989387392997742, 'id': 5}, {'box': [1193.2237548828125, 294.66485595703125, 86.702392578125, 196.653564453125], 'conf': 0.74680996, 'label_id': 'person', 'sub_labels': 'other', 'sub_labels_conf': 0.9439386129379272, 'id': 6}, {'box': [93.0400390625, 637.8094482421875, 150.31509399414062, 284.1243591308594], 'conf': 0.775377, 'label_id': 'person', 'sub_labels': 'other', 'sub_labels_conf': 0.9990812540054321, 'id': 7}, {'box': [499.2437744140625, 500.26873779296875, 113.844970703125, 319.6387634277344], 'conf': 0.7701594, 'label_id': 'person', 'sub_labels': 'other', 'sub_labels_conf': 0.9247420430183411, 'id': 8}, {'box': [184.1766357421875, 558.7237548828125, 107.92765808105469, 240.30685424804688], 'conf': 0.7347742, 'label_id': 'person', 'sub_labels': 'other', 'sub_labels_conf': 0.8813909888267517, 'id': 9}, {'box': [1794.439208984375, 562.8583984375, 112.8480224609375, 215.03717041015625], 'conf': 0.6144412, 'label_id': 'person', 'sub_labels': 'other', 'sub_labels_conf': 0.9999847412109375, 'id': 11}, {'box': [401.7647705078125, 539.259765625, 101.41082763671875, 254.1171875], 'conf': 0.74104965, 'label_id': 'person', 'sub_labels': 'other', 'sub_labels_conf': 0.9570034742355347, 'id': 12}, {'box': [1313.349853515625, 411.3774108886719, 82.0106201171875, 233.26141357421875], 'conf': 0.729242, 'label_id': 'person', 'sub_labels': 'other', 'sub_labels_conf': 0.9930583238601685, 'id': 13}, {'box': [1620.1077880859375, 357.92755126953125, 99.606201171875, 185.51373291015625], 'conf': 0.6801043, 'label_id': 'person', 'sub_labels': 'other', 'sub_labels_conf': 0.9986491799354553, 'id': 15}]"
13,2024/5/22 Wednesday 0:0:0,"[{'box': [1206.20068359375, 436.6404724121094, 116.0220947265625, 293.86224365234375], 'conf': 0.8532248, 'label_id': 'person', 'sub_labels': 'other', 'sub_labels_conf': 0.998729407787323, 'id': 1}, {'box': [270.6300048828125, 551.513427734375, 128.01026916503906, 274.7613830566406], 'conf': 0.8658257, 'label_id': 'person', 'sub_labels': 'other', 'sub_labels_conf': 0.9999431371688843, 'id': 2}, {'box': [1525.24609375, 496.1031494140625, 100.544921875, 253.17007446289062], 'conf': 0.6718886, 'label_id': 'person', 'sub_labels': 'other', 'sub_labels_conf': 0.9948691129684448, 'id': 3}, {'box': [1622.1466064453125, 574.3641357421875, 117.2470703125, 274.6327819824219], 'conf': 0.6333165, 'label_id': 'person', 'sub_labels': 'other', 'sub_labels_conf': 0.47828903794288635, 'id': 4}, {'box': [332.86993408203125, 560.237060546875, 102.25912475585938, 243.7132568359375], 'conf': 0.8043121, 'label_id': 'person', 'sub_labels': 'other', 'sub_labels_conf': 0.9969407916069031, 'id': 5}, {'box': [1192.4146728515625, 296.7215881347656, 86.746826171875, 201.48292541503906], 'conf': 0.71663076, 'label_id': 'person', 'sub_labels': 'other', 'sub_labels_conf': 0.969825804233551, 'id': 6}, {'box': [92.93089294433594, 637.638671875, 150.44418334960938, 283.0011291503906], 'conf': 0.77126557, 'label_id': 'person', 'sub_labels': 'other', 'sub_labels_conf': 0.9984934329986572, 'id': 7}, {'box': [499.3598327636719, 500.50579833984375, 114.21453857421875, 319.1612548828125], 'conf': 0.7614116, 'label_id': 'person', 'sub_labels': 'other', 'sub_labels_conf': 0.9368976950645447, 'id': 8}, {'box': [184.27471923828125, 558.7210693359375, 108.41596984863281, 240.07635498046875], 'conf': 0.7330051, 'label_id': 'person', 'sub_labels': 'other', 'sub_labels_conf': 0.9419447779655457, 'id': 9}, {'box': [1789.217529296875, 562.0531616210938, 110.2679443359375, 216.96945190429688], 'conf': 0.79037017, 'label_id': 'person', 'sub_labels': 'other', 'sub_labels_conf': 0.9997597336769104, 'id': 11}, {'box': [402.12799072265625, 539.6512451171875, 101.60421752929688, 253.42025756835938], 'conf': 0.7661718, 'label_id': 'person', 'sub_labels': 'other', 'sub_labels_conf': 0.9689503312110901, 'id': 12}, {'box': [1308.63671875, 409.05194091796875, 76.1805419921875, 234.04409790039062], 'conf': 0.73133916, 'label_id': 'person', 'sub_labels': 'other', 'sub_labels_conf': 0.9857738018035889, 'id': 13}, {'box': [1618.323486328125, 361.596923828125, 102.1041259765625, 193.02752685546875], 'conf': 0.71916354, 'label_id': 'person', 'sub_labels': 'other', 'sub_labels_conf': 0.9984537363052368, 'id': 15}]"
14,2024/5/22 Wednesday 0:0:0,"[{'box': [1204.10302734375, 433.8088073730469, 111.2340087890625, 293.52728271484375], 'conf': 0.86177725, 'label_id': 'person', 'sub_labels': 'other', 'sub_labels_conf': 0.9979337453842163, 'id': 1}, {'box': [270.6760559082031, 551.360595703125, 127.82637023925781, 274.94769287109375], 'conf': 0.86712736, 'label_id': 'person', 'sub_labels': 'other', 'sub_labels_conf': 0.9999580383300781, 'id': 2}, {'box': [1522.415771484375, 498.1610107421875, 98.3388671875, 250.07467651367188], 'conf': 0.7683027, 'label_id': 'person', 'sub_labels': 'other', 'sub_labels_conf': 0.9972394704818726, 'id': 3}, {'box': [1621.054443359375, 574.7528686523438, 114.6923828125, 275.3092041015625], 'conf': 0.8383926, 'label_id': 'person', 'sub_labels': 'other', 'sub_labels_conf': 0.6187371611595154, 'id': 4}, {'box': [333.02557373046875, 560.294921875, 102.8709716796875, 243.82058715820312], 'conf': 0.80520314, 'label_id': 'person', 'sub_labels': 'other', 'sub_labels_conf': 0.9984936714172363, 'id': 5}, {'box': [1191.764404296875, 296.4500732421875, 88.216064453125, 201.02212524414062], 'conf': 0.73262125, 'label_id': 'person', 'sub_labels': 'other', 'sub_labels_conf': 0.9823806285858154, 'id': 6}, {'box': [93.0716781616211, 638.8345336914062, 149.8545684814453, 282.0838317871094], 'conf': 0.7822186, 'label_id': 'person', 'sub_labels': 'other', 'sub_labels_conf': 0.9990378618240356, 'id': 7}, {'box': [500.3111267089844, 501.41143798828125, 116.34661865234375, 319.7242431640625], 'conf': 0.7575982, 'label_id': 'person', 'sub_labels': 'other', 'sub_labels_conf': 0.9407197833061218, 'id': 8}, {'box': [184.3305206298828, 558.7108154296875, 108.65139770507812, 239.88491821289062], 'conf': 0.73795086, 'label_id': 'person', 'sub_labels': 'other', 'sub_labels_conf': 0.9396307468414307, 'id': 9}, {'box': [1779.755859375, 561.8782958984375, 113.94287109375, 216.64535522460938], 'conf': 0.77840626, 'label_id': 'person', 'sub_labels': 'other', 'sub_labels_conf': 0.9999808073043823, 'id': 11}, {'box': [401.63018798828125, 539.9666748046875, 102.97586059570312, 253.12933349609375], 'conf': 0.7605147, 'label_id': 'person', 'sub_labels': 'other', 'sub_labels_conf': 0.9387747645378113, 'id': 12}, {'box': [1301.82861328125, 407.197265625, 71.9478759765625, 232.78964233398438], 'conf': 0.7666272, 'label_id': 'person', 'sub_labels': 'other', 'sub_labels_conf': 0.9977009892463684, 'id': 13}, {'box': [1618.22412109375, 362.1171569824219, 105.47021484375, 194.45318603515625], 'conf': 0.64193857, 'label_id': 'person', 'sub_labels': 'other', 'sub_labels_conf': 0.9979719519615173, 'id': 15}]"
15,2024/5/22 Wednesday 0:0:0,"[{'box': [1200.7813720703125, 428.88580322265625, 104.73779296875, 288.745849609375], 'conf': 0.8465905, 'label_id': 'person', 'sub_labels': 'other', 'sub_labels_conf': 0.9987056255340576, 'id': 1}, {'box': [271.0807800292969, 551.7116088867188, 128.0770263671875, 274.9184875488281], 'conf': 0.8679047, 'label_id': 'person', 'sub_labels': 'other', 'sub_labels_conf': 0.9999717473983765, 'id': 2}, {'box': [1518.36572265625, 495.36627197265625, 100.1580810546875, 255.9508056640625], 'conf': 0.8130465, 'label_id': 'person', 'sub_labels': 'other', 'sub_labels_conf': 0.9992573857307434, 'id': 3}, {'box': [1617.63037109375, 572.8847045898438, 113.9783935546875, 280.0022277832031], 'conf': 0.83349824, 'label_id': 'person', 'sub_labels': 'other', 'sub_labels_conf': 0.6875410676002502, 'id': 4}, {'box': [333.04046630859375, 560.0197143554688, 102.86474609375, 242.91836547851562], 'conf': 0.80782956, 'label_id': 'person', 'sub_labels': 'other', 'sub_labels_conf': 0.9989651441574097, 'id': 5}, {'box': [1193.072021484375, 295.1204833984375, 85.4423828125, 198.13253784179688], 'conf': 0.6593316, 'label_id': 'person', 'sub_labels': 'other', 'sub_labels_conf': 0.9901500940322876, 'id': 6}, {'box': [93.76094055175781, 639.3836669921875, 150.7943115234375, 286.3060607910156], 'conf': 0.8052526, 'label_id': 'person', 'sub_labels': 'other', 'sub_labels_conf': 0.9976047277450562, 'id': 7}, {'box': [499.97705078125, 500.46551513671875, 116.22708129882812, 320.3832092285156], 'conf': 0.7472295, 'label_id': 'person', 'sub_labels': 'other', 'sub_labels_conf': 0.9270046949386597, 'id': 8}, {'box': [183.9681854248047, 557.9735717773438, 108.760009765625, 241.68807983398438], 'conf': 0.7547437, 'label_id': 'person', 'sub_labels': 'other', 'sub_labels_conf': 0.85200035572052, 'id': 9}, {'box': [1778.236328125, 559.887939453125, 109.7274169921875, 219.202880859375], 'conf': 0.7414332, 'label_id': 'person', 'sub_labels': 'other', 'sub_labels_conf': 0.9998867511749268, 'id': 11}, {'box': [402.15869140625, 539.9134521484375, 102.25924682617188, 253.01007080078125], 'conf': 0.7924275, 'label_id': 'person', 'sub_labels': 'other', 'sub_labels_conf': 0.9731907248497009, 'id': 12}, {'box': [1297.070068359375, 404.8223876953125, 72.5145263671875, 231.8233642578125], 'conf': 0.78439516, 'label_id': 'person', 'sub_labels': 'other', 'sub_labels_conf': 0.9805276393890381, 'id': 13}, {'box': [1617.4202880859375, 361.4117431640625, 109.2978515625, 193.7030029296875], 'conf': 0.6458762, 'label_id': 'person', 'sub_labels': 'other', 'sub_labels_conf': 0.9987756609916687, 'id': 15}]"
16,2024/5/22 Wednesday 0:0:0,"[{'box': [1202.08251953125, 430.30255126953125, 104.5499267578125, 291.9002990722656], 'conf': 0.8217476, 'label_id': 'person', 'sub_labels': 'other', 'sub_labels_conf': 0.9987797141075134, 'id': 1}, {'box': [271.2136535644531, 551.8758544921875, 128.09461975097656, 274.7481384277344], 'conf': 0.86783826, 'label_id': 'person', 'sub_labels': 'other', 'sub_labels_conf': 0.9999692440032959, 'id': 2}, {'box': [1511.42431640625, 496.79052734375, 113.3016357421875, 255.21932983398438], 'conf': 0.7469866, 'label_id': 'person', 'sub_labels': 'other', 'sub_labels_conf': 0.9994198083877563, 'id': 3}, {'box': [1609.897705078125, 571.3950805664062, 117.429443359375, 279.625244140625], 'conf': 0.75946337, 'label_id': 'person', 'sub_labels': 'other', 'sub_labels_conf': 0.5944377183914185, 'id': 4}, {'box': [333.2844543457031, 559.818603515625, 103.70001220703125, 242.14553833007812], 'conf': 0.81076694, 'label_id': 'person', 'sub_labels': 'other', 'sub_labels_conf': 0.9989150762557983, 'id': 5}, {'box': [1195.500732421875, 293.04595947265625, 79.2786865234375, 194.2576141357422], 'conf': 0.61098456, 'label_id': 'person', 'sub_labels': 'other', 'sub_labels_conf': 0.9735142588615417, 'id': 6}, {'box': [94.58197021484375, 639.2837524414062, 151.49676513671875, 286.9763488769531], 'conf': 0.8030446, 'label_id': 'person', 'sub_labels': 'other', 'sub_labels_conf': 0.9977365732192993, 'id': 7}, {'box': [499.78192138671875, 499.87078857421875, 115.94021606445312, 320.3032531738281], 'conf': 0.75794804, 'label_id': 'person', 'sub_labels': 'other', 'sub_labels_conf': 0.8934316039085388, 'id': 8}, {'box': [183.91226196289062, 557.5862426757812, 108.94041442871094, 242.508056640625], 'conf': 0.74866825, 'label_id': 'person', 'sub_labels': 'other', 'sub_labels_conf': 0.8483695983886719, 'id': 9}, {'box': [1774.9532470703125, 556.4458618164062, 105.215087890625, 222.10324096679688], 'conf': 0.7285715, 'label_id': 'person', 'sub_labels': 'other', 'sub_labels_conf': 0.9999637603759766, 'id': 11}, {'box': [402.4415283203125, 539.614990234375, 101.24288940429688, 253.14913940429688], 'conf': 0.790716, 'label_id': 'person', 'sub_labels': 'other', 'sub_labels_conf': 0.9736972451210022, 'id': 12}, {'box': [1292.7822265625, 404.9881896972656, 74.1771240234375, 231.42633056640625], 'conf': 0.7653101, 'label_id': 'person', 'sub_labels': 'other', 'sub_labels_conf': 0.9988754391670227, 'id': 13}, {'box': [1617.153076171875, 361.44866943359375, 110.015380859375, 194.72674560546875], 'conf': 0.5815023, 'label_id': 'person', 'sub_labels': 'other', 'sub_labels_conf': 0.9993612170219421, 'id': 15}]"
17,2024/5/22 Wednesday 0:0:0,"[{'box': [1203.9100341796875, 424.93310546875, 103.04443359375, 280.9641418457031], 'conf': 0.8275398, 'label_id': 'person', 'sub_labels': 'other', 'sub_labels_conf': 0.9994058609008789, 'id': 1}, {'box': [271.29296875, 551.8253173828125, 128.09396362304688, 274.95196533203125], 'conf': 0.8690352, 'label_id': 'person', 'sub_labels': 'other', 'sub_labels_conf': 0.9999556541442871, 'id': 2}, {'box': [1498.84912109375, 493.93377685546875, 117.351806640625, 260.6397399902344], 'conf': 0.62846935, 'label_id': 'person', 'sub_labels': 'other', 'sub_labels_conf': 0.9999135732650757, 'id': 3}, {'box': [1593.703369140625, 569.0513305664062, 136.78173828125, 284.5382080078125], 'conf': 0.79942495, 'label_id': 'person', 'sub_labels': 'other', 'sub_labels_conf': 0.4624842703342438, 'id': 4}, {'box': [333.7267150878906, 559.8016357421875, 105.02630615234375, 242.01239013671875], 'conf': 0.82206875, 'label_id': 'person', 'sub_labels': 'other', 'sub_labels_conf': 0.9987001419067383, 'id': 5}, {'box': [1198.176513671875, 274.7004699707031, 73.6954345703125, 158.29197692871094], 'conf': 0.5807437, 'label_id': 'person', 'sub_labels': 'other', 'sub_labels_conf': 0.994554877281189, 'id': 6}, {'box': [94.2740249633789, 638.8638305664062, 151.5561065673828, 288.1767272949219], 'conf': 0.8049171, 'label_id': 'person', 'sub_labels': 'other', 'sub_labels_conf': 0.999014139175415, 'id': 7}, {'box': [499.532958984375, 500.11505126953125, 115.81130981445312, 320.52001953125], 'conf': 0.7592337, 'label_id': 'person', 'sub_labels': 'other', 'sub_labels_conf': 0.9341167211532593, 'id': 8}, {'box': [183.36871337890625, 557.50390625, 108.18788146972656, 242.50942993164062], 'conf': 0.7469833, 'label_id': 'person', 'sub_labels': 'other', 'sub_labels_conf': 0.8678946495056152, 'id': 9}, {'box': [1770.618896484375, 553.4063720703125, 103.8948974609375, 223.28399658203125], 'conf': 0.65236336, 'label_id': 'person', 'sub_labels': 'other', 'sub_labels_conf': 0.999958872795105, 'id': 11}, {'box': [402.72265625, 539.1159057617188, 99.76528930664062, 253.3250732421875], 'conf': 0.76451874, 'label_id': 'person', 'sub_labels': 'other', 'sub_labels_conf': 0.9699389338493347, 'id': 12}, {'box': [1285.584716796875, 403.23126220703125, 81.5400390625, 230.83544921875], 'conf': 0.7485537, 'label_id': 'person', 'sub_labels': 'other', 'sub_labels_conf': 0.9917181730270386, 'id': 13}, {'box': [1617.929931640625, 361.9857177734375, 110.1217041015625, 195.540283203125], 'conf': 0.5410302, 'label_id': 'person', 'sub_labels': 'other', 'sub_labels_conf': 0.9993805885314941, 'id': 15}]"
18,2024/5/22 Wednesday 0:0:0,"[{'box': [1202.71875, 418.3013000488281, 106.6119384765625, 268.91326904296875], 'conf': 0.8441686, 'label_id': 'person', 'sub_labels': 'other', 'sub_labels_conf': 0.9988014698028564, 'id': 1}, {'box': [271.27294921875, 551.773681640625, 128.06594848632812, 275.2414855957031], 'conf': 0.87047106, 'label_id': 'person', 'sub_labels': 'other', 'sub_labels_conf': 0.9999375343322754, 'id': 2}, {'box': [1479.4619140625, 491.0297546386719, 138.0899658203125, 266.10736083984375], 'conf': 0.7637727, 'label_id': 'person', 'sub_labels': 'other', 'sub_labels_conf': 0.9980087876319885, 'id': 3}, {'box': [1580.2376708984375, 566.8446655273438, 149.715576171875, 287.48681640625], 'conf': 0.5469633, 'label_id': 'person', 'sub_labels': 'not_human', 'sub_labels_conf': 0.650745153427124, 'id': 4}, {'box': [334.0327453613281, 559.6870727539062, 106.341064453125, 241.86874389648438], 'conf': 0.8316776, 'label_id': 'person', 'sub_labels': 'other', 'sub_labels_conf': 0.9959665536880493, 'id': 5}, {'box': [1199.106201171875, 265.24224853515625, 71.8902587890625, 139.98794555664062], 'conf': 0.63775915, 'label_id': 'person', 'sub_labels': 'other', 'sub_labels_conf': 0.9972776770591736, 'id': 6}, {'box': [94.21546936035156, 637.9048461914062, 151.63143920898438, 289.1463928222656], 'conf': 0.8098957, 'label_id': 'person', 'sub_labels': 'other', 'sub_labels_conf': 0.9985062479972839, 'id': 7}, {'box': [499.4660339355469, 500.73553466796875, 115.96917724609375, 319.7884521484375], 'conf': 0.74856806, 'label_id': 'person', 'sub_labels': 'other', 'sub_labels_conf': 0.9293355941772461, 'id': 8}, {'box': [182.3726348876953, 557.9172973632812, 105.52557373046875, 241.41653442382812], 'conf': 0.7603075, 'label_id': 'person', 'sub_labels': 'other', 'sub_labels_conf': 0.8703311085700989, 'id': 9}, {'box': [1766.486328125, 549.766357421875, 101.9871826171875, 222.47457885742188], 'conf': 0.55964017, 'label_id': 'person', 'sub_labels': 'other', 'sub_labels_conf': 0.9999831914901733, 'id': 11}, {'box': [403.42510986328125, 538.6237182617188, 98.99850463867188, 253.31063842773438], 'conf': 0.747162, 'label_id': 'person', 'sub_labels': 'other', 'sub_labels_conf': 0.9410254955291748, 'id': 12}, {'box': [1280.88916015625, 401.2738342285156, 76.0948486328125, 229.30975341796875], 'conf': 0.68049186, 'label_id': 'person', 'sub_labels': 'other', 'sub_labels_conf': 0.9984184503555298, 'id': 13}, {'box': [1617.697998046875, 362.37640380859375, 109.498291015625, 195.98880004882812], 'conf': 0.54751486, 'label_id': 'person', 'sub_labels': 'other', 'sub_labels_conf': 0.9984773993492126, 'id': 15}]"
19,2024/5/22 Wednesday 0:0:0,"[{'box': [1191.032470703125, 415.41680908203125, 98.830322265625, 258.4478759765625], 'conf': 0.7002001, 'label_id': 'person', 'sub_labels': 'other', 'sub_labels_conf': 0.9988982677459717, 'id': 1}, {'box': [271.26190185546875, 551.7533569335938, 128.10592651367188, 275.3668212890625], 'conf': 0.87022865, 'label_id': 'person', 'sub_labels': 'other', 'sub_labels_conf': 0.9999508857727051, 'id': 2}, {'box': [1470.7880859375, 490.574951171875, 137.214111328125, 267.1327819824219], 'conf': 0.7984246, 'label_id': 'person', 'sub_labels': 'other', 'sub_labels_conf': 0.9967697858810425, 'id': 3}, {'box': [1568.2105712890625, 568.21337890625, 158.574462890625, 285.5460510253906], 'conf': 0.8665675, 'label_id': 'person', 'sub_labels': 'other', 'sub_labels_conf': 0.49044427275657654, 'id': 4}, {'box': [334.3619384765625, 559.783447265625, 106.94381713867188, 241.44973754882812], 'conf': 0.83466893, 'label_id': 'person', 'sub_labels': 'other', 'sub_labels_conf': 0.9956588745117188, 'id': 5}, {'box': [1199.49365234375, 259.7344970703125, 71.1761474609375, 129.00729370117188], 'conf': 0.7562697, 'label_id': 'person', 'sub_labels': 'other', 'sub_labels_conf': 0.9886034727096558, 'id': 6}, {'box': [94.29259490966797, 637.4166259765625, 151.97203063964844, 289.43609619140625], 'conf': 0.8095349, 'label_id': 'person', 'sub_labels': 'other', 'sub_labels_conf': 0.998553454875946, 'id': 7}, {'box': [499.46710205078125, 501.3522033691406, 116.14877319335938, 318.79022216796875], 'conf': 0.7542022, 'label_id': 'person', 'sub_labels': 'other', 'sub_labels_conf': 0.9354928135871887, 'id': 8}, {'box': [181.58840942382812, 557.629638671875, 102.51889038085938, 240.37921142578125], 'conf': 0.76557297, 'label_id': 'person', 'sub_labels': 'other', 'sub_labels_conf': 0.6083584427833557, 'id': 9}, {'box': [1764.03662109375, 546.8017578125, 99.039306640625, 220.91851806640625], 'conf': 0.65723455, 'label_id': 'person', 'sub_labels': 'other', 'sub_labels_conf': 0.9998483657836914, 'id': 11}, {'box': [404.8409729003906, 537.8660278320312, 100.26812744140625, 253.445556640625], 'conf': 0.7560619, 'label_id': 'person', 'sub_labels': 'other', 'sub_labels_conf': 0.9713649749755859, 'id': 12}, {'box': [1270.079833984375, 401.06805419921875, 87.62353515625, 228.58389282226562], 'conf': 0.3396889, 'label_id': 'person', 'sub_labels': 'other', 'sub_labels_conf': 0.9947229623794556, 'id': 13}, {'box': [1618.317138671875, 362.31890869140625, 112.879150390625, 195.62530517578125], 'conf': 0.48214033, 'label_id': 'person', 'sub_labels': 'other', 'sub_labels_conf': 0.9986006617546082, 'id': 15}]"
20,2024/5/22 Wednesday 0:0:0,"[{'box': [1180.066162109375, 412.1585693359375, 92.9002685546875, 257.4744567871094], 'conf': 0.77560514, 'label_id': 'person', 'sub_labels': 'other', 'sub_labels_conf': 0.9983605742454529, 'id': 1}, {'box': [271.2467956542969, 551.7435302734375, 128.1857452392578, 275.3890380859375], 'conf': 0.8704624, 'label_id': 'person', 'sub_labels': 'other', 'sub_labels_conf': 0.9999488592147827, 'id': 2}, {'box': [1467.0247802734375, 487.82611083984375, 128.34326171875, 273.8755798339844], 'conf': 0.7506262, 'label_id': 'person', 'sub_labels': 'other', 'sub_labels_conf': 0.9985949397087097, 'id': 3}, {'box': [1560.568603515625, 567.81982421875, 162.4482421875, 288.3377685546875], 'conf': 0.8602675, 'label_id': 'person', 'sub_labels': 'other', 'sub_labels_conf': 0.5086215734481812, 'id': 4}, {'box': [334.49822998046875, 559.788330078125, 107.2625732421875, 241.41082763671875], 'conf': 0.8441076, 'label_id': 'person', 'sub_labels': 'other', 'sub_labels_conf': 0.9958627223968506, 'id': 5}, {'box': [1200.094482421875, 254.7438507080078, 71.2919921875, 120.78933715820312], 'conf': 0.6995822, 'label_id': 'person', 'sub_labels': 'other', 'sub_labels_conf': 0.9880030155181885, 'id': 6}, {'box': [94.16181945800781, 637.0007934570312, 152.03179931640625, 288.6651611328125], 'conf': 0.8075909, 'label_id': 'person', 'sub_labels': 'other', 'sub_labels_conf': 0.9987026453018188, 'id': 7}, {'box': [499.52618408203125, 501.33349609375, 116.0548095703125, 318.3173828125], 'conf': 0.75553656, 'label_id': 'person', 'sub_labels': 'other', 'sub_labels_conf': 0.94292151927948, 'id': 8}, {'box': [181.2836456298828, 557.4869995117188, 101.32666015625, 239.71389770507812], 'conf': 0.7623001, 'label_id': 'person', 'sub_labels': 'other', 'sub_labels_conf': 0.7350591421127319, 'id': 9}, {'box': [1765.052001953125, 544.0891723632812, 95.8232421875, 220.469970703125], 'conf': 0.72826153, 'label_id': 'person', 'sub_labels': 'other', 'sub_labels_conf': 0.9996989965438843, 'id': 11}, {'box': [405.0714111328125, 537.6757202148438, 100.52645874023438, 253.5152587890625], 'conf': 0.749476, 'label_id': 'person', 'sub_labels': 'other', 'sub_labels_conf': 0.9656811952590942, 'id': 12}, {'box': [1267.209716796875, 400.9046630859375, 83.99267578125, 230.75790405273438], 'conf': 0.6929629, 'label_id': 'person', 'sub_labels': 'other', 'sub_labels_conf': 0.9956040382385254, 'id': 13}, {'box': [1628.1839599609375, 362.2331848144531, 134.541015625, 195.15472412109375], 'conf': 0.5448542, 'label_id': 'person', 'sub_labels': 'other', 'sub_labels_conf': 0.9987420439720154, 'id': 15}]"
21,2024/5/22 Wednesday 0:0:0,"[{'box': [1170.65869140625, 409.9171142578125, 90.6517333984375, 258.2300720214844], 'conf': 0.81920147, 'label_id': 'person', 'sub_labels': 'other', 'sub_labels_conf': 0.9968976974487305, 'id': 1}, {'box': [271.2354736328125, 551.648193359375, 128.1229248046875, 275.50592041015625], 'conf': 0.8693438, 'label_id': 'person', 'sub_labels': 'other', 'sub_labels_conf': 0.9999395608901978, 'id': 2}, {'box': [1465.689697265625, 486.9944763183594, 117.005615234375, 274.14569091796875], 'conf': 0.78757954, 'label_id': 'person', 'sub_labels': 'other', 'sub_labels_conf': 0.9988225102424622, 'id': 3}, {'box': [1553.7789306640625, 566.853515625, 162.85595703125, 288.41278076171875], 'conf': 0.8573081, 'label_id': 'person', 'sub_labels': 'other', 'sub_labels_conf': 0.6045579314231873, 'id': 4}, {'box': [334.9071044921875, 559.6146240234375, 107.26358032226562, 241.67437744140625], 'conf': 0.8416362, 'label_id': 'person', 'sub_labels': 'other', 'sub_labels_conf': 0.9944354295730591, 'id': 5}, {'box': [1200.4208984375, 251.74517822265625, 71.8482666015625, 114.9375], 'conf': 0.71418315, 'label_id': 'person', 'sub_labels': 'other', 'sub_labels_conf': 0.9951037168502808, 'id': 6}, {'box': [94.01319885253906, 637.0430908203125, 152.09783935546875, 288.09136962890625], 'conf': 0.809667, 'label_id': 'person', 'sub_labels': 'other', 'sub_labels_conf': 0.9992008805274963, 'id': 7}, {'box': [500.05413818359375, 501.8045654296875, 116.6080322265625, 318.998046875], 'conf': 0.7539807, 'label_id': 'person', 'sub_labels': 'other', 'sub_labels_conf': 0.9512960910797119, 'id': 8}, {'box': [180.8883514404297, 557.4918823242188, 100.25155639648438, 239.3824462890625], 'conf': 0.7667032, 'label_id': 'person', 'sub_labels': 'other', 'sub_labels_conf': 0.7526259422302246, 'id': 9}, {'box': [1766.08056640625, 541.37353515625, 93.9293212890625, 220.89895629882812], 'conf': 0.82841164, 'label_id': 'person', 'sub_labels': 'other', 'sub_labels_conf': 0.9999039173126221, 'id': 11}, {'box': [405.0426025390625, 537.806396484375, 100.39447021484375, 253.52618408203125], 'conf': 0.7320588, 'label_id': 'person', 'sub_labels': 'other', 'sub_labels_conf': 0.9685574173927307, 'id': 12}, {'box': [1263.939453125, 399.70294189453125, 86.5732421875, 231.62625122070312], 'conf': 0.66065246, 'label_id': 'person', 'sub_labels': 'other', 'sub_labels_conf': 0.9780725240707397, 'id': 13}, {'box': [1632.6871337890625, 360.40887451171875, 145.18115234375, 191.82705688476562], 'conf': 0.64197147, 'label_id': 'person', 'sub_labels': 'other', 'sub_labels_conf': 0.9945665597915649, 'id': 15}]"
22,2024/5/22 Wednesday 0:0:0,"[{'box': [1162.8316650390625, 407.1173400878906, 93.389404296875, 261.72100830078125], 'conf': 0.84258276, 'label_id': 'person', 'sub_labels': 'other', 'sub_labels_conf': 0.9977588653564453, 'id': 1}, {'box': [271.2883605957031, 551.8495483398438, 128.0009765625, 275.1809997558594], 'conf': 0.8670819, 'label_id': 'person', 'sub_labels': 'other', 'sub_labels_conf': 0.9998855590820312, 'id': 2}, {'box': [1462.974365234375, 483.068603515625, 111.3582763671875, 275.1423034667969], 'conf': 0.80846524, 'label_id': 'person', 'sub_labels': 'other', 'sub_labels_conf': 0.9988870024681091, 'id': 3}, {'box': [1548.8304443359375, 565.8765869140625, 160.890625, 291.307861328125], 'conf': 0.87554365, 'label_id': 'person', 'sub_labels': 'other', 'sub_labels_conf': 0.7449750304222107, 'id': 4}, {'box': [334.81732177734375, 559.64501953125, 107.11428833007812, 241.57806396484375], 'conf': 0.8484474, 'label_id': 'person', 'sub_labels': 'other', 'sub_labels_conf': 0.9965285658836365, 'id': 5}, {'box': [1200.28076171875, 251.78765869140625, 73.9161376953125, 114.60362243652344], 'conf': 0.6531207, 'label_id': 'person', 'sub_labels': 'other', 'sub_labels_conf': 0.9870505332946777, 'id': 6}, {'box': [94.02193450927734, 636.6490478515625, 153.1925506591797, 289.8291015625], 'conf': 0.80965626, 'label_id': 'person', 'sub_labels': 'other', 'sub_labels_conf': 0.9986456036567688, 'id': 7}, {'box': [500.4549865722656, 501.9772644042969, 116.84722900390625, 319.38018798828125], 'conf': 0.7361388, 'label_id': 'person', 'sub_labels': 'other', 'sub_labels_conf': 0.9348995685577393, 'id': 8}, {'box': [180.68301391601562, 557.6311645507812, 99.41970825195312, 239.17410278320312], 'conf': 0.7594758, 'label_id': 'person', 'sub_labels': 'other', 'sub_labels_conf': 0.7301031351089478, 'id': 9}, {'box': [1763.2603759765625, 540.9944458007812, 100.25927734375, 220.31619262695312], 'conf': 0.8131359, 'label_id': 'person', 'sub_labels': 'other', 'sub_labels_conf': 0.9999760389328003, 'id': 11}, {'box': [406.4321594238281, 537.865478515625, 99.16070556640625, 253.56423950195312], 'conf': 0.7336027, 'label_id': 'person', 'sub_labels': 'other', 'sub_labels_conf': 0.9531523585319519, 'id': 12}, {'box': [1260.8873291015625, 399.11651611328125, 88.38232421875, 231.83908081054688], 'conf': 0.7471053, 'label_id': 'person', 'sub_labels': 'other', 'sub_labels_conf': 0.9527624249458313, 'id': 13}, {'box': [1635.031005859375, 356.3553466796875, 147.0635986328125, 183.57626342773438], 'conf': 0.53690445, 'label_id': 'person', 'sub_labels': 'other', 'sub_labels_conf': 0.997289776802063, 'id': 15}]"
23,2024/5/22 Wednesday 0:0:0,"[{'box': [1151.205078125, 402.6949462890625, 100.9224853515625, 265.0255432128906], 'conf': 0.85637355, 'label_id': 'person', 'sub_labels': 'other', 'sub_labels_conf': 0.9991220831871033, 'id': 1}, {'box': [271.31622314453125, 551.6002807617188, 128.10885620117188, 275.7290344238281], 'conf': 0.86980355, 'label_id': 'person', 'sub_labels': 'other', 'sub_labels_conf': 0.9998892545700073, 'id': 2}, {'box': [1461.1856689453125, 479.28076171875, 107.377685546875, 276.8900146484375], 'conf': 0.7970542, 'label_id': 'person', 'sub_labels': 'other', 'sub_labels_conf': 0.9970574378967285, 'id': 3}, {'box': [1543.84521484375, 561.9037475585938, 157.759033203125, 298.9234924316406], 'conf': 0.8379938, 'label_id': 'person', 'sub_labels': 'other', 'sub_labels_conf': 0.76218181848526, 'id': 4}, {'box': [334.70733642578125, 559.4935913085938, 106.75979614257812, 241.2509765625], 'conf': 0.8447037, 'label_id': 'person', 'sub_labels': 'other', 'sub_labels_conf': 0.9962813258171082, 'id': 5}, {'box': [1201.55859375, 250.0129852294922, 73.1917724609375, 112.05947875976562], 'conf': 0.7188101, 'label_id': 'person', 'sub_labels': 'other', 'sub_labels_conf': 0.9951165914535522, 'id': 6}, {'box': [94.14752960205078, 636.274169921875, 153.34901428222656, 291.6503601074219], 'conf': 0.81298035, 'label_id': 'person', 'sub_labels': 'other', 'sub_labels_conf': 0.9982035160064697, 'id': 7}, {'box': [500.83807373046875, 502.42999267578125, 117.82034301757812, 319.8568420410156], 'conf': 0.7413812, 'label_id': 'person', 'sub_labels': 'other', 'sub_labels_conf': 0.9496700167655945, 'id': 8}, {'box': [181.1053466796875, 558.2291259765625, 100.48274230957031, 238.92572021484375], 'conf': 0.7505463, 'label_id': 'person', 'sub_labels': 'other', 'sub_labels_conf': 0.7413140535354614, 'id': 9}, {'box': [1752.0220947265625, 538.4931030273438, 97.3076171875, 219.29345703125], 'conf': 0.6533323, 'label_id': 'person', 'sub_labels': 'other', 'sub_labels_conf': 0.9998660087585449, 'id': 11}, {'box': [407.26214599609375, 537.90283203125, 97.59857177734375, 253.07275390625], 'conf': 0.7497054, 'label_id': 'person', 'sub_labels': 'other', 'sub_labels_conf': 0.9198836088180542, 'id': 12}, {'box': [1258.814453125, 398.78759765625, 88.9339599609375, 233.16171264648438], 'conf': 0.77536577, 'label_id': 'person', 'sub_labels': 'other', 'sub_labels_conf': 0.9595110416412354, 'id': 13}, {'box': [1638.4656982421875, 352.10498046875, 140.004150390625, 174.991943359375], 'conf': 0.24303006, 'label_id': 'person', 'sub_labels': 'other', 'sub_labels_conf': 0.9984442591667175, 'id': 15}]"
24,2024/5/22 Wednesday 0:0:0,"[{'box': [1143.06103515625, 401.05401611328125, 106.5316162109375, 265.0268859863281], 'conf': 0.776408, 'label_id': 'person', 'sub_labels': 'other', 'sub_labels_conf': 0.9988634586334229, 'id': 1}, {'box': [271.1725158691406, 551.498046875, 127.8704833984375, 275.88018798828125], 'conf': 0.8678099, 'label_id': 'person', 'sub_labels': 'other', 'sub_labels_conf': 0.9998822212219238, 'id': 2}, {'box': [1460.6875, 477.1214904785156, 107.9510498046875, 278.81256103515625], 'conf': 0.72925526, 'label_id': 'person', 'sub_labels': 'other', 'sub_labels_conf': 0.9985394477844238, 'id': 3}, {'box': [1540.37841796875, 561.1204833984375, 157.5391845703125, 296.9744873046875], 'conf': 0.87384826, 'label_id': 'person', 'sub_labels': 'other', 'sub_labels_conf': 0.7887068390846252, 'id': 4}, {'box': [334.5342102050781, 559.3505249023438, 106.4361572265625, 240.9967041015625], 'conf': 0.8363364, 'label_id': 'person', 'sub_labels': 'other', 'sub_labels_conf': 0.9960179924964905, 'id': 5}, {'box': [1202.193115234375, 249.4270782470703, 72.12744140625, 111.19265747070312], 'conf': 0.6743496, 'label_id': 'person', 'sub_labels': 'other', 'sub_labels_conf': 0.9954008460044861, 'id': 6}, {'box': [93.88301849365234, 635.6659545898438, 153.7485809326172, 291.7959289550781], 'conf': 0.8152903, 'label_id': 'person', 'sub_labels': 'other', 'sub_labels_conf': 0.99847012758255, 'id': 7}, {'box': [500.23992919921875, 502.3480224609375, 115.5989990234375, 318.9068908691406], 'conf': 0.73642194, 'label_id': 'person', 'sub_labels': 'other', 'sub_labels_conf': 0.9323610663414001, 'id': 8}, {'box': [181.34646606445312, 558.5278930664062, 100.79635620117188, 238.6292724609375], 'conf': 0.7488764, 'label_id': 'person', 'sub_labels': 'other', 'sub_labels_conf': 0.7499332427978516, 'id': 9}, {'box': [1742.003173828125, 536.6240234375, 101.8670654296875, 218.41323852539062], 'conf': 0.7396368, 'label_id': 'person', 'sub_labels': 'other', 'sub_labels_conf': 0.9992659687995911, 'id': 11}, {'box': [407.7342529296875, 537.8883056640625, 96.01040649414062, 252.87753295898438], 'conf': 0.75341886, 'label_id': 'person', 'sub_labels': 'other', 'sub_labels_conf': 0.935222864151001, 'id': 12}, {'box': [1257.9554443359375, 397.0211181640625, 89.94091796875, 235.91293334960938], 'conf': 0.8104095, 'label_id': 'person', 'sub_labels': 'other', 'sub_labels_conf': 0.949012041091919, 'id': 13}, {'box': [1635.3060302734375, 346.3558349609375, 127.276123046875, 163.08575439453125], 'conf': 0.45234707, 'label_id': 'person', 'sub_labels': 'other', 'sub_labels_conf': 0.9965353012084961, 'id': 15}]"
25,2024/5/22 Wednesday 0:0:1,"[{'box': [1139.149169921875, 400.9444580078125, 107.6319580078125, 264.5788269042969], 'conf': 0.81809795, 'label_id': 'person', 'sub_labels': 'other', 'sub_labels_conf': 0.9979610443115234, 'id': 1}, {'box': [271.14727783203125, 551.4476928710938, 127.90542602539062, 276.0023193359375], 'conf': 0.8689364, 'label_id': 'person', 'sub_labels': 'other', 'sub_labels_conf': 0.9998675584793091, 'id': 2}, {'box': [1459.2503662109375, 470.0711364746094, 99.342529296875, 250.46881103515625], 'conf': 0.71631444, 'label_id': 'person', 'sub_labels': 'other', 'sub_labels_conf': 0.9995405673980713, 'id': 3}, {'box': [1538.123291015625, 558.2654418945312, 154.0755615234375, 297.0337829589844], 'conf': 0.81723136, 'label_id': 'person', 'sub_labels': 'other', 'sub_labels_conf': 0.9327595829963684, 'id': 4}, {'box': [334.2671203613281, 559.2819213867188, 105.8243408203125, 240.83737182617188], 'conf': 0.8297483, 'label_id': 'person', 'sub_labels': 'other', 'sub_labels_conf': 0.997364342212677, 'id': 5}, {'box': [1202.33935546875, 246.56149291992188, 71.5728759765625, 105.935546875], 'conf': 0.6180548, 'label_id': 'person', 'sub_labels': 'other', 'sub_labels_conf': 0.9964308738708496, 'id': 6}, {'box': [93.5782470703125, 635.1889038085938, 153.34591674804688, 291.953857421875], 'conf': 0.81734973, 'label_id': 'person', 'sub_labels': 'other', 'sub_labels_conf': 0.9984684586524963, 'id': 7}, {'box': [499.7187194824219, 502.74151611328125, 114.29937744140625, 318.3736267089844], 'conf': 0.74102765, 'label_id': 'person', 'sub_labels': 'other', 'sub_labels_conf': 0.9356266856193542, 'id': 8}, {'box': [181.63601684570312, 558.745849609375, 101.00129699707031, 238.48870849609375], 'conf': 0.7586681, 'label_id': 'person', 'sub_labels': 'other', 'sub_labels_conf': 0.7602633833885193, 'id': 9}, {'box': [1732.0655517578125, 534.2777099609375, 113.976806640625, 216.42208862304688], 'conf': 0.7775031, 'label_id': 'person', 'sub_labels': 'other', 'sub_labels_conf': 0.9999715089797974, 'id': 11}, {'box': [407.20550537109375, 538.4613037109375, 95.42056274414062, 251.96209716796875], 'conf': 0.7477008, 'label_id': 'person', 'sub_labels': 'other', 'sub_labels_conf': 0.9256823062896729, 'id': 12}, {'box': [1254.242919921875, 394.2945251464844, 88.349853515625, 235.66571044921875], 'conf': 0.7630113, 'label_id': 'person', 'sub_labels': 'other', 'sub_labels_conf': 0.9655904769897461, 'id': 13}, {'box': [1629.077880859375, 341.655517578125, 107.4871826171875, 155.35061645507812], 'conf': 0.5269352, 'label_id': 'person', 'sub_labels': 'other', 'sub_labels_conf': 0.9944459199905396, 'id': 15}, {'box': [1708.4354248046875, 416.32684326171875, 66.758544921875, 189.21054077148438], 'conf': 0.6059194, 'label_id': 'person', 'sub_labels': 'other', 'sub_labels_conf': 0.9313138127326965, 'id': 16}]"
26,2024/5/22 Wednesday 0:0:1,"[{'box': [1134.2177734375, 400.0996398925781, 114.5245361328125, 262.70086669921875], 'conf': 0.77492, 'label_id': 'person', 'sub_labels': 'other', 'sub_labels_conf': 0.9966599941253662, 'id': 1}, {'box': [271.2103576660156, 551.38720703125, 127.93821716308594, 276.18658447265625], 'conf': 0.87098795, 'label_id': 'person', 'sub_labels': 'other', 'sub_labels_conf': 0.9998935461044312, 'id': 2}, {'box': [1456.658203125, 466.9376525878906, 94.001953125, 241.27447509765625], 'conf': 0.6882429, 'label_id': 'person', 'sub_labels': 'other', 'sub_labels_conf': 0.9988948702812195, 'id': 3}, {'box': [1536.991943359375, 558.4049682617188, 151.1312255859375, 296.83447265625], 'conf': 0.81033975, 'label_id': 'person', 'sub_labels': 'other', 'sub_labels_conf': 0.8035110831260681, 'id': 4}, {'box': [334.1953125, 558.9275512695312, 105.17813110351562, 240.7626953125], 'conf': 0.8262496, 'label_id': 'person', 'sub_labels': 'other', 'sub_labels_conf': 0.9986888766288757, 'id': 5}, {'box': [1202.318603515625, 252.99771118164062, 71.5430908203125, 118.21006774902344], 'conf': 0.4140589, 'label_id': 'person', 'sub_labels': 'other', 'sub_labels_conf': 0.9949930310249329, 'id': 6}, {'box': [92.4488525390625, 635.572265625, 151.72695922851562, 293.4169921875], 'conf': 0.82069045, 'label_id': 'person', 'sub_labels': 'other', 'sub_labels_conf': 0.9991766810417175, 'id': 7}, {'box': [499.67919921875, 503.05224609375, 113.75350952148438, 316.9185791015625], 'conf': 0.72524697, 'label_id': 'person', 'sub_labels': 'other', 'sub_labels_conf': 0.9529038667678833, 'id': 8}, {'box': [181.377197265625, 558.353271484375, 98.58969116210938, 238.23391723632812], 'conf': 0.7827554, 'label_id': 'person', 'sub_labels': 'other', 'sub_labels_conf': 0.8633957505226135, 'id': 9}, {'box': [1728.52783203125, 534.0819091796875, 110.9134521484375, 216.17742919921875], 'conf': 0.7995328, 'label_id': 'person', 'sub_labels': 'other', 'sub_labels_conf': 0.9999239444732666, 'id': 11}, {'box': [408.080810546875, 537.7559814453125, 94.20669555664062, 252.08334350585938], 'conf': 0.7519605, 'label_id': 'person', 'sub_labels': 'other', 'sub_labels_conf': 0.916795551776886, 'id': 12}, {'box': [1253.06640625, 392.683837890625, 90.4525146484375, 234.45852661132812], 'conf': 0.7401321, 'label_id': 'person', 'sub_labels': 'other', 'sub_labels_conf': 0.9500652551651001, 'id': 13}, {'box': [1624.53759765625, 340.3594055175781, 99.5936279296875, 153.9736328125], 'conf': 0.5641679, 'label_id': 'person', 'sub_labels': 'other', 'sub_labels_conf': 0.9991177916526794, 'id': 15}, {'box': [1708.067626953125, 418.2955322265625, 65.9329833984375, 186.78701782226562], 'conf': 0.414923, 'label_id': 'person', 'sub_labels': 'other', 'sub_labels_conf': 0.8911131024360657, 'id': 16}]"
27,2024/5/22 Wednesday 0:0:1,"[{'box': [1130.4022216796875, 399.73492431640625, 114.281982421875, 262.3567810058594], 'conf': 0.80392456, 'label_id': 'person', 'sub_labels': 'other', 'sub_labels_conf': 0.9950915575027466, 'id': 1}, {'box': [271.1556701660156, 551.6068115234375, 128.1957550048828, 275.963134765625], 'conf': 0.8742427, 'label_id': 'person', 'sub_labels': 'other', 'sub_labels_conf': 0.9999041557312012, 'id': 2}, {'box': [1450.9942626953125, 464.674072265625, 85.2275390625, 236.49246215820312], 'conf': 0.4662399, 'label_id': 'person', 'sub_labels': 'other', 'sub_labels_conf': 0.9997910857200623, 'id': 3}, {'box': [1529.86572265625, 552.6474609375, 136.117431640625, 287.1132507324219], 'conf': 0.72989076, 'label_id': 'person', 'sub_labels': 'other', 'sub_labels_conf': 0.797711193561554, 'id': 4}, {'box': [334.2254333496094, 558.6608276367188, 105.0753173828125, 240.28280639648438], 'conf': 0.8351596, 'label_id': 'person', 'sub_labels': 'other', 'sub_labels_conf': 0.9985148310661316, 'id': 5}, {'box': [1202.43603515625, 252.3868865966797, 70.5975341796875, 117.11282348632812], 'conf': 0.24339521, 'label_id': 'person', 'sub_labels': 'other', 'sub_labels_conf': 0.9907936453819275, 'id': 6}, {'box': [91.36656188964844, 636.2957153320312, 150.2164306640625, 291.438720703125], 'conf': 0.81371737, 'label_id': 'person', 'sub_labels': 'other', 'sub_labels_conf': 0.9993299245834351, 'id': 7}, {'box': [499.4920654296875, 504.39398193359375, 113.01217651367188, 312.5321044921875], 'conf': 0.7264703, 'label_id': 'person', 'sub_labels': 'other', 'sub_labels_conf': 0.9599013924598694, 'id': 8}, {'box': [181.4735107421875, 557.9483032226562, 97.95724487304688, 237.747314453125], 'conf': 0.7816446, 'label_id': 'person', 'sub_labels': 'other', 'sub_labels_conf': 0.8889102935791016, 'id': 9}, {'box': [1722.42236328125, 533.6856689453125, 112.1282958984375, 215.17398071289062], 'conf': 0.76636624, 'label_id': 'person', 'sub_labels': 'other', 'sub_labels_conf': 0.9999182224273682, 'id': 11}, {'box': [407.1737365722656, 538.7232666015625, 95.81365966796875, 251.29034423828125], 'conf': 0.7498102, 'label_id': 'person', 'sub_labels': 'other', 'sub_labels_conf': 0.9439062476158142, 'id': 12}, {'box': [1246.1650390625, 389.2471923828125, 83.6551513671875, 232.93527221679688], 'conf': 0.32406768, 'label_id': 'person', 'sub_labels': 'other', 'sub_labels_conf': 0.968887448310852, 'id': 13}, {'box': [1623.55224609375, 349.7744140625, 96.4622802734375, 174.8507080078125], 'conf': 0.5978672, 'label_id': 'person', 'sub_labels': 'other', 'sub_labels_conf': 0.9997950196266174, 'id': 15}, {'box': [1707.69775390625, 419.2386474609375, 66.1217041015625, 186.36300659179688], 'conf': 0.2962657, 'label_id': 'person', 'sub_labels': 'other', 'sub_labels_conf': 0.9654629230499268, 'id': 16}]"
28,2024/5/22 Wednesday 0:0:1,"[{'box': [1126.4425048828125, 398.8436584472656, 113.564697265625, 261.98455810546875], 'conf': 0.8081079, 'label_id': 'person', 'sub_labels': 'other', 'sub_labels_conf': 0.9939084053039551, 'id': 1}, {'box': [271.0728759765625, 551.6954956054688, 128.45635986328125, 276.0047607421875], 'conf': 0.8696645, 'label_id': 'person', 'sub_labels': 'other', 'sub_labels_conf': 0.999895453453064, 'id': 2}, {'box': [1525.259033203125, 546.5768432617188, 127.4755859375, 280.5406494140625], 'conf': 0.7069672, 'label_id': 'person', 'sub_labels': 'other', 'sub_labels_conf': 0.9252644777297974, 'id': 4}, {'box': [334.4024658203125, 558.58984375, 105.09149169921875, 239.5831298828125], 'conf': 0.8420898, 'label_id': 'person', 'sub_labels': 'other', 'sub_labels_conf': 0.9989198446273804, 'id': 5}, {'box': [90.50625610351562, 639.2719116210938, 149.1265869140625, 284.1354064941406], 'conf': 0.8009204, 'label_id': 'person', 'sub_labels': 'other', 'sub_labels_conf': 0.9994401335716248, 'id': 7}, {'box': [499.40478515625, 504.11944580078125, 111.80953979492188, 311.9415283203125], 'conf': 0.74172366, 'label_id': 'person', 'sub_labels': 'other', 'sub_labels_conf': 0.9404206871986389, 'id': 8}, {'box': [181.61224365234375, 557.7948608398438, 97.61283874511719, 237.39474487304688], 'conf': 0.8057279, 'label_id': 'person', 'sub_labels': 'other', 'sub_labels_conf': 0.8851290345191956, 'id': 9}, {'box': [1715.482177734375, 533.9718017578125, 118.7025146484375, 218.63955688476562], 'conf': 0.7121232, 'label_id': 'person', 'sub_labels': 'other', 'sub_labels_conf': 0.9996883869171143, 'id': 11}, {'box': [407.914794921875, 537.673583984375, 96.51895141601562, 252.44219970703125], 'conf': 0.75627446, 'label_id': 'person', 'sub_labels': 'other', 'sub_labels_conf': 0.9770916104316711, 'id': 12}, {'box': [1227.994873046875, 360.129150390625, 102.8272705078125, 279.52886962890625], 'conf': 0.6267952, 'label_id': 'person', 'sub_labels': 'other', 'sub_labels_conf': 0.9923229217529297, 'id': 13}, {'box': [1624.523193359375, 354.01959228515625, 93.6959228515625, 182.60104370117188], 'conf': 0.4925637, 'label_id': 'person', 'sub_labels': 'other', 'sub_labels_conf': 0.9994004964828491, 'id': 15}, {'box': [1712.7626953125, 421.89837646484375, 57.4305419921875, 187.21481323242188], 'conf': 0.1575373, 'label_id': 'person', 'sub_labels': 'other', 'sub_labels_conf': 0.8947688937187195, 'id': 16}]"
29,2024/5/22 Wednesday 0:0:1,"[{'box': [1120.663818359375, 397.121337890625, 113.0924072265625, 262.48486328125], 'conf': 0.81903374, 'label_id': 'person', 'sub_labels': 'other', 'sub_labels_conf': 0.9979473948478699, 'id': 1}, {'box': [271.0915832519531, 551.769287109375, 128.4879608154297, 276.060546875], 'conf': 0.87131286, 'label_id': 'person', 'sub_labels': 'other', 'sub_labels_conf': 0.9999023675918579, 'id': 2}, {'box': [1520.8536376953125, 548.4830322265625, 114.603759765625, 283.73260498046875], 'conf': 0.7894106, 'label_id': 'person', 'sub_labels': 'other', 'sub_labels_conf': 0.9661148190498352, 'id': 4}, {'box': [334.3501892089844, 558.5886840820312, 104.8431396484375, 239.05661010742188], 'conf': 0.83571583, 'label_id': 'person', 'sub_labels': 'other', 'sub_labels_conf': 0.9991031885147095, 'id': 5}, {'box': [90.04524993896484, 640.080322265625, 148.2427520751953, 280.67608642578125], 'conf': 0.7877442, 'label_id': 'person', 'sub_labels': 'other', 'sub_labels_conf': 0.9968281388282776, 'id': 7}, {'box': [499.240234375, 503.65435791015625, 111.9632568359375, 312.5738830566406], 'conf': 0.6654602, 'label_id': 'person', 'sub_labels': 'other', 'sub_labels_conf': 0.9524310827255249, 'id': 8}, {'box': [181.4097442626953, 557.7269287109375, 98.05264282226562, 237.48016357421875], 'conf': 0.7971408, 'label_id': 'person', 'sub_labels': 'other', 'sub_labels_conf': 0.8569591045379639, 'id': 9}, {'box': [1710.375732421875, 532.52978515625, 118.9256591796875, 221.96395874023438], 'conf': 0.7575587, 'label_id': 'person', 'sub_labels': 'other', 'sub_labels_conf': 0.9994714856147766, 'id': 11}, {'box': [408.0251770019531, 537.2181396484375, 96.50860595703125, 252.937255859375], 'conf': 0.7574495, 'label_id': 'person', 'sub_labels': 'other', 'sub_labels_conf': 0.9814460873603821, 'id': 12}, {'box': [1214.634765625, 349.1219787597656, 103.076171875, 294.86053466796875], 'conf': 0.75955904, 'label_id': 'person', 'sub_labels': 'other', 'sub_labels_conf': 0.9189355373382568, 'id': 13}, {'box': [1621.636962890625, 358.5045166015625, 98.7288818359375, 191.119384765625], 'conf': 0.54785657, 'label_id': 'person', 'sub_labels': 'other', 'sub_labels_conf': 0.9993865489959717, 'id': 15}, {'box': [1713.739501953125, 419.8182373046875, 54.7193603515625, 182.86740112304688], 'conf': 0.1789767, 'label_id': 'person', 'sub_labels': 'other', 'sub_labels_conf': 0.9418621063232422, 'id': 16}, {'box': [1430.0284423828125, 472.01080322265625, 98.59765625, 254.8121337890625], 'conf': 0.618437, 'label_id': 'person', 'sub_labels': 'other', 'sub_labels_conf': 0.9988871216773987, 'id': 3}]"
30,2024/5/22 Wednesday 0:0:1,"[{'box': [1117.8017578125, 395.59600830078125, 111.3680419921875, 261.0018005371094], 'conf': 0.8089164, 'label_id': 'person', 'sub_labels': 'other', 'sub_labels_conf': 0.996972918510437, 'id': 1}, {'box': [270.867431640625, 551.366455078125, 127.83406066894531, 276.9047546386719], 'conf': 0.86088836, 'label_id': 'person', 'sub_labels': 'other', 'sub_labels_conf': 0.9999182224273682, 'id': 2}, {'box': [1519.8760986328125, 548.8796997070312, 109.838134765625, 286.2842102050781], 'conf': 0.7843813, 'label_id': 'person', 'sub_labels': 'other', 'sub_labels_conf': 0.9915796518325806, 'id': 4}, {'box': [334.2033386230469, 557.6886596679688, 105.25775146484375, 237.752197265625], 'conf': 0.81871223, 'label_id': 'person', 'sub_labels': 'other', 'sub_labels_conf': 0.9987092018127441, 'id': 5}, {'box': [90.69449615478516, 639.33349609375, 148.8533172607422, 279.5799560546875], 'conf': 0.8286339, 'label_id': 'person', 'sub_labels': 'other', 'sub_labels_conf': 0.9989251494407654, 'id': 7}, {'box': [499.285400390625, 502.20697021484375, 111.93624877929688, 313.49609375], 'conf': 0.6378912, 'label_id': 'person', 'sub_labels': 'other', 'sub_labels_conf': 0.9106882214546204, 'id': 8}, {'box': [181.05459594726562, 557.9683837890625, 97.46794128417969, 237.1832275390625], 'conf': 0.82951164, 'label_id': 'person', 'sub_labels': 'other', 'sub_labels_conf': 0.8702583312988281, 'id': 9}, {'box': [1707.2908935546875, 531.6405029296875, 116.256591796875, 223.18099975585938], 'conf': 0.4729197, 'label_id': 'person', 'sub_labels': 'other', 'sub_labels_conf': 0.9992921352386475, 'id': 11}, {'box': [407.6206970214844, 537.2679443359375, 98.55926513671875, 253.17123413085938], 'conf': 0.75823456, 'label_id': 'person', 'sub_labels': 'other', 'sub_labels_conf': 0.9428249001502991, 'id': 12}, {'box': [1209.1153564453125, 343.8780517578125, 102.5625, 301.7990417480469], 'conf': 0.81176853, 'label_id': 'person', 'sub_labels': 'other', 'sub_labels_conf': 0.9800149202346802, 'id': 13}, {'box': [1632.31201171875, 357.5533447265625, 124.6654052734375, 190.96615600585938], 'conf': 0.5398334, 'label_id': 'person', 'sub_labels': 'other', 'sub_labels_conf': 0.9982871413230896, 'id': 15}, {'box': [1712.2095947265625, 419.829833984375, 56.922607421875, 184.14993286132812], 'conf': 0.26457176, 'label_id': 'person', 'sub_labels': 'other', 'sub_labels_conf': 0.820039689540863, 'id': 16}, {'box': [1426.0877685546875, 477.3500061035156, 100.291748046875, 255.37152099609375], 'conf': 0.7252267, 'label_id': 'person', 'sub_labels': 'other', 'sub_labels_conf': 0.9830603003501892, 'id': 3}]"
31,2024/5/22 Wednesday 0:0:1,"[{'box': [1114.379638671875, 394.2390441894531, 108.1160888671875, 262.64398193359375], 'conf': 0.86338586, 'label_id': 'person', 'sub_labels': 'other', 'sub_labels_conf': 0.997308611869812, 'id': 1}, {'box': [270.8136291503906, 551.3073120117188, 127.45823669433594, 276.977783203125], 'conf': 0.86327475, 'label_id': 'person', 'sub_labels': 'other', 'sub_labels_conf': 0.9999325275421143, 'id': 2}, {'box': [1517.4483642578125, 546.579345703125, 109.71875, 285.7976379394531], 'conf': 0.82749003, 'label_id': 'person', 'sub_labels': 'other', 'sub_labels_conf': 0.9853877425193787, 'id': 4}, {'box': [334.22930908203125, 557.8941650390625, 105.22640991210938, 238.06329345703125], 'conf': 0.83204645, 'label_id': 'person', 'sub_labels': 'other', 'sub_labels_conf': 0.9982258677482605, 'id': 5}, {'box': [91.51605224609375, 639.2874755859375, 150.65304565429688, 278.6176452636719], 'conf': 0.8261652, 'label_id': 'person', 'sub_labels': 'other', 'sub_labels_conf': 0.9977760910987854, 'id': 7}, {'box': [499.08819580078125, 501.75921630859375, 112.07894897460938, 313.8435974121094], 'conf': 0.6527836, 'label_id': 'person', 'sub_labels': 'other', 'sub_labels_conf': 0.9145287275314331, 'id': 8}, {'box': [180.8660430908203, 558.0186157226562, 97.5089111328125, 237.01010131835938], 'conf': 0.8204195, 'label_id': 'person', 'sub_labels': 'other', 'sub_labels_conf': 0.8104037046432495, 'id': 9}, {'box': [1704.60498046875, 528.062744140625, 111.9273681640625, 219.40966796875], 'conf': 0.73455405, 'label_id': 'person', 'sub_labels': 'other', 'sub_labels_conf': 0.9996945858001709, 'id': 11}, {'box': [407.5205078125, 536.9525146484375, 98.69021606445312, 252.73544311523438], 'conf': 0.7626257, 'label_id': 'person', 'sub_labels': 'other', 'sub_labels_conf': 0.8964018225669861, 'id': 12}, {'box': [1204.51953125, 342.04168701171875, 97.7725830078125, 305.11773681640625], 'conf': 0.7408761, 'label_id': 'person', 'sub_labels': 'other', 'sub_labels_conf': 0.9907237887382507, 'id': 13}, {'box': [1625.174072265625, 358.7462158203125, 115.2960205078125, 191.91580200195312], 'conf': 0.5491412, 'label_id': 'person', 'sub_labels': 'other', 'sub_labels_conf': 0.9990737438201904, 'id': 15}, {'box': [1710.23583984375, 421.8708801269531, 60.8502197265625, 187.77496337890625], 'conf': 0.4698832, 'label_id': 'person', 'sub_labels': 'other', 'sub_labels_conf': 0.8407361507415771, 'id': 16}, {'box': [1424.090087890625, 473.97161865234375, 95.7510986328125, 251.79934692382812], 'conf': 0.39651188, 'label_id': 'person', 'sub_labels': 'other', 'sub_labels_conf': 0.9985450506210327, 'id': 3}]"
32,2024/5/22 Wednesday 0:0:1,"[{'box': [1112.691162109375, 390.74407958984375, 108.6165771484375, 261.1838684082031], 'conf': 0.85827804, 'label_id': 'person', 'sub_labels': 'other', 'sub_labels_conf': 0.9992309808731079, 'id': 1}, {'box': [270.83172607421875, 551.2714233398438, 127.36178588867188, 276.9469909667969], 'conf': 0.86209106, 'label_id': 'person', 'sub_labels': 'other', 'sub_labels_conf': 0.9999221563339233, 'id': 2}, {'box': [1506.389404296875, 545.3430786132812, 120.4603271484375, 283.9101867675781], 'conf': 0.8224806, 'label_id': 'person', 'sub_labels': 'other', 'sub_labels_conf': 0.9650431871414185, 'id': 4}, {'box': [334.22967529296875, 558.05712890625, 105.46566772460938, 238.52926635742188], 'conf': 0.82617253, 'label_id': 'person', 'sub_labels': 'other', 'sub_labels_conf': 0.9984867572784424, 'id': 5}, {'box': [91.66056823730469, 639.5194702148438, 150.98452758789062, 279.2658996582031], 'conf': 0.8281751, 'label_id': 'person', 'sub_labels': 'other', 'sub_labels_conf': 0.9983134269714355, 'id': 7}, {'box': [498.9561767578125, 501.760986328125, 112.42837524414062, 313.9688415527344], 'conf': 0.60746413, 'label_id': 'person', 'sub_labels': 'other', 'sub_labels_conf': 0.9571421146392822, 'id': 8}, {'box': [180.87643432617188, 558.0230102539062, 97.61109924316406, 236.92263793945312], 'conf': 0.8206995, 'label_id': 'person', 'sub_labels': 'other', 'sub_labels_conf': 0.805641770362854, 'id': 9}, {'box': [1700.97607421875, 525.4716796875, 105.4000244140625, 216.96640014648438], 'conf': 0.7099315, 'label_id': 'person', 'sub_labels': 'other', 'sub_labels_conf': 0.9997890591621399, 'id': 11}, {'box': [407.1409912109375, 536.637939453125, 99.546142578125, 252.10171508789062], 'conf': 0.76377547, 'label_id': 'person', 'sub_labels': 'other', 'sub_labels_conf': 0.8967304229736328, 'id': 12}, {'box': [1201.4560546875, 339.4364929199219, 95.572509765625, 300.0953369140625], 'conf': 0.5319642, 'label_id': 'person', 'sub_labels': 'other', 'sub_labels_conf': 0.8296777009963989, 'id': 13}, {'box': [1618.4609375, 360.93487548828125, 113.88818359375, 194.53372192382812], 'conf': 0.5542189, 'label_id': 'person', 'sub_labels': 'other', 'sub_labels_conf': 0.9978208541870117, 'id': 15}, {'box': [1708.9385986328125, 423.4768981933594, 62.915283203125, 189.88250732421875], 'conf': 0.37902385, 'label_id': 'person', 'sub_labels': 'other', 'sub_labels_conf': 0.9574394822120667, 'id': 16}, {'box': [1416.51806640625, 471.9673767089844, 104.2083740234375, 253.57598876953125], 'conf': 0.5369134, 'label_id': 'person', 'sub_labels': 'other', 'sub_labels_conf': 0.9963169097900391, 'id': 3}]"
33,2024/5/22 Wednesday 0:0:1,"[{'box': [1106.326171875, 386.92779541015625, 98.45947265625, 256.2006530761719], 'conf': 0.8433693, 'label_id': 'person', 'sub_labels': 'other', 'sub_labels_conf': 0.9992436170578003, 'id': 1}, {'box': [270.8476257324219, 551.1785278320312, 127.12562561035156, 277.0480041503906], 'conf': 0.8660301, 'label_id': 'person', 'sub_labels': 'other', 'sub_labels_conf': 0.9999436140060425, 'id': 2}, {'box': [1497.368408203125, 540.59130859375, 134.6070556640625, 288.20819091796875], 'conf': 0.8507395, 'label_id': 'person', 'sub_labels': 'other', 'sub_labels_conf': 0.9809102416038513, 'id': 4}, {'box': [334.38818359375, 558.3192749023438, 105.271484375, 237.790283203125], 'conf': 0.8314547, 'label_id': 'person', 'sub_labels': 'other', 'sub_labels_conf': 0.9981036186218262, 'id': 5}, {'box': [90.86908721923828, 640.6912231445312, 149.31996154785156, 280.42529296875], 'conf': 0.8244992, 'label_id': 'person', 'sub_labels': 'other', 'sub_labels_conf': 0.998384952545166, 'id': 7}, {'box': [498.8988342285156, 502.0028076171875, 112.48931884765625, 313.3216552734375], 'conf': 0.6101918, 'label_id': 'person', 'sub_labels': 'other', 'sub_labels_conf': 0.9504424333572388, 'id': 8}, {'box': [181.01443481445312, 557.934326171875, 97.10281372070312, 236.99615478515625], 'conf': 0.8237738, 'label_id': 'person', 'sub_labels': 'other', 'sub_labels_conf': 0.85906583070755, 'id': 9}, {'box': [1698.197021484375, 523.0820922851562, 100.4544677734375, 216.10269165039062], 'conf': 0.7604055, 'label_id': 'person', 'sub_labels': 'other', 'sub_labels_conf': 0.9997797608375549, 'id': 11}, {'box': [407.09747314453125, 536.3394165039062, 99.87045288085938, 251.96536254882812], 'conf': 0.7620381, 'label_id': 'person', 'sub_labels': 'other', 'sub_labels_conf': 0.8932356238365173, 'id': 12}, {'box': [1199.646728515625, 339.3762512207031, 91.95263671875, 300.21832275390625], 'conf': 0.46027195, 'label_id': 'person', 'sub_labels': 'other', 'sub_labels_conf': 0.9849948287010193, 'id': 13}, {'box': [1616.858154296875, 361.57733154296875, 111.04150390625, 195.54013061523438], 'conf': 0.5595983, 'label_id': 'person', 'sub_labels': 'other', 'sub_labels_conf': 0.9983271956443787, 'id': 15}, {'box': [1708.26611328125, 421.37200927734375, 63.3055419921875, 184.49954223632812], 'conf': 0.25850207, 'label_id': 'person', 'sub_labels': 'other', 'sub_labels_conf': 0.9476479291915894, 'id': 16}, {'box': [1402.098876953125, 464.7490234375, 126.1409912109375, 243.067626953125], 'conf': 0.60382766, 'label_id': 'person', 'sub_labels': 'other', 'sub_labels_conf': 0.9942203760147095, 'id': 3}]"
34,2024/5/22 Wednesday 0:0:1,"[{'box': [1102.313232421875, 384.8826904296875, 98.656494140625, 257.6883544921875], 'conf': 0.8247357, 'label_id': 'person', 'sub_labels': 'other', 'sub_labels_conf': 0.9993902444839478, 'id': 1}, {'box': [270.883056640625, 551.1412353515625, 127.08493041992188, 277.10302734375], 'conf': 0.86691236, 'label_id': 'person', 'sub_labels': 'other', 'sub_labels_conf': 0.9999580383300781, 'id': 2}, {'box': [1484.332763671875, 540.2313232421875, 149.3917236328125, 282.83843994140625], 'conf': 0.8348372, 'label_id': 'person', 'sub_labels': 'other', 'sub_labels_conf': 0.9774355292320251, 'id': 4}, {'box': [334.5018310546875, 558.3836669921875, 105.42462158203125, 235.89971923828125], 'conf': 0.8241829, 'label_id': 'person', 'sub_labels': 'other', 'sub_labels_conf': 0.9980658888816833, 'id': 5}, {'box': [90.306396484375, 641.6268310546875, 148.78750610351562, 281.48638916015625], 'conf': 0.83421355, 'label_id': 'person', 'sub_labels': 'other', 'sub_labels_conf': 0.9989168643951416, 'id': 7}, {'box': [498.59954833984375, 501.65625, 112.95956420898438, 313.0526428222656], 'conf': 0.61866415, 'label_id': 'person', 'sub_labels': 'other', 'sub_labels_conf': 0.9582075476646423, 'id': 8}, {'box': [181.07745361328125, 557.827880859375, 96.48213195800781, 237.05975341796875], 'conf': 0.813862, 'label_id': 'person', 'sub_labels': 'other', 'sub_labels_conf': 0.8600955009460449, 'id': 9}, {'box': [1695.80615234375, 520.1353759765625, 95.6326904296875, 216.2039794921875], 'conf': 0.8202086, 'label_id': 'person', 'sub_labels': 'other', 'sub_labels_conf': 0.9999877214431763, 'id': 11}, {'box': [406.8046875, 535.631591796875, 100.10317993164062, 251.12005615234375], 'conf': 0.7630234, 'label_id': 'person', 'sub_labels': 'other', 'sub_labels_conf': 0.9863935112953186, 'id': 12}, {'box': [1203.8609619140625, 339.6001892089844, 96.7353515625, 301.35986328125], 'conf': 0.81742275, 'label_id': 'person', 'sub_labels': 'other', 'sub_labels_conf': 0.9913914203643799, 'id': 13}, {'box': [1616.151123046875, 361.7874755859375, 106.844482421875, 195.45169067382812], 'conf': 0.62766004, 'label_id': 'person', 'sub_labels': 'other', 'sub_labels_conf': 0.9972935318946838, 'id': 15}, {'box': [1706.4222412109375, 421.8389892578125, 66.995361328125, 183.84249877929688], 'conf': 0.27720803, 'label_id': 'person', 'sub_labels': 'other', 'sub_labels_conf': 0.6700388789176941, 'id': 16}, {'box': [1390.25439453125, 466.3305969238281, 135.4327392578125, 231.23773193359375], 'conf': 0.22263764, 'label_id': 'person', 'sub_labels': 'other', 'sub_labels_conf': 0.9314947128295898, 'id': 3}]"
35,2024/5/22 Wednesday 0:0:1,"[{'box': [1093.003662109375, 383.55401611328125, 92.1746826171875, 258.4797058105469], 'conf': 0.85487276, 'label_id': 'person', 'sub_labels': 'other', 'sub_labels_conf': 0.9984305500984192, 'id': 1}, {'box': [270.962158203125, 551.080322265625, 127.18798828125, 277.24847412109375], 'conf': 0.8646717, 'label_id': 'person', 'sub_labels': 'other', 'sub_labels_conf': 0.999961256980896, 'id': 2}, {'box': [1469.111328125, 539.3453369140625, 156.5135498046875, 281.65087890625], 'conf': 0.8825734, 'label_id': 'person', 'sub_labels': 'other', 'sub_labels_conf': 0.9789339303970337, 'id': 4}, {'box': [334.57977294921875, 558.900390625, 106.38198852539062, 237.48098754882812], 'conf': 0.8156865, 'label_id': 'person', 'sub_labels': 'other', 'sub_labels_conf': 0.9981194138526917, 'id': 5}, {'box': [90.1276626586914, 641.646240234375, 148.5763397216797, 282.98193359375], 'conf': 0.833606, 'label_id': 'person', 'sub_labels': 'other', 'sub_labels_conf': 0.9989257454872131, 'id': 7}, {'box': [498.559326171875, 501.672607421875, 112.98828125, 314.060791015625], 'conf': 0.6361415, 'label_id': 'person', 'sub_labels': 'other', 'sub_labels_conf': 0.9586063623428345, 'id': 8}, {'box': [181.1456298828125, 557.8496704101562, 96.13754272460938, 237.065673828125], 'conf': 0.81366485, 'label_id': 'person', 'sub_labels': 'other', 'sub_labels_conf': 0.86883544921875, 'id': 9}, {'box': [1693.562744140625, 518.1874389648438, 92.37744140625, 217.47921752929688], 'conf': 0.84249717, 'label_id': 'person', 'sub_labels': 'other', 'sub_labels_conf': 0.9999946355819702, 'id': 11}, {'box': [406.98126220703125, 535.114501953125, 99.65292358398438, 250.65966796875], 'conf': 0.76039714, 'label_id': 'person', 'sub_labels': 'other', 'sub_labels_conf': 0.9656559824943542, 'id': 12}, {'box': [1192.2607421875, 338.75567626953125, 110.125732421875, 298.85809326171875], 'conf': 0.63131565, 'label_id': 'person', 'sub_labels': 'other', 'sub_labels_conf': 0.9994527697563171, 'id': 13}, {'box': [1619.195068359375, 361.850830078125, 113.1119384765625, 194.87765502929688], 'conf': 0.43380353, 'label_id': 'person', 'sub_labels': 'other', 'sub_labels_conf': 0.9992621541023254, 'id': 15}, {'box': [1707.186279296875, 420.4453125, 65.7156982421875, 180.98831176757812], 'conf': 0.102779865, 'label_id': 'person', 'sub_labels': 'other', 'sub_labels_conf': 0.877483606338501, 'id': 16}, {'box': [1381.759521484375, 458.7056884765625, 137.9515380859375, 224.19216918945312], 'conf': 0.59374094, 'label_id': 'person', 'sub_labels': 'other', 'sub_labels_conf': 0.6743615865707397, 'id': 3}]"
36,2024/5/22 Wednesday 0:0:1,"[{'box': [1086.178955078125, 382.37017822265625, 91.1824951171875, 258.3190612792969], 'conf': 0.86385816, 'label_id': 'person', 'sub_labels': 'other', 'sub_labels_conf': 0.9567584991455078, 'id': 1}, {'box': [271.00909423828125, 551.1165771484375, 127.13702392578125, 277.29986572265625], 'conf': 0.8629765, 'label_id': 'person', 'sub_labels': 'other', 'sub_labels_conf': 0.9999756813049316, 'id': 2}, {'box': [1457.238525390625, 539.1747436523438, 159.8900146484375, 279.6863708496094], 'conf': 0.86552304, 'label_id': 'person', 'sub_labels': 'other', 'sub_labels_conf': 0.9531546235084534, 'id': 4}, {'box': [334.43463134765625, 558.8275756835938, 106.33499145507812, 238.10598754882812], 'conf': 0.81893486, 'label_id': 'person', 'sub_labels': 'other', 'sub_labels_conf': 0.9985455274581909, 'id': 5}, {'box': [89.8875732421875, 642.016357421875, 148.16812133789062, 283.57379150390625], 'conf': 0.8334932, 'label_id': 'person', 'sub_labels': 'other', 'sub_labels_conf': 0.9995865225791931, 'id': 7}, {'box': [498.57110595703125, 501.39337158203125, 112.8441162109375, 314.6058044433594], 'conf': 0.6557934, 'label_id': 'person', 'sub_labels': 'other', 'sub_labels_conf': 0.9583234786987305, 'id': 8}, {'box': [181.23062133789062, 557.944580078125, 95.90861511230469, 236.8643798828125], 'conf': 0.8140078, 'label_id': 'person', 'sub_labels': 'other', 'sub_labels_conf': 0.8569433093070984, 'id': 9}, {'box': [1690.37109375, 516.2625122070312, 86.4530029296875, 219.3602294921875], 'conf': 0.8045409, 'label_id': 'person', 'sub_labels': 'other', 'sub_labels_conf': 0.9999963045120239, 'id': 11}, {'box': [407.17962646484375, 534.318603515625, 99.09353637695312, 249.34078979492188], 'conf': 0.7670512, 'label_id': 'person', 'sub_labels': 'other', 'sub_labels_conf': 0.9643872976303101, 'id': 12}, {'box': [1184.103759765625, 371.9829406738281, 102.6461181640625, 235.5543975830078], 'conf': 0.5764075, 'label_id': 'person', 'sub_labels': 'other', 'sub_labels_conf': 0.9664838314056396, 'id': 13}, {'box': [1616.3311767578125, 361.43328857421875, 108.283935546875, 193.62911987304688], 'conf': 0.52829945, 'label_id': 'person', 'sub_labels': 'other', 'sub_labels_conf': 0.9985045194625854, 'id': 15}, {'box': [1709.47021484375, 416.6329345703125, 59.9613037109375, 174.20407104492188], 'conf': 0.108527504, 'label_id': 'person', 'sub_labels': 'other', 'sub_labels_conf': 0.813457190990448, 'id': 16}, {'box': [1376.561767578125, 455.56256103515625, 137.1815185546875, 221.60806274414062], 'conf': 0.45961595, 'label_id': 'person', 'sub_labels': 'other', 'sub_labels_conf': 0.9732171297073364, 'id': 3}]"
37,2024/5/22 Wednesday 0:0:1,"[{'box': [1080.371826171875, 381.65850830078125, 94.2877197265625, 259.2777404785156], 'conf': 0.8878296, 'label_id': 'person', 'sub_labels': 'other', 'sub_labels_conf': 0.802579402923584, 'id': 1}, {'box': [270.95098876953125, 551.3262329101562, 127.44505310058594, 276.6593017578125], 'conf': 0.8592211, 'label_id': 'person', 'sub_labels': 'other', 'sub_labels_conf': 0.9999730587005615, 'id': 2}, {'box': [1449.673828125, 533.766357421875, 161.7164306640625, 290.0132751464844], 'conf': 0.7477548, 'label_id': 'person', 'sub_labels': 'other', 'sub_labels_conf': 0.8685287833213806, 'id': 4}, {'box': [334.36212158203125, 559.332763671875, 106.96926879882812, 240.69256591796875], 'conf': 0.8100424, 'label_id': 'person', 'sub_labels': 'other', 'sub_labels_conf': 0.998640239238739, 'id': 5}, {'box': [89.51203918457031, 642.409912109375, 145.70950317382812, 285.328857421875], 'conf': 0.83473736, 'label_id': 'person', 'sub_labels': 'other', 'sub_labels_conf': 0.9996718168258667, 'id': 7}, {'box': [498.57073974609375, 501.8509521484375, 112.94918823242188, 315.8186950683594], 'conf': 0.65033156, 'label_id': 'person', 'sub_labels': 'other', 'sub_labels_conf': 0.95730060338974, 'id': 8}, {'box': [181.32101440429688, 558.0106201171875, 95.86903381347656, 236.5986328125], 'conf': 0.81090754, 'label_id': 'person', 'sub_labels': 'other', 'sub_labels_conf': 0.8427302837371826, 'id': 9}, {'box': [1685.37939453125, 515.1336059570312, 91.5516357421875, 218.5269775390625], 'conf': 0.8331054, 'label_id': 'person', 'sub_labels': 'other', 'sub_labels_conf': 0.9999994039535522, 'id': 11}, {'box': [405.9210205078125, 535.5350952148438, 99.6826171875, 250.1790771484375], 'conf': 0.7719888, 'label_id': 'person', 'sub_labels': 'other', 'sub_labels_conf': 0.9838438630104065, 'id': 12}, {'box': [1188.4658203125, 382.13330078125, 111.9603271484375, 218.540771484375], 'conf': 0.43165317, 'label_id': 'person', 'sub_labels': 'other', 'sub_labels_conf': 0.9812746644020081, 'id': 13}, {'box': [1615.499267578125, 361.1698913574219, 106.2491455078125, 192.710205078125], 'conf': 0.5403319, 'label_id': 'person', 'sub_labels': 'other', 'sub_labels_conf': 0.997391939163208, 'id': 15}, {'box': [1714.2091064453125, 395.98492431640625, 49.953125, 133.46963500976562], 'conf': 0.30147022, 'label_id': 'person', 'sub_labels': 'other', 'sub_labels_conf': 0.9960383176803589, 'id': 16}, {'box': [1376.7122802734375, 455.69830322265625, 130.556884765625, 229.850341796875], 'conf': 0.7549666, 'label_id': 'person', 'sub_labels': 'other', 'sub_labels_conf': 0.9990149736404419, 'id': 3}]"
38,2024/5/22 Wednesday 0:0:1,"[{'box': [1075.57470703125, 380.8808288574219, 98.5006103515625, 259.22821044921875], 'conf': 0.87338847, 'label_id': 'person', 'sub_labels': 'other', 'sub_labels_conf': 0.8990161418914795, 'id': 1}, {'box': [270.842529296875, 551.4371948242188, 127.44564819335938, 276.3085632324219], 'conf': 0.85997033, 'label_id': 'person', 'sub_labels': 'other', 'sub_labels_conf': 0.9999651908874512, 'id': 2}, {'box': [1447.092529296875, 535.2659301757812, 144.9508056640625, 285.2745361328125], 'conf': 0.8665074, 'label_id': 'person', 'sub_labels': 'other', 'sub_labels_conf': 0.9699512720108032, 'id': 4}, {'box': [333.98046875, 559.5747680664062, 107.34384155273438, 240.30697631835938], 'conf': 0.8261094, 'label_id': 'person', 'sub_labels': 'other', 'sub_labels_conf': 0.9981961846351624, 'id': 5}, {'box': [89.4527587890625, 643.4983520507812, 144.12002563476562, 284.353759765625], 'conf': 0.83046174, 'label_id': 'person', 'sub_labels': 'other', 'sub_labels_conf': 0.9998360872268677, 'id': 7}, {'box': [498.555908203125, 502.0618896484375, 112.75411987304688, 315.24267578125], 'conf': 0.6591594, 'label_id': 'person', 'sub_labels': 'other', 'sub_labels_conf': 0.9486932754516602, 'id': 8}, {'box': [181.3516082763672, 558.0037231445312, 95.7208251953125, 236.4075927734375], 'conf': 0.81336176, 'label_id': 'person', 'sub_labels': 'other', 'sub_labels_conf': 0.8484950661659241, 'id': 9}, {'box': [1672.87939453125, 515.2835693359375, 108.971435546875, 219.45538330078125], 'conf': 0.843132, 'label_id': 'person', 'sub_labels': 'other', 'sub_labels_conf': 0.9999971389770508, 'id': 11}, {'box': [405.74713134765625, 535.505126953125, 99.44174194335938, 249.55401611328125], 'conf': 0.7815575, 'label_id': 'person', 'sub_labels': 'other', 'sub_labels_conf': 0.9848734140396118, 'id': 12}, {'box': [1182.572998046875, 385.54803466796875, 101.9605712890625, 208.0125732421875], 'conf': 0.46079648, 'label_id': 'person', 'sub_labels': 'other', 'sub_labels_conf': 0.9873325228691101, 'id': 13}, {'box': [1615.293212890625, 361.13983154296875, 106.1351318359375, 192.71380615234375], 'conf': 0.5349063, 'label_id': 'person', 'sub_labels': 'other', 'sub_labels_conf': 0.9975882768630981, 'id': 15}, {'box': [1716.42138671875, 387.93304443359375, 46.45166015625, 117.88711547851562], 'conf': 0.4776523, 'label_id': 'person', 'sub_labels': 'other', 'sub_labels_conf': 0.9902319312095642, 'id': 16}, {'box': [1369.21044921875, 451.9129638671875, 132.9627685546875, 227.9461669921875], 'conf': 0.7676738, 'label_id': 'person', 'sub_labels': 'other', 'sub_labels_conf': 0.9983552098274231, 'id': 3}]"
39,2024/5/22 Wednesday 0:0:1,"[{'box': [1072.004638671875, 379.8631286621094, 100.6270751953125, 260.04400634765625], 'conf': 0.86259615, 'label_id': 'person', 'sub_labels': 'other', 'sub_labels_conf': 0.9978629946708679, 'id': 1}, {'box': [270.7379455566406, 551.4710693359375, 127.38273620605469, 276.1101989746094], 'conf': 0.8565344, 'label_id': 'person', 'sub_labels': 'other', 'sub_labels_conf': 0.9999672174453735, 'id': 2}, {'box': [1434.76123046875, 534.9170532226562, 152.2381591796875, 281.8140869140625], 'conf': 0.8240048, 'label_id': 'person', 'sub_labels': 'other', 'sub_labels_conf': 0.8052632808685303, 'id': 4}, {'box': [334.55694580078125, 559.8131713867188, 109.143310546875, 239.609619140625], 'conf': 0.7701588, 'label_id': 'person', 'sub_labels': 'other', 'sub_labels_conf': 0.999416708946228, 'id': 5}, {'box': [88.64395141601562, 644.552734375, 147.08920288085938, 281.94232177734375], 'conf': 0.8353519, 'label_id': 'person', 'sub_labels': 'other', 'sub_labels_conf': 0.9995737671852112, 'id': 7}, {'box': [498.74725341796875, 505.18255615234375, 112.572265625, 311.8100891113281], 'conf': 0.6178448, 'label_id': 'person', 'sub_labels': 'other', 'sub_labels_conf': 0.9612526893615723, 'id': 8}, {'box': [181.3321533203125, 557.9326171875, 95.71488952636719, 236.12396240234375], 'conf': 0.81410944, 'label_id': 'person', 'sub_labels': 'other', 'sub_labels_conf': 0.8762158155441284, 'id': 9}, {'box': [1663.349365234375, 515.9009399414062, 120.4215087890625, 219.77072143554688], 'conf': 0.84288335, 'label_id': 'person', 'sub_labels': 'other', 'sub_labels_conf': 0.9999908208847046, 'id': 11}, {'box': [405.70703125, 535.6665649414062, 99.14688110351562, 249.45242309570312], 'conf': 0.78313226, 'label_id': 'person', 'sub_labels': 'other', 'sub_labels_conf': 0.9857712984085083, 'id': 12}, {'box': [1181.1727294921875, 383.18017578125, 96.30810546875, 202.80865478515625], 'conf': 0.54793304, 'label_id': 'person', 'sub_labels': 'other', 'sub_labels_conf': 0.9606298804283142, 'id': 13}, {'box': [1615.4014892578125, 361.2474365234375, 105.991943359375, 193.35379028320312], 'conf': 0.56183636, 'label_id': 'person', 'sub_labels': 'other', 'sub_labels_conf': 0.9972143769264221, 'id': 15}, {'box': [1716.640869140625, 385.19940185546875, 46.384765625, 112.476318359375], 'conf': 0.4128905, 'label_id': 'person', 'sub_labels': 'other', 'sub_labels_conf': 0.9767014980316162, 'id': 16}, {'box': [1380.4716796875, 435.48272705078125, 96.2818603515625, 198.98001098632812], 'conf': 0.5947714, 'label_id': 'person', 'sub_labels': 'other', 'sub_labels_conf': 0.9996826648712158, 'id': 3}, {'box': [1198.9854736328125, 277.9564208984375, 81.303955078125, 166.81503295898438], 'conf': 0.74317396, 'label_id': 'person', 'sub_labels': 'other', 'sub_labels_conf': 0.9988197684288025, 'id': 6}]"
40,2024/5/22 Wednesday 0:0:1,"[{'box': [1070.0267333984375, 379.26123046875, 98.56146240234375, 259.5129699707031], 'conf': 0.8674899, 'label_id': 'person', 'sub_labels': 'other', 'sub_labels_conf': 0.9936527013778687, 'id': 1}, {'box': [270.6168518066406, 551.4873046875, 127.5716552734375, 275.87359619140625], 'conf': 0.8580288, 'label_id': 'person', 'sub_labels': 'other', 'sub_labels_conf': 0.9999814033508301, 'id': 2}, {'box': [1426.266357421875, 531.625, 153.6180419921875, 282.9129333496094], 'conf': 0.8845207, 'label_id': 'person', 'sub_labels': 'other', 'sub_labels_conf': 0.6585564613342285, 'id': 4}, {'box': [334.0831298828125, 559.7350463867188, 109.5970458984375, 239.30612182617188], 'conf': 0.7702564, 'label_id': 'person', 'sub_labels': 'other', 'sub_labels_conf': 0.9994091987609863, 'id': 5}, {'box': [88.56806945800781, 644.6522216796875, 148.49322509765625, 282.2955322265625], 'conf': 0.8277078, 'label_id': 'person', 'sub_labels': 'other', 'sub_labels_conf': 0.9996339082717896, 'id': 7}, {'box': [498.9068603515625, 505.68963623046875, 112.747314453125, 310.9703063964844], 'conf': 0.6410209, 'label_id': 'person', 'sub_labels': 'other', 'sub_labels_conf': 0.959053635597229, 'id': 8}, {'box': [181.37606811523438, 557.983642578125, 95.72407531738281, 236.2376708984375], 'conf': 0.82542634, 'label_id': 'person', 'sub_labels': 'other', 'sub_labels_conf': 0.860059916973114, 'id': 9}, {'box': [1656.67578125, 516.6514282226562, 127.1302490234375, 218.13644409179688], 'conf': 0.85166085, 'label_id': 'person', 'sub_labels': 'other', 'sub_labels_conf': 0.999907374382019, 'id': 11}, {'box': [406.19146728515625, 535.8226318359375, 97.9443359375, 249.66445922851562], 'conf': 0.78233844, 'label_id': 'person', 'sub_labels': 'other', 'sub_labels_conf': 0.9509267807006836, 'id': 12}, {'box': [1176.933349609375, 383.0164794921875, 91.1143798828125, 199.46517944335938], 'conf': 0.65313363, 'label_id': 'person', 'sub_labels': 'other', 'sub_labels_conf': 0.9370871186256409, 'id': 13}, {'box': [1615.3673095703125, 361.44439697265625, 105.33251953125, 193.52349853515625], 'conf': 0.58351266, 'label_id': 'person', 'sub_labels': 'other', 'sub_labels_conf': 0.9976059198379517, 'id': 15}, {'box': [1716.403076171875, 384.19708251953125, 46.9486083984375, 110.14202880859375], 'conf': 0.3627751, 'label_id': 'person', 'sub_labels': 'other', 'sub_labels_conf': 0.9820905327796936, 'id': 16}, {'box': [1385.816650390625, 428.85009765625, 67.1929931640625, 185.2548828125], 'conf': 0.65114576, 'label_id': 'person', 'sub_labels': 'other', 'sub_labels_conf': 0.99998939037323, 'id': 3}, {'box': [1198.1461181640625, 278.5706787109375, 81.34326171875, 167.66526794433594], 'conf': 0.7817394, 'label_id': 'person', 'sub_labels': 'other', 'sub_labels_conf': 0.9964057207107544, 'id': 6}]"
41,2024/5/22 Wednesday 0:0:1,"[{'box': [1066.00830078125, 379.21728515625, 98.4234619140625, 260.6136169433594], 'conf': 0.86013716, 'label_id': 'person', 'sub_labels': 'other', 'sub_labels_conf': 0.9971557855606079, 'id': 1}, {'box': [270.6639099121094, 551.4065551757812, 127.78898620605469, 276.0187683105469], 'conf': 0.85723895, 'label_id': 'person', 'sub_labels': 'other', 'sub_labels_conf': 0.9999710321426392, 'id': 2}, {'box': [1420.99609375, 529.0142211914062, 149.808349609375, 281.0853576660156], 'conf': 0.8949893, 'label_id': 'person', 'sub_labels': 'other', 'sub_labels_conf': 0.6659325957298279, 'id': 4}, {'box': [333.7443542480469, 559.2269897460938, 109.870849609375, 240.614990234375], 'conf': 0.7867455, 'label_id': 'person', 'sub_labels': 'other', 'sub_labels_conf': 0.9995636343955994, 'id': 5}, {'box': [89.22470092773438, 645.47216796875, 148.1746826171875, 281.51873779296875], 'conf': 0.82671726, 'label_id': 'person', 'sub_labels': 'other', 'sub_labels_conf': 0.9996097683906555, 'id': 7}, {'box': [498.92529296875, 505.27142333984375, 112.7423095703125, 311.9751892089844], 'conf': 0.6785591, 'label_id': 'person', 'sub_labels': 'other', 'sub_labels_conf': 0.9537566304206848, 'id': 8}, {'box': [181.41470336914062, 558.02392578125, 95.68986511230469, 236.25320434570312], 'conf': 0.8243514, 'label_id': 'person', 'sub_labels': 'other', 'sub_labels_conf': 0.8480581641197205, 'id': 9}, {'box': [1651.619384765625, 515.114990234375, 133.265625, 219.88616943359375], 'conf': 0.82997864, 'label_id': 'person', 'sub_labels': 'other', 'sub_labels_conf': 0.9998915195465088, 'id': 11}, {'box': [406.6185302734375, 535.9375, 97.45632934570312, 249.69195556640625], 'conf': 0.76936847, 'label_id': 'person', 'sub_labels': 'other', 'sub_labels_conf': 0.9372934699058533, 'id': 12}, {'box': [1180.80810546875, 375.6570739746094, 98.1070556640625, 216.9906005859375], 'conf': 0.6866031, 'label_id': 'person', 'sub_labels': 'other', 'sub_labels_conf': 0.9742612838745117, 'id': 13}, {'box': [1615.669189453125, 361.0336608886719, 108.5428466796875, 193.9739990234375], 'conf': 0.5663517, 'label_id': 'person', 'sub_labels': 'other', 'sub_labels_conf': 0.9982670545578003, 'id': 15}, {'box': [1715.694580078125, 384.83209228515625, 48.814697265625, 111.511474609375], 'conf': 0.2885021, 'label_id': 'person', 'sub_labels': 'other', 'sub_labels_conf': 0.9315080046653748, 'id': 16}, {'box': [1381.4766845703125, 423.92193603515625, 67.4599609375, 184.3973388671875], 'conf': 0.6365228, 'label_id': 'person', 'sub_labels': 'other', 'sub_labels_conf': 0.9999895095825195, 'id': 3}, {'box': [1197.1165771484375, 279.43902587890625, 82.222412109375, 169.62380981445312], 'conf': 0.20115343, 'label_id': 'person', 'sub_labels': 'other', 'sub_labels_conf': 0.9888308644294739, 'id': 6}]"
42,2024/5/22 Wednesday 0:0:1,"[{'box': [1060.35693359375, 378.9810791015625, 99.1962890625, 261.97235107421875], 'conf': 0.87329954, 'label_id': 'person', 'sub_labels': 'other', 'sub_labels_conf': 0.9937717318534851, 'id': 1}, {'box': [270.5494384765625, 551.3330078125, 127.87355041503906, 276.15301513671875], 'conf': 0.8576912, 'label_id': 'person', 'sub_labels': 'other', 'sub_labels_conf': 0.9999699592590332, 'id': 2}, {'box': [1416.1727294921875, 527.473876953125, 142.431884765625, 279.2270812988281], 'conf': 0.8654859, 'label_id': 'person', 'sub_labels': 'other', 'sub_labels_conf': 0.9228327870368958, 'id': 4}, {'box': [333.7147216796875, 559.0985107421875, 110.18331909179688, 240.78555297851562], 'conf': 0.7660976, 'label_id': 'person', 'sub_labels': 'other', 'sub_labels_conf': 0.9993565678596497, 'id': 5}, {'box': [90.17373657226562, 645.7561645507812, 148.32553100585938, 280.5480041503906], 'conf': 0.82208353, 'label_id': 'person', 'sub_labels': 'other', 'sub_labels_conf': 0.9992969036102295, 'id': 7}, {'box': [498.82049560546875, 504.3731384277344, 112.68148803710938, 313.97637939453125], 'conf': 0.6692003, 'label_id': 'person', 'sub_labels': 'other', 'sub_labels_conf': 0.977156937122345, 'id': 8}, {'box': [181.41159057617188, 558.1775512695312, 95.58116149902344, 235.88803100585938], 'conf': 0.82721484, 'label_id': 'person', 'sub_labels': 'other', 'sub_labels_conf': 0.8480249047279358, 'id': 9}, {'box': [1646.949951171875, 513.7593994140625, 133.8172607421875, 222.85028076171875], 'conf': 0.8320654, 'label_id': 'person', 'sub_labels': 'other', 'sub_labels_conf': 0.9998894929885864, 'id': 11}, {'box': [406.90130615234375, 536.1007080078125, 97.14810180664062, 249.11505126953125], 'conf': 0.75820595, 'label_id': 'person', 'sub_labels': 'other', 'sub_labels_conf': 0.9270962476730347, 'id': 12}, {'box': [1181.7362060546875, 353.41583251953125, 102.224609375, 269.38433837890625], 'conf': 0.77226996, 'label_id': 'person', 'sub_labels': 'other', 'sub_labels_conf': 0.9439706206321716, 'id': 13}, {'box': [1615.88916015625, 361.2108459472656, 106.951416015625, 195.65264892578125], 'conf': 0.57640386, 'label_id': 'person', 'sub_labels': 'other', 'sub_labels_conf': 0.9978446960449219, 'id': 15}, {'box': [1716.533935546875, 385.24847412109375, 47.6807861328125, 110.85494995117188], 'conf': 0.33227777, 'label_id': 'person', 'sub_labels': 'other', 'sub_labels_conf': 0.9024361371994019, 'id': 16}, {'box': [1367.1156005859375, 436.2134704589844, 89.0400390625, 222.18328857421875], 'conf': 0.5722959, 'label_id': 'person', 'sub_labels': 'other', 'sub_labels_conf': 0.9999508857727051, 'id': 3}, {'box': [1196.15966796875, 277.2453308105469, 80.9796142578125, 167.2484588623047], 'conf': 0.21187107, 'label_id': 'person', 'sub_labels': 'other', 'sub_labels_conf': 0.9825731515884399, 'id': 6}]"
43,2024/5/22 Wednesday 0:0:1,"[{'box': [1056.462890625, 377.984375, 99.23138427734375, 262.4163818359375], 'conf': 0.8769186, 'label_id': 'person', 'sub_labels': 'other', 'sub_labels_conf': 0.9950339794158936, 'id': 1}, {'box': [270.43756103515625, 551.4398193359375, 127.65449523925781, 276.01361083984375], 'conf': 0.8585602, 'label_id': 'person', 'sub_labels': 'other', 'sub_labels_conf': 0.9999747276306152, 'id': 2}, {'box': [1412.51220703125, 526.2899780273438, 134.036865234375, 275.6031494140625], 'conf': 0.82898706, 'label_id': 'person', 'sub_labels': 'other', 'sub_labels_conf': 0.941881000995636, 'id': 4}, {'box': [332.198974609375, 559.0226440429688, 108.86724853515625, 238.78955078125], 'conf': 0.7272232, 'label_id': 'person', 'sub_labels': 'other', 'sub_labels_conf': 0.9993541836738586, 'id': 5}, {'box': [89.58255004882812, 646.9774169921875, 148.50595092773438, 278.178955078125], 'conf': 0.8289649, 'label_id': 'person', 'sub_labels': 'other', 'sub_labels_conf': 0.999462902545929, 'id': 7}, {'box': [498.7796630859375, 503.68408203125, 112.77383422851562, 315.340576171875], 'conf': 0.67745733, 'label_id': 'person', 'sub_labels': 'other', 'sub_labels_conf': 0.9609062671661377, 'id': 8}, {'box': [181.49176025390625, 558.5001220703125, 95.40977478027344, 235.279541015625], 'conf': 0.8272054, 'label_id': 'person', 'sub_labels': 'other', 'sub_labels_conf': 0.853497326374054, 'id': 9}, {'box': [1641.240234375, 513.5836181640625, 124.8475341796875, 223.16717529296875], 'conf': 0.8529831, 'label_id': 'person', 'sub_labels': 'other', 'sub_labels_conf': 0.9997605681419373, 'id': 11}, {'box': [407.0447082519531, 536.3372802734375, 96.69390869140625, 248.942138671875], 'conf': 0.74969393, 'label_id': 'person', 'sub_labels': 'other', 'sub_labels_conf': 0.9307531118392944, 'id': 12}, {'box': [1181.368408203125, 343.02801513671875, 103.4583740234375, 282.93389892578125], 'conf': 0.73851174, 'label_id': 'person', 'sub_labels': 'other', 'sub_labels_conf': 0.9984442591667175, 'id': 13}, {'box': [1616.1148681640625, 361.8914489746094, 107.2548828125, 197.29541015625], 'conf': 0.5451664, 'label_id': 'person', 'sub_labels': 'other', 'sub_labels_conf': 0.9977402687072754, 'id': 15}, {'box': [1714.3477783203125, 408.4496765136719, 51.88232421875, 161.9920654296875], 'conf': 0.5732155, 'label_id': 'person', 'sub_labels': 'other', 'sub_labels_conf': 0.8892086148262024, 'id': 16}, {'box': [1361.514892578125, 439.68084716796875, 92.5540771484375, 237.365234375], 'conf': 0.78945065, 'label_id': 'person', 'sub_labels': 'other', 'sub_labels_conf': 0.9999628067016602, 'id': 3}, {'box': [1194.573486328125, 275.6829833984375, 81.66357421875, 164.2030487060547], 'conf': 0.35167193, 'label_id': 'person', 'sub_labels': 'other', 'sub_labels_conf': 0.9973879456520081, 'id': 6}]"
44,2024/5/22 Wednesday 0:0:1,"[{'box': [1052.800048828125, 377.5765686035156, 97.18768310546875, 262.11358642578125], 'conf': 0.8785075, 'label_id': 'person', 'sub_labels': 'other', 'sub_labels_conf': 0.9650991559028625, 'id': 1}, {'box': [270.5177307128906, 551.4327392578125, 127.7774658203125, 275.98919677734375], 'conf': 0.85526663, 'label_id': 'person', 'sub_labels': 'other', 'sub_labels_conf': 0.9999667406082153, 'id': 2}, {'box': [1404.2587890625, 524.1268310546875, 128.0770263671875, 276.3368225097656], 'conf': 0.78334475, 'label_id': 'person', 'sub_labels': 'other', 'sub_labels_conf': 0.9801160097122192, 'id': 4}, {'box': [332.47808837890625, 558.4200439453125, 111.56155395507812, 240.3369140625], 'conf': 0.74547684, 'label_id': 'person', 'sub_labels': 'other', 'sub_labels_conf': 0.9996789693832397, 'id': 5}, {'box': [89.53926086425781, 647.7208251953125, 147.73223876953125, 277.15020751953125], 'conf': 0.8319787, 'label_id': 'person', 'sub_labels': 'other', 'sub_labels_conf': 0.9994428753852844, 'id': 7}, {'box': [498.7918701171875, 503.5589599609375, 112.778564453125, 315.1127014160156], 'conf': 0.6716923, 'label_id': 'person', 'sub_labels': 'other', 'sub_labels_conf': 0.9609123468399048, 'id': 8}, {'box': [181.4185333251953, 558.5899047851562, 95.53781127929688, 235.10995483398438], 'conf': 0.82893515, 'label_id': 'person', 'sub_labels': 'other', 'sub_labels_conf': 0.853497326374054, 'id': 9}, {'box': [1637.2508544921875, 513.088134765625, 117.0322265625, 223.53936767578125], 'conf': 0.85538214, 'label_id': 'person', 'sub_labels': 'other', 'sub_labels_conf': 0.9999885559082031, 'id': 11}, {'box': [407.0101318359375, 536.5106811523438, 96.80130004882812, 248.80862426757812], 'conf': 0.75449127, 'label_id': 'person', 'sub_labels': 'other', 'sub_labels_conf': 0.9334885478019714, 'id': 12}, {'box': [1174.54150390625, 352.4218444824219, 96.494873046875, 244.0399627685547], 'conf': 0.7531791, 'label_id': 'person', 'sub_labels': 'other', 'sub_labels_conf': 0.9672259092330933, 'id': 13}, {'box': [1617.97509765625, 362.2738037109375, 113.748779296875, 198.36871337890625], 'conf': 0.5001742, 'label_id': 'person', 'sub_labels': 'other', 'sub_labels_conf': 0.9972851276397705, 'id': 15}, {'box': [1711.449951171875, 416.88616943359375, 57.8582763671875, 178.6240234375], 'conf': 0.6136304, 'label_id': 'person', 'sub_labels': 'other', 'sub_labels_conf': 0.8912225961685181, 'id': 16}, {'box': [1356.0433349609375, 437.66595458984375, 89.394287109375, 247.54989624023438], 'conf': 0.75972277, 'label_id': 'person', 'sub_labels': 'other', 'sub_labels_conf': 0.9999953508377075, 'id': 3}, {'box': [1195.6513671875, 272.8746643066406, 77.4334716796875, 159.86932373046875], 'conf': 0.3373092, 'label_id': 'person', 'sub_labels': 'other', 'sub_labels_conf': 0.9905368685722351, 'id': 6}]"
45,2024/5/22 Wednesday 0:0:1,"[{'box': [1050.3614501953125, 375.575439453125, 94.285400390625, 261.4881591796875], 'conf': 0.8797271, 'label_id': 'person', 'sub_labels': 'other', 'sub_labels_conf': 0.9753515720367432, 'id': 1}, {'box': [269.784912109375, 551.9268798828125, 127.03526306152344, 274.6893615722656], 'conf': 0.8523675, 'label_id': 'person', 'sub_labels': 'other', 'sub_labels_conf': 0.9999686479568481, 'id': 2}, {'box': [1410.7969970703125, 498.35699462890625, 96.86181640625, 230.24545288085938], 'conf': 0.60975766, 'label_id': 'person', 'sub_labels': 'other', 'sub_labels_conf': 0.9951059818267822, 'id': 4}, {'box': [334.50836181640625, 558.542724609375, 111.86776733398438, 236.29351806640625], 'conf': 0.6570294, 'label_id': 'person', 'sub_labels': 'other', 'sub_labels_conf': 0.9988545179367065, 'id': 5}, {'box': [90.05008697509766, 647.496826171875, 148.63893127441406, 273.7267761230469], 'conf': 0.83440834, 'label_id': 'person', 'sub_labels': 'other', 'sub_labels_conf': 0.9964776635169983, 'id': 7}, {'box': [498.88909912109375, 506.7012939453125, 112.30526733398438, 309.2217102050781], 'conf': 0.50602436, 'label_id': 'person', 'sub_labels': 'other', 'sub_labels_conf': 0.9349204301834106, 'id': 8}, {'box': [181.21856689453125, 558.3436279296875, 96.65037536621094, 237.26495361328125], 'conf': 0.83714354, 'label_id': 'person', 'sub_labels': 'other', 'sub_labels_conf': 0.7003197073936462, 'id': 9}, {'box': [1634.06591796875, 510.32952880859375, 112.0750732421875, 225.15213012695312], 'conf': 0.84395236, 'label_id': 'person', 'sub_labels': 'other', 'sub_labels_conf': 0.9999830722808838, 'id': 11}, {'box': [407.9153137207031, 536.4463500976562, 94.08428955078125, 249.54959106445312], 'conf': 0.741055, 'label_id': 'person', 'sub_labels': 'other', 'sub_labels_conf': 0.9855996370315552, 'id': 12}, {'box': [1171.213134765625, 356.69464111328125, 90.45849609375, 226.4808807373047], 'conf': 0.77353036, 'label_id': 'person', 'sub_labels': 'other', 'sub_labels_conf': 0.9964865446090698, 'id': 13}, {'box': [1627.528076171875, 364.5030212402344, 133.5013427734375, 203.55902099609375], 'conf': 0.5800802, 'label_id': 'person', 'sub_labels': 'other', 'sub_labels_conf': 0.9993932247161865, 'id': 15}, {'box': [1709.579345703125, 421.01568603515625, 61.699951171875, 186.90872192382812], 'conf': 0.6871561, 'label_id': 'person', 'sub_labels': 'other', 'sub_labels_conf': 0.9739435315132141, 'id': 16}, {'box': [1350.5748291015625, 436.07061767578125, 90.404541015625, 254.73190307617188], 'conf': 0.77113956, 'label_id': 'person', 'sub_labels': 'other', 'sub_labels_conf': 0.9999600648880005, 'id': 3}, {'box': [1193.416015625, 268.0910339355469, 79.4822998046875, 152.8909149169922], 'conf': 0.22236365, 'label_id': 'person', 'sub_labels': 'other', 'sub_labels_conf': 0.9901048541069031, 'id': 6}]"
46,2024/5/22 Wednesday 0:0:1,"[{'box': [1045.673095703125, 372.9841003417969, 96.09234619140625, 260.267822265625], 'conf': 0.8766683, 'label_id': 'person', 'sub_labels': 'other', 'sub_labels_conf': 0.9758681058883667, 'id': 1}, {'box': [269.4697570800781, 552.1199340820312, 126.65885925292969, 274.1216735839844], 'conf': 0.8538067, 'label_id': 'person', 'sub_labels': 'other', 'sub_labels_conf': 0.999953031539917, 'id': 2}, {'box': [1405.9129638671875, 510.7223815917969, 92.764404296875, 265.68963623046875], 'conf': 0.7282213, 'label_id': 'person', 'sub_labels': 'other', 'sub_labels_conf': 0.9942076206207275, 'id': 4}, {'box': [335.2664794921875, 558.7105712890625, 111.15316772460938, 232.8509521484375], 'conf': 0.65379244, 'label_id': 'person', 'sub_labels': 'other', 'sub_labels_conf': 0.9988170862197876, 'id': 5}, {'box': [91.16458892822266, 647.3795166015625, 147.41490173339844, 271.8973083496094], 'conf': 0.8321606, 'label_id': 'person', 'sub_labels': 'other', 'sub_labels_conf': 0.9985347986221313, 'id': 7}, {'box': [498.96429443359375, 507.4422607421875, 112.21792602539062, 307.4247741699219], 'conf': 0.52001, 'label_id': 'person', 'sub_labels': 'other', 'sub_labels_conf': 0.9535926580429077, 'id': 8}, {'box': [181.18865966796875, 557.9586791992188, 97.00918579101562, 238.38760375976562], 'conf': 0.83414286, 'label_id': 'person', 'sub_labels': 'other', 'sub_labels_conf': 0.7965511679649353, 'id': 9}, {'box': [1631.455078125, 505.77154541015625, 108.00634765625, 223.72799682617188], 'conf': 0.85137653, 'label_id': 'person', 'sub_labels': 'other', 'sub_labels_conf': 0.9999842643737793, 'id': 11}, {'box': [408.7402038574219, 534.8873901367188, 92.88250732421875, 248.10971069335938], 'conf': 0.7353124, 'label_id': 'person', 'sub_labels': 'other', 'sub_labels_conf': 0.9884253740310669, 'id': 12}, {'box': [1168.350830078125, 357.0911865234375, 88.95947265625, 223.57723999023438], 'conf': 0.68122375, 'label_id': 'person', 'sub_labels': 'other', 'sub_labels_conf': 0.9968852400779724, 'id': 13}, {'box': [1634.21337890625, 373.7450256347656, 145.4088134765625, 221.32550048828125], 'conf': 0.6311563, 'label_id': 'person', 'sub_labels': 'other', 'sub_labels_conf': 0.9984748959541321, 'id': 15}, {'box': [1709.142822265625, 421.97357177734375, 62.4854736328125, 191.66690063476562], 'conf': 0.5818068, 'label_id': 'person', 'sub_labels': 'other', 'sub_labels_conf': 0.9312898516654968, 'id': 16}, {'box': [1343.6416015625, 434.9434814453125, 95.2181396484375, 260.1073913574219], 'conf': 0.8212232, 'label_id': 'person', 'sub_labels': 'other', 'sub_labels_conf': 0.9999561309814453, 'id': 3}, {'box': [1193.62646484375, 265.27880859375, 77.6634521484375, 148.7517852783203], 'conf': 0.26909596, 'label_id': 'person', 'sub_labels': 'other', 'sub_labels_conf': 0.9977607727050781, 'id': 6}]"
47,2024/5/22 Wednesday 0:0:1,"[{'box': [1041.835205078125, 371.3970947265625, 98.52520751953125, 260.61590576171875], 'conf': 0.87925005, 'label_id': 'person', 'sub_labels': 'other', 'sub_labels_conf': 0.9666147828102112, 'id': 1}, {'box': [269.2948303222656, 552.1823120117188, 126.40576171875, 273.8808898925781], 'conf': 0.85501885, 'label_id': 'person', 'sub_labels': 'other', 'sub_labels_conf': 0.9999465942382812, 'id': 2}, {'box': [1397.87890625, 515.23046875, 96.969482421875, 276.26953125], 'conf': 0.79054767, 'label_id': 'person', 'sub_labels': 'other', 'sub_labels_conf': 0.9964942336082458, 'id': 4}, {'box': [335.38702392578125, 558.4310302734375, 110.15444946289062, 231.39788818359375], 'conf': 0.6647034, 'label_id': 'person', 'sub_labels': 'other', 'sub_labels_conf': 0.9973402619361877, 'id': 5}, {'box': [91.3564682006836, 647.3023681640625, 147.71400451660156, 271.24444580078125], 'conf': 0.83527315, 'label_id': 'person', 'sub_labels': 'other', 'sub_labels_conf': 0.9976181387901306, 'id': 7}, {'box': [498.8795166015625, 506.7046813964844, 112.28073120117188, 309.09429931640625], 'conf': 0.5632428, 'label_id': 'person', 'sub_labels': 'other', 'sub_labels_conf': 0.9402598142623901, 'id': 8}, {'box': [181.05621337890625, 557.6673583984375, 97.66313171386719, 239.19308471679688], 'conf': 0.83875674, 'label_id': 'person', 'sub_labels': 'other', 'sub_labels_conf': 0.783048152923584, 'id': 9}, {'box': [1628.861083984375, 503.1320495605469, 102.654296875, 221.69915771484375], 'conf': 0.87163806, 'label_id': 'person', 'sub_labels': 'other', 'sub_labels_conf': 0.9999927282333374, 'id': 11}, {'box': [409.2078857421875, 534.4705810546875, 92.10137939453125, 247.50894165039062], 'conf': 0.73647577, 'label_id': 'person', 'sub_labels': 'other', 'sub_labels_conf': 0.971939206123352, 'id': 12}, {'box': [1164.2001953125, 355.6355895996094, 88.247314453125, 218.9304656982422], 'conf': 0.5285421, 'label_id': 'person', 'sub_labels': 'other', 'sub_labels_conf': 0.9970480799674988, 'id': 13}, {'box': [1633.2091064453125, 377.9832763671875, 137.578125, 227.40380859375], 'conf': 0.5014537, 'label_id': 'person', 'sub_labels': 'other', 'sub_labels_conf': 0.9987868666648865, 'id': 15}, {'box': [1709.284912109375, 420.8929443359375, 62.96142578125, 193.3590087890625], 'conf': 0.6040862, 'label_id': 'person', 'sub_labels': 'other', 'sub_labels_conf': 0.8434203863143921, 'id': 16}, {'box': [1337.122802734375, 434.95489501953125, 97.0892333984375, 262.9394836425781], 'conf': 0.8491643, 'label_id': 'person', 'sub_labels': 'other', 'sub_labels_conf': 0.9999948740005493, 'id': 3}, {'box': [1193.9481201171875, 248.6676025390625, 73.181396484375, 116.98121643066406], 'conf': 0.4391329, 'label_id': 'person', 'sub_labels': 'other', 'sub_labels_conf': 0.99733966588974, 'id': 6}]"
48,2024/5/22 Wednesday 0:0:1,"[{'box': [1035.9405517578125, 367.6384582519531, 97.26544189453125, 258.4083251953125], 'conf': 0.8881409, 'label_id': 'person', 'sub_labels': 'other', 'sub_labels_conf': 0.9884945750236511, 'id': 1}, {'box': [269.29150390625, 552.165283203125, 126.44255065917969, 273.80645751953125], 'conf': 0.85333943, 'label_id': 'person', 'sub_labels': 'other', 'sub_labels_conf': 0.9999420642852783, 'id': 2}, {'box': [1388.804931640625, 514.2838134765625, 106.9080810546875, 284.96881103515625], 'conf': 0.8065125, 'label_id': 'person', 'sub_labels': 'other', 'sub_labels_conf': 0.9716166853904724, 'id': 4}, {'box': [335.108642578125, 558.312255859375, 109.55441284179688, 231.61505126953125], 'conf': 0.6733576, 'label_id': 'person', 'sub_labels': 'other', 'sub_labels_conf': 0.998408854007721, 'id': 5}, {'box': [90.20211791992188, 646.88916015625, 149.71871948242188, 270.7261962890625], 'conf': 0.8416275, 'label_id': 'person', 'sub_labels': 'other', 'sub_labels_conf': 0.9994180202484131, 'id': 7}, {'box': [498.7740478515625, 505.5015563964844, 112.59707641601562, 311.34661865234375], 'conf': 0.54807276, 'label_id': 'person', 'sub_labels': 'other', 'sub_labels_conf': 0.9584414958953857, 'id': 8}, {'box': [180.49273681640625, 557.3175659179688, 99.10057067871094, 239.99191284179688], 'conf': 0.84180105, 'label_id': 'person', 'sub_labels': 'other', 'sub_labels_conf': 0.7257667183876038, 'id': 9}, {'box': [1627.89892578125, 500.7657165527344, 98.3797607421875, 222.71234130859375], 'conf': 0.8233802, 'label_id': 'person', 'sub_labels': 'other', 'sub_labels_conf': 0.9999872446060181, 'id': 11}, {'box': [409.3468017578125, 534.8084716796875, 91.83441162109375, 246.8900146484375], 'conf': 0.73348105, 'label_id': 'person', 'sub_labels': 'other', 'sub_labels_conf': 0.9471761584281921, 'id': 12}, {'box': [1153.386474609375, 352.4963073730469, 75.804931640625, 214.16864013671875], 'conf': 0.66150486, 'label_id': 'person', 'sub_labels': 'other', 'sub_labels_conf': 0.9952501058578491, 'id': 13}, {'box': [1629.675537109375, 376.91973876953125, 129.7628173828125, 225.70675659179688], 'conf': 0.619749, 'label_id': 'person', 'sub_labels': 'other', 'sub_labels_conf': 0.9982996582984924, 'id': 15}, {'box': [1709.9501953125, 418.984619140625, 62.13134765625, 196.30422973632812], 'conf': 0.6029606, 'label_id': 'person', 'sub_labels': 'other', 'sub_labels_conf': 0.7752220034599304, 'id': 16}, {'box': [1328.8809814453125, 435.0020446777344, 102.229736328125, 264.72784423828125], 'conf': 0.8427915, 'label_id': 'person', 'sub_labels': 'other', 'sub_labels_conf': 0.9999865293502808, 'id': 3}, {'box': [1193.8292236328125, 243.6728515625, 71.642822265625, 106.93083190917969], 'conf': 0.5172073, 'label_id': 'person', 'sub_labels': 'other', 'sub_labels_conf': 0.9994532465934753, 'id': 6}]"
49,2024/5/22 Wednesday 0:0:1,"[{'box': [1032.290283203125, 363.2875671386719, 93.29534912109375, 253.52891540527344], 'conf': 0.8758539, 'label_id': 'person', 'sub_labels': 'other', 'sub_labels_conf': 0.9983240962028503, 'id': 1}, {'box': [269.3419189453125, 552.090087890625, 126.56021118164062, 273.8777160644531], 'conf': 0.8505834, 'label_id': 'person', 'sub_labels': 'other', 'sub_labels_conf': 0.9999574422836304, 'id': 2}, {'box': [1373.763427734375, 512.0260620117188, 120.8677978515625, 289.635009765625], 'conf': 0.79397064, 'label_id': 'person', 'sub_labels': 'other', 'sub_labels_conf': 0.9640231132507324, 'id': 4}, {'box': [332.6669616699219, 558.8651733398438, 109.02294921875, 235.25473022460938], 'conf': 0.683927, 'label_id': 'person', 'sub_labels': 'other', 'sub_labels_conf': 0.996982753276825, 'id': 5}, {'box': [89.73716735839844, 646.7572021484375, 151.73574829101562, 270.1065979003906], 'conf': 0.84272367, 'label_id': 'person', 'sub_labels': 'other', 'sub_labels_conf': 0.9995841383934021, 'id': 7}, {'box': [498.5627136230469, 504.5625, 113.09735107421875, 313.2716979980469], 'conf': 0.55691123, 'label_id': 'person', 'sub_labels': 'other', 'sub_labels_conf': 0.9760410189628601, 'id': 8}, {'box': [180.85711669921875, 556.8796997070312, 98.04244995117188, 240.69412231445312], 'conf': 0.8409187, 'label_id': 'person', 'sub_labels': 'other', 'sub_labels_conf': 0.8587133288383484, 'id': 9}, {'box': [1624.79736328125, 500.3941650390625, 91.274169921875, 221.54214477539062], 'conf': 0.8203082, 'label_id': 'person', 'sub_labels': 'other', 'sub_labels_conf': 0.9999125003814697, 'id': 11}, {'box': [409.2922058105469, 535.119384765625, 91.95599365234375, 246.10311889648438], 'conf': 0.7085547, 'label_id': 'person', 'sub_labels': 'other', 'sub_labels_conf': 0.9798705577850342, 'id': 12}, {'box': [1153.70849609375, 352.3506774902344, 83.0439453125, 215.59410095214844], 'conf': 0.6156094, 'label_id': 'person', 'sub_labels': 'other', 'sub_labels_conf': 0.979335367679596, 'id': 13}, {'box': [1626.095458984375, 374.69598388671875, 118.2811279296875, 220.67324829101562], 'conf': 0.5636088, 'label_id': 'person', 'sub_labels': 'other', 'sub_labels_conf': 0.9843898415565491, 'id': 15}, {'box': [1710.4200439453125, 413.50469970703125, 62.3154296875, 206.69863891601562], 'conf': 0.60568124, 'label_id': 'person', 'sub_labels': 'other', 'sub_labels_conf': 0.9348248839378357, 'id': 16}, {'box': [1319.695556640625, 431.73394775390625, 108.4984130859375, 261.7840881347656], 'conf': 0.87618256, 'label_id': 'person', 'sub_labels': 'other', 'sub_labels_conf': 0.9999781847000122, 'id': 3}, {'box': [1191.8538818359375, 295.19818115234375, 72.992919921875, 209.8709259033203], 'conf': 0.5618762, 'label_id': 'person', 'sub_labels': 'other', 'sub_labels_conf': 0.9949676394462585, 'id': 6}]"
50,2024/5/22 Wednesday 0:0:2,"[{'box': [1030.266845703125, 360.98443603515625, 88.2164306640625, 251.88832092285156], 'conf': 0.86305755, 'label_id': 'person', 'sub_labels': 'other', 'sub_labels_conf': 0.996868908405304, 'id': 1}, {'box': [269.4759521484375, 552.0673217773438, 126.34635925292969, 274.0791931152344], 'conf': 0.8492902, 'label_id': 'person', 'sub_labels': 'other', 'sub_labels_conf': 0.9999476671218872, 'id': 2}, {'box': [1365.26953125, 512.362060546875, 128.6314697265625, 289.5556640625], 'conf': 0.7959227, 'label_id': 'person', 'sub_labels': 'other', 'sub_labels_conf': 0.9982936978340149, 'id': 4}, {'box': [331.46929931640625, 558.6983642578125, 109.97341918945312, 235.98883056640625], 'conf': 0.6971619, 'label_id': 'person', 'sub_labels': 'other', 'sub_labels_conf': 0.9982683658599854, 'id': 5}, {'box': [90.0599136352539, 646.3424072265625, 151.3369903564453, 268.22906494140625], 'conf': 0.84689254, 'label_id': 'person', 'sub_labels': 'other', 'sub_labels_conf': 0.9990697503089905, 'id': 7}, {'box': [498.41693115234375, 504.453857421875, 113.47500610351562, 314.000244140625], 'conf': 0.5744619, 'label_id': 'person', 'sub_labels': 'other', 'sub_labels_conf': 0.9745516180992126, 'id': 8}, {'box': [180.87588500976562, 557.125732421875, 98.09402465820312, 240.39407348632812], 'conf': 0.83299154, 'label_id': 'person', 'sub_labels': 'other', 'sub_labels_conf': 0.7358497381210327, 'id': 9}, {'box': [1621.0965576171875, 499.51214599609375, 86.8359375, 222.81961059570312], 'conf': 0.8506972, 'label_id': 'person', 'sub_labels': 'other', 'sub_labels_conf': 0.9999960660934448, 'id': 11}, {'box': [409.20758056640625, 535.1774291992188, 91.95184326171875, 246.03890991210938], 'conf': 0.710654, 'label_id': 'person', 'sub_labels': 'other', 'sub_labels_conf': 0.9792303442955017, 'id': 12}, {'box': [1149.43701171875, 351.9437561035156, 89.060791015625, 215.1385498046875], 'conf': 0.704552, 'label_id': 'person', 'sub_labels': 'other', 'sub_labels_conf': 0.9301787614822388, 'id': 13}, {'box': [1625.1732177734375, 370.69696044921875, 115.50537109375, 213.088134765625], 'conf': 0.6924221, 'label_id': 'person', 'sub_labels': 'other', 'sub_labels_conf': 0.99853515625, 'id': 15}, {'box': [1709.4942626953125, 412.38275146484375, 64.418212890625, 209.30343627929688], 'conf': 0.60798234, 'label_id': 'person', 'sub_labels': 'other', 'sub_labels_conf': 0.8237396478652954, 'id': 16}, {'box': [1311.992919921875, 428.9169006347656, 113.2354736328125, 258.90057373046875], 'conf': 0.8135427, 'label_id': 'person', 'sub_labels': 'other', 'sub_labels_conf': 0.9999784231185913, 'id': 3}, {'box': [1190.5302734375, 308.4036560058594, 73.189697265625, 236.2261962890625], 'conf': 0.5598176, 'label_id': 'person', 'sub_labels': 'other', 'sub_labels_conf': 0.9992456436157227, 'id': 6}]"
51,2024/5/22 Wednesday 0:0:2,"[{'box': [1029.2259521484375, 355.80712890625, 86.15582275390625, 246.09371948242188], 'conf': 0.86002266, 'label_id': 'person', 'sub_labels': 'other', 'sub_labels_conf': 0.9981114864349365, 'id': 1}, {'box': [269.5379638671875, 552.056396484375, 126.23336791992188, 274.175537109375], 'conf': 0.8521539, 'label_id': 'person', 'sub_labels': 'other', 'sub_labels_conf': 0.999933123588562, 'id': 2}, {'box': [1354.3154296875, 510.834716796875, 138.7537841796875, 290.6671142578125], 'conf': 0.8121961, 'label_id': 'person', 'sub_labels': 'other', 'sub_labels_conf': 0.9987081289291382, 'id': 4}, {'box': [332.4689636230469, 558.3985595703125, 111.53314208984375, 238.4071044921875], 'conf': 0.7008067, 'label_id': 'person', 'sub_labels': 'other', 'sub_labels_conf': 0.9982775449752808, 'id': 5}, {'box': [90.60254669189453, 646.346435546875, 151.82862854003906, 267.010498046875], 'conf': 0.84674245, 'label_id': 'person', 'sub_labels': 'other', 'sub_labels_conf': 0.9995641112327576, 'id': 7}, {'box': [498.3864440917969, 504.9358215332031, 113.60748291015625, 313.51446533203125], 'conf': 0.58549684, 'label_id': 'person', 'sub_labels': 'other', 'sub_labels_conf': 0.9736335873603821, 'id': 8}, {'box': [181.22618103027344, 557.6380615234375, 97.19744873046875, 239.96316528320312], 'conf': 0.83208454, 'label_id': 'person', 'sub_labels': 'other', 'sub_labels_conf': 0.786743700504303, 'id': 9}, {'box': [1612.3665771484375, 497.184326171875, 95.411376953125, 225.72183227539062], 'conf': 0.84259355, 'label_id': 'person', 'sub_labels': 'other', 'sub_labels_conf': 0.9999876022338867, 'id': 11}, {'box': [409.0645751953125, 535.3251342773438, 92.32373046875, 245.84329223632812], 'conf': 0.70301074, 'label_id': 'person', 'sub_labels': 'other', 'sub_labels_conf': 0.9789078831672668, 'id': 12}, {'box': [1148.2882080078125, 351.92022705078125, 94.31103515625, 214.63540649414062], 'conf': 0.6982986, 'label_id': 'person', 'sub_labels': 'other', 'sub_labels_conf': 0.5641632080078125, 'id': 13}, {'box': [1623.94677734375, 369.21722412109375, 113.1717529296875, 210.65371704101562], 'conf': 0.6762349, 'label_id': 'person', 'sub_labels': 'other', 'sub_labels_conf': 0.9977924823760986, 'id': 15}, {'box': [1708.7054443359375, 411.6523132324219, 66.531494140625, 209.90740966796875], 'conf': 0.54697275, 'label_id': 'person', 'sub_labels': 'other', 'sub_labels_conf': 0.8142191767692566, 'id': 16}, {'box': [1308.2109375, 419.9375, 111.2886962890625, 241.34835815429688], 'conf': 0.80459386, 'label_id': 'person', 'sub_labels': 'other', 'sub_labels_conf': 0.9999582767486572, 'id': 3}, {'box': [1189.3193359375, 313.25030517578125, 75.415283203125, 245.37850952148438], 'conf': 0.55027235, 'label_id': 'person', 'sub_labels': 'other', 'sub_labels_conf': 0.9988982677459717, 'id': 6}]"
52,2024/5/22 Wednesday 0:0:2,"[{'box': [1029.0771484375, 352.97271728515625, 86.1898193359375, 243.21029663085938], 'conf': 0.86938894, 'label_id': 'person', 'sub_labels': 'other', 'sub_labels_conf': 0.9982255101203918, 'id': 1}, {'box': [269.5594177246094, 551.9168701171875, 126.17338562011719, 274.52142333984375], 'conf': 0.8573552, 'label_id': 'person', 'sub_labels': 'other', 'sub_labels_conf': 0.9999388456344604, 'id': 2}, {'box': [1344.3416748046875, 509.7537841796875, 141.872314453125, 293.9423828125], 'conf': 0.8300219, 'label_id': 'person', 'sub_labels': 'other', 'sub_labels_conf': 0.9983230233192444, 'id': 4}, {'box': [335.058349609375, 558.4589233398438, 110.57272338867188, 235.18789672851562], 'conf': 0.68344927, 'label_id': 'person', 'sub_labels': 'other', 'sub_labels_conf': 0.9960112571716309, 'id': 5}, {'box': [90.9117202758789, 645.965087890625, 151.70838928222656, 265.96966552734375], 'conf': 0.8439374, 'label_id': 'person', 'sub_labels': 'other', 'sub_labels_conf': 0.9994348883628845, 'id': 7}, {'box': [498.5574951171875, 503.8594665527344, 113.40615844726562, 314.80645751953125], 'conf': 0.5711786, 'label_id': 'person', 'sub_labels': 'other', 'sub_labels_conf': 0.9533194899559021, 'id': 8}, {'box': [181.30386352539062, 557.4237670898438, 97.06764221191406, 240.48104858398438], 'conf': 0.836091, 'label_id': 'person', 'sub_labels': 'other', 'sub_labels_conf': 0.80649334192276, 'id': 9}, {'box': [1601.5233154296875, 496.1185302734375, 104.451171875, 224.05111694335938], 'conf': 0.864169, 'label_id': 'person', 'sub_labels': 'other', 'sub_labels_conf': 0.9999903440475464, 'id': 11}, {'box': [408.1973876953125, 535.9547119140625, 92.77978515625, 246.38351440429688], 'conf': 0.65878624, 'label_id': 'person', 'sub_labels': 'other', 'sub_labels_conf': 0.9821260571479797, 'id': 12}, {'box': [1141.0093994140625, 353.22216796875, 109.998046875, 219.6949005126953], 'conf': 0.5799093, 'label_id': 'person', 'sub_labels': 'cashier', 'sub_labels_conf': 0.9550254940986633, 'id': 13}, {'box': [1622.559814453125, 365.046630859375, 115.0579833984375, 203.01531982421875], 'conf': 0.69929403, 'label_id': 'person', 'sub_labels': 'other', 'sub_labels_conf': 0.997572124004364, 'id': 15}, {'box': [1708.685302734375, 412.57745361328125, 66.3026123046875, 207.71371459960938], 'conf': 0.58160734, 'label_id': 'person', 'sub_labels': 'other', 'sub_labels_conf': 0.8299844264984131, 'id': 16}, {'box': [1301.89208984375, 416.06903076171875, 114.032470703125, 235.45590209960938], 'conf': 0.82311034, 'label_id': 'person', 'sub_labels': 'other', 'sub_labels_conf': 0.9999814033508301, 'id': 3}, {'box': [1189.07666015625, 314.32611083984375, 75.1378173828125, 246.55270385742188], 'conf': 0.634583, 'label_id': 'person', 'sub_labels': 'other', 'sub_labels_conf': 0.9992996454238892, 'id': 6}]"
53,2024/5/22 Wednesday 0:0:2,"[{'box': [1026.4976806640625, 351.72821044921875, 85.244384765625, 243.09161376953125], 'conf': 0.86295956, 'label_id': 'person', 'sub_labels': 'other', 'sub_labels_conf': 0.9974501729011536, 'id': 1}, {'box': [269.56231689453125, 551.9183349609375, 126.17161560058594, 274.80487060546875], 'conf': 0.85777164, 'label_id': 'person', 'sub_labels': 'other', 'sub_labels_conf': 0.9999279975891113, 'id': 2}, {'box': [1340.173095703125, 509.6572265625, 132.1278076171875, 296.0362854003906], 'conf': 0.84152466, 'label_id': 'person', 'sub_labels': 'other', 'sub_labels_conf': 0.9986191987991333, 'id': 4}, {'box': [332.98602294921875, 557.4144287109375, 103.534912109375, 235.67181396484375], 'conf': 0.63874954, 'label_id': 'person', 'sub_labels': 'other', 'sub_labels_conf': 0.9947800636291504, 'id': 5}, {'box': [91.39496612548828, 645.9105224609375, 151.37977600097656, 265.45904541015625], 'conf': 0.8460439, 'label_id': 'person', 'sub_labels': 'other', 'sub_labels_conf': 0.9995960593223572, 'id': 7}, {'box': [498.73114013671875, 503.10906982421875, 113.5157470703125, 314.4920654296875], 'conf': 0.5718065, 'label_id': 'person', 'sub_labels': 'other', 'sub_labels_conf': 0.9537991285324097, 'id': 8}, {'box': [181.07679748535156, 557.1216430664062, 97.87042236328125, 241.6064453125], 'conf': 0.83495325, 'label_id': 'person', 'sub_labels': 'other', 'sub_labels_conf': 0.7803921103477478, 'id': 9}, {'box': [1590.00146484375, 496.1722412109375, 114.369873046875, 220.36886596679688], 'conf': 0.85110134, 'label_id': 'person', 'sub_labels': 'other', 'sub_labels_conf': 0.9999740123748779, 'id': 11}, {'box': [407.9384765625, 535.97607421875, 92.95632934570312, 246.81219482421875], 'conf': 0.631223, 'label_id': 'person', 'sub_labels': 'other', 'sub_labels_conf': 0.9636834263801575, 'id': 12}, {'box': [1131.3756103515625, 353.5403137207031, 99.26513671875, 222.0920867919922], 'conf': 0.71047354, 'label_id': 'person', 'sub_labels': 'other', 'sub_labels_conf': 0.853888213634491, 'id': 13}, {'box': [1620.9764404296875, 361.64801025390625, 113.437744140625, 196.13275146484375], 'conf': 0.62430114, 'label_id': 'person', 'sub_labels': 'other', 'sub_labels_conf': 0.9989091157913208, 'id': 15}, {'box': [1708.0372314453125, 411.9729919433594, 67.957275390625, 208.95794677734375], 'conf': 0.5413276, 'label_id': 'person', 'sub_labels': 'other', 'sub_labels_conf': 0.9166300892829895, 'id': 16}, {'box': [1297.6453857421875, 414.63348388671875, 115.190673828125, 234.840576171875], 'conf': 0.79808706, 'label_id': 'person', 'sub_labels': 'other', 'sub_labels_conf': 0.9999901056289673, 'id': 3}, {'box': [1188.3768310546875, 311.33734130859375, 75.514404296875, 240.78237915039062], 'conf': 0.66117376, 'label_id': 'person', 'sub_labels': 'other', 'sub_labels_conf': 0.9991764426231384, 'id': 6}]"
54,2024/5/22 Wednesday 0:0:2,"[{'box': [1023.2513427734375, 351.09490966796875, 82.384033203125, 244.6051025390625], 'conf': 0.8539286, 'label_id': 'person', 'sub_labels': 'other', 'sub_labels_conf': 0.9966973066329956, 'id': 1}, {'box': [269.4747619628906, 551.9743041992188, 125.98805236816406, 274.9346008300781], 'conf': 0.8536895, 'label_id': 'person', 'sub_labels': 'other', 'sub_labels_conf': 0.9999198913574219, 'id': 2}, {'box': [1334.790771484375, 510.04443359375, 126.7855224609375, 296.2409362792969], 'conf': 0.86052203, 'label_id': 'person', 'sub_labels': 'other', 'sub_labels_conf': 0.9880270957946777, 'id': 4}, {'box': [326.22235107421875, 557.0478515625, 89.69210815429688, 234.30874633789062], 'conf': 0.631349, 'label_id': 'person', 'sub_labels': 'other', 'sub_labels_conf': 0.9948087930679321, 'id': 5}, {'box': [92.07604217529297, 646.6673583984375, 152.24876403808594, 265.26824951171875], 'conf': 0.8412127, 'label_id': 'person', 'sub_labels': 'other', 'sub_labels_conf': 0.999422550201416, 'id': 7}, {'box': [498.665283203125, 502.688232421875, 114.126708984375, 314.7327575683594], 'conf': 0.5538169, 'label_id': 'person', 'sub_labels': 'other', 'sub_labels_conf': 0.9382708668708801, 'id': 8}, {'box': [181.11439514160156, 557.087158203125, 97.81466674804688, 242.02627563476562], 'conf': 0.8291185, 'label_id': 'person', 'sub_labels': 'other', 'sub_labels_conf': 0.7739425301551819, 'id': 9}, {'box': [1586.02685546875, 495.59674072265625, 112.9351806640625, 220.68087768554688], 'conf': 0.8315055, 'label_id': 'person', 'sub_labels': 'other', 'sub_labels_conf': 0.9998883008956909, 'id': 11}, {'box': [405.5548095703125, 514.6331787109375, 99.38970947265625, 289.52099609375], 'conf': 0.5981732, 'label_id': 'person', 'sub_labels': 'other', 'sub_labels_conf': 0.9963603615760803, 'id': 12}, {'box': [1129.24365234375, 352.8865051269531, 89.11181640625, 224.3090057373047], 'conf': 0.7575112, 'label_id': 'person', 'sub_labels': 'other', 'sub_labels_conf': 0.602088987827301, 'id': 13}, {'box': [1619.362548828125, 357.4044494628906, 111.3787841796875, 186.3701171875], 'conf': 0.42083472, 'label_id': 'person', 'sub_labels': 'other', 'sub_labels_conf': 0.9997156262397766, 'id': 15}, {'box': [1708.2694091796875, 417.03228759765625, 67.284423828125, 199.03610229492188], 'conf': 0.55117464, 'label_id': 'person', 'sub_labels': 'other', 'sub_labels_conf': 0.6743100881576538, 'id': 16}, {'box': [1292.7890625, 413.6949768066406, 112.7030029296875, 235.78363037109375], 'conf': 0.78338355, 'label_id': 'person', 'sub_labels': 'other', 'sub_labels_conf': 0.9999786615371704, 'id': 3}, {'box': [1186.9462890625, 307.67950439453125, 77.3756103515625, 234.22808837890625], 'conf': 0.71745753, 'label_id': 'person', 'sub_labels': 'other', 'sub_labels_conf': 0.9988560676574707, 'id': 6}]"
55,2024/5/22 Wednesday 0:0:2,"[{'box': [1019.2724609375, 350.18206787109375, 81.144775390625, 245.74630737304688], 'conf': 0.85345334, 'label_id': 'person', 'sub_labels': 'other', 'sub_labels_conf': 0.984844982624054, 'id': 1}, {'box': [269.4401550292969, 551.7965087890625, 125.57939147949219, 275.28033447265625], 'conf': 0.85216075, 'label_id': 'person', 'sub_labels': 'other', 'sub_labels_conf': 0.9999121427536011, 'id': 2}, {'box': [1329.4659423828125, 508.2547607421875, 122.13134765625, 296.4319152832031], 'conf': 0.8573485, 'label_id': 'person', 'sub_labels': 'other', 'sub_labels_conf': 0.9506897926330566, 'id': 4}, {'box': [320.61785888671875, 554.2644653320312, 84.2767333984375, 231.80068969726562], 'conf': 0.6412107, 'label_id': 'person', 'sub_labels': 'other', 'sub_labels_conf': 0.9956781268119812, 'id': 5}, {'box': [90.54061889648438, 646.496337890625, 153.1796875, 266.18499755859375], 'conf': 0.84767777, 'label_id': 'person', 'sub_labels': 'other', 'sub_labels_conf': 0.9988582134246826, 'id': 7}, {'box': [498.8356018066406, 503.34381103515625, 113.76263427734375, 313.4436340332031], 'conf': 0.5678509, 'label_id': 'person', 'sub_labels': 'other', 'sub_labels_conf': 0.947688639163971, 'id': 8}, {'box': [181.18089294433594, 556.8048706054688, 97.92864990234375, 242.8011474609375], 'conf': 0.82969385, 'label_id': 'person', 'sub_labels': 'other', 'sub_labels_conf': 0.847257137298584, 'id': 9}, {'box': [1584.06103515625, 495.93841552734375, 105.5030517578125, 218.8675537109375], 'conf': 0.82834905, 'label_id': 'person', 'sub_labels': 'other', 'sub_labels_conf': 0.9999551773071289, 'id': 11}, {'box': [407.26171875, 526.9466552734375, 95.36370849609375, 266.43426513671875], 'conf': 0.6325995, 'label_id': 'person', 'sub_labels': 'other', 'sub_labels_conf': 0.993716299533844, 'id': 12}, {'box': [1126.871826171875, 352.0799560546875, 84.3017578125, 223.7196807861328], 'conf': 0.77613467, 'label_id': 'person', 'sub_labels': 'other', 'sub_labels_conf': 0.985619068145752, 'id': 13}, {'box': [1623.0419921875, 379.8909912109375, 110.6273193359375, 231.71478271484375], 'conf': 0.1582971, 'label_id': 'person', 'sub_labels': 'other', 'sub_labels_conf': 0.996340274810791, 'id': 15}, {'box': [1708.73876953125, 420.1473388671875, 67.05029296875, 192.95907592773438], 'conf': 0.60835284, 'label_id': 'person', 'sub_labels': 'other', 'sub_labels_conf': 0.5605831146240234, 'id': 16}, {'box': [1291.21435546875, 410.52142333984375, 100.0506591796875, 236.2840576171875], 'conf': 0.7837749, 'label_id': 'person', 'sub_labels': 'other', 'sub_labels_conf': 0.9999905824661255, 'id': 3}, {'box': [1185.71044921875, 309.7811279296875, 78.330810546875, 238.9967041015625], 'conf': 0.72130376, 'label_id': 'person', 'sub_labels': 'other', 'sub_labels_conf': 0.9930279850959778, 'id': 6}]"
56,2024/5/22 Wednesday 0:0:2,"[{'box': [1015.872314453125, 348.8008117675781, 83.83819580078125, 246.77378845214844], 'conf': 0.855036, 'label_id': 'person', 'sub_labels': 'other', 'sub_labels_conf': 0.9884080290794373, 'id': 1}, {'box': [269.3985595703125, 551.6964721679688, 125.28451538085938, 275.5011291503906], 'conf': 0.8539646, 'label_id': 'person', 'sub_labels': 'other', 'sub_labels_conf': 0.9999483823776245, 'id': 2}, {'box': [1324.061279296875, 501.88037109375, 115.4771728515625, 300.7388000488281], 'conf': 0.8261504, 'label_id': 'person', 'sub_labels': 'other', 'sub_labels_conf': 0.9739330410957336, 'id': 4}, {'box': [324.67193603515625, 555.2899780273438, 90.00918579101562, 234.275634765625], 'conf': 0.63654685, 'label_id': 'person', 'sub_labels': 'other', 'sub_labels_conf': 0.9899271726608276, 'id': 5}, {'box': [90.21299743652344, 646.467041015625, 153.89340209960938, 266.84320068359375], 'conf': 0.84817475, 'label_id': 'person', 'sub_labels': 'other', 'sub_labels_conf': 0.999214768409729, 'id': 7}, {'box': [499.17376708984375, 503.34130859375, 113.65530395507812, 312.7525634765625], 'conf': 0.55955356, 'label_id': 'person', 'sub_labels': 'other', 'sub_labels_conf': 0.9408207535743713, 'id': 8}, {'box': [181.1307830810547, 556.8321533203125, 97.948486328125, 242.91571044921875], 'conf': 0.83052284, 'label_id': 'person', 'sub_labels': 'other', 'sub_labels_conf': 0.8619502782821655, 'id': 9}, {'box': [1575.44287109375, 496.61785888671875, 109.6651611328125, 216.66018676757812], 'conf': 0.7835427, 'label_id': 'person', 'sub_labels': 'other', 'sub_labels_conf': 0.9999884366989136, 'id': 11}, {'box': [408.0850830078125, 532.17431640625, 93.9134521484375, 253.85653686523438], 'conf': 0.6588178, 'label_id': 'person', 'sub_labels': 'other', 'sub_labels_conf': 0.9818482398986816, 'id': 12}, {'box': [1125.452880859375, 350.729248046875, 86.1175537109375, 223.08644104003906], 'conf': 0.75410944, 'label_id': 'person', 'sub_labels': 'other', 'sub_labels_conf': 0.976055920124054, 'id': 13}, {'box': [1622.8277587890625, 386.36688232421875, 115.017578125, 245.158935546875], 'conf': 0.14615642, 'label_id': 'person', 'sub_labels': 'other', 'sub_labels_conf': 0.986367404460907, 'id': 15}, {'box': [1708.73974609375, 419.28582763671875, 66.5191650390625, 193.152099609375], 'conf': 0.6070595, 'label_id': 'person', 'sub_labels': 'other', 'sub_labels_conf': 0.656644344329834, 'id': 16}, {'box': [1288.226806640625, 408.59307861328125, 92.3404541015625, 237.61892700195312], 'conf': 0.7446584, 'label_id': 'person', 'sub_labels': 'other', 'sub_labels_conf': 0.9999185800552368, 'id': 3}, {'box': [1184.37744140625, 309.47747802734375, 78.2099609375, 238.01622009277344], 'conf': 0.75358564, 'label_id': 'person', 'sub_labels': 'other', 'sub_labels_conf': 0.9959143996238708, 'id': 6}]"
57,2024/5/22 Wednesday 0:0:2,"[{'box': [1011.9305419921875, 348.6558532714844, 84.721435546875, 246.79136657714844], 'conf': 0.84917486, 'label_id': 'person', 'sub_labels': 'other', 'sub_labels_conf': 0.9948516488075256, 'id': 1}, {'box': [269.3828125, 551.6600341796875, 125.22526550292969, 275.5314636230469], 'conf': 0.8506516, 'label_id': 'person', 'sub_labels': 'other', 'sub_labels_conf': 0.9999668598175049, 'id': 2}, {'box': [1319.6549072265625, 488.9949951171875, 107.160888671875, 290.6868896484375], 'conf': 0.8422391, 'label_id': 'person', 'sub_labels': 'other', 'sub_labels_conf': 0.9877051115036011, 'id': 4}, {'box': [327.8772277832031, 555.66357421875, 95.87164306640625, 237.2177734375], 'conf': 0.63682175, 'label_id': 'person', 'sub_labels': 'other', 'sub_labels_conf': 0.9764109253883362, 'id': 5}, {'box': [89.31025695800781, 644.86279296875, 153.25643920898438, 263.59637451171875], 'conf': 0.8414403, 'label_id': 'person', 'sub_labels': 'other', 'sub_labels_conf': 0.9966815114021301, 'id': 7}, {'box': [499.2427673339844, 502.9273986816406, 113.78363037109375, 314.01593017578125], 'conf': 0.57193255, 'label_id': 'person', 'sub_labels': 'other', 'sub_labels_conf': 0.9437401294708252, 'id': 8}, {'box': [181.21429443359375, 556.6842041015625, 97.96311950683594, 243.29083251953125], 'conf': 0.8270726, 'label_id': 'person', 'sub_labels': 'other', 'sub_labels_conf': 0.8842364549636841, 'id': 9}, {'box': [1569.582763671875, 493.071044921875, 109.3133544921875, 222.73965454101562], 'conf': 0.8416177, 'label_id': 'person', 'sub_labels': 'other', 'sub_labels_conf': 0.9999715089797974, 'id': 11}, {'box': [408.6046142578125, 534.9906005859375, 92.80841064453125, 251.35052490234375], 'conf': 0.6516609, 'label_id': 'person', 'sub_labels': 'other', 'sub_labels_conf': 0.9769001007080078, 'id': 12}, {'box': [1119.753662109375, 348.55096435546875, 91.0736083984375, 220.17483520507812], 'conf': 0.76650083, 'label_id': 'person', 'sub_labels': 'other', 'sub_labels_conf': 0.982082188129425, 'id': 13}, {'box': [1636.14501953125, 389.0170593261719, 109.6322021484375, 251.65399169921875], 'conf': 0.19434223, 'label_id': 'person', 'sub_labels': 'other', 'sub_labels_conf': 0.9967139959335327, 'id': 15}, {'box': [1708.74169921875, 418.4234619140625, 66.0386962890625, 193.84536743164062], 'conf': 0.50307196, 'label_id': 'person', 'sub_labels': 'other', 'sub_labels_conf': 0.726232647895813, 'id': 16}, {'box': [1284.665771484375, 406.83258056640625, 89.1231689453125, 239.51187133789062], 'conf': 0.7328771, 'label_id': 'person', 'sub_labels': 'other', 'sub_labels_conf': 0.999990701675415, 'id': 3}, {'box': [1184.350830078125, 305.6117858886719, 76.7659912109375, 230.4861602783203], 'conf': 0.77018553, 'label_id': 'person', 'sub_labels': 'other', 'sub_labels_conf': 0.9983441829681396, 'id': 6}]"
58,2024/5/22 Wednesday 0:0:2,"[{'box': [1008.5233764648438, 348.87176513671875, 80.8905029296875, 246.3168182373047], 'conf': 0.8316566, 'label_id': 'person', 'sub_labels': 'other', 'sub_labels_conf': 0.9959443211555481, 'id': 1}, {'box': [269.3538818359375, 551.5718994140625, 125.23574829101562, 275.72705078125], 'conf': 0.85224766, 'label_id': 'person', 'sub_labels': 'other', 'sub_labels_conf': 0.9999572038650513, 'id': 2}, {'box': [1314.2548828125, 489.5216369628906, 101.3153076171875, 283.47149658203125], 'conf': 0.82134724, 'label_id': 'person', 'sub_labels': 'other', 'sub_labels_conf': 0.9873129725456238, 'id': 4}, {'box': [330.3493347167969, 555.8356323242188, 101.29229736328125, 239.66818237304688], 'conf': 0.63807654, 'label_id': 'person', 'sub_labels': 'other', 'sub_labels_conf': 0.9972020387649536, 'id': 5}, {'box': [89.05992889404297, 644.43359375, 153.0390167236328, 262.93304443359375], 'conf': 0.84117734, 'label_id': 'person', 'sub_labels': 'other', 'sub_labels_conf': 0.997768759727478, 'id': 7}, {'box': [499.09075927734375, 502.42242431640625, 114.09817504882812, 315.5921936035156], 'conf': 0.5903668, 'label_id': 'person', 'sub_labels': 'other', 'sub_labels_conf': 0.9125915169715881, 'id': 8}, {'box': [181.26870727539062, 556.606201171875, 97.86054992675781, 243.43377685546875], 'conf': 0.82297975, 'label_id': 'person', 'sub_labels': 'other', 'sub_labels_conf': 0.8866593837738037, 'id': 9}, {'box': [1566.677001953125, 489.3512878417969, 106.9154052734375, 223.18463134765625], 'conf': 0.8596864, 'label_id': 'person', 'sub_labels': 'other', 'sub_labels_conf': 0.9999775886535645, 'id': 11}, {'box': [408.75885009765625, 536.078857421875, 92.40371704101562, 250.55499267578125], 'conf': 0.63224274, 'label_id': 'person', 'sub_labels': 'other', 'sub_labels_conf': 0.9739850759506226, 'id': 12}, {'box': [1115.8525390625, 346.64813232421875, 93.705810546875, 220.2578582763672], 'conf': 0.7900175, 'label_id': 'person', 'sub_labels': 'other', 'sub_labels_conf': 0.9608893394470215, 'id': 13}, {'box': [1708.82421875, 420.1115417480469, 65.9515380859375, 190.29034423828125], 'conf': 0.53154826, 'label_id': 'person', 'sub_labels': 'not_human', 'sub_labels_conf': 0.48327338695526123, 'id': 16}, {'box': [1284.9921875, 402.937744140625, 82.6368408203125, 237.62142944335938], 'conf': 0.6674166, 'label_id': 'person', 'sub_labels': 'other', 'sub_labels_conf': 0.9999945163726807, 'id': 3}, {'box': [1183.656005859375, 304.13494873046875, 76.5325927734375, 225.85508728027344], 'conf': 0.79025537, 'label_id': 'person', 'sub_labels': 'other', 'sub_labels_conf': 0.994036078453064, 'id': 6}]"
59,2024/5/22 Wednesday 0:0:2,"[{'box': [1004.7637329101562, 348.582275390625, 80.4307861328125, 246.2347412109375], 'conf': 0.8355523, 'label_id': 'person', 'sub_labels': 'other', 'sub_labels_conf': 0.996519923210144, 'id': 1}, {'box': [269.345703125, 551.546875, 125.27182006835938, 275.75946044921875], 'conf': 0.85144204, 'label_id': 'person', 'sub_labels': 'other', 'sub_labels_conf': 0.9999605417251587, 'id': 2}, {'box': [1309.66455078125, 483.01007080078125, 94.1741943359375, 283.4640808105469], 'conf': 0.79840636, 'label_id': 'person', 'sub_labels': 'other', 'sub_labels_conf': 0.9949499368667603, 'id': 4}, {'box': [331.35919189453125, 555.835205078125, 104.75222778320312, 240.62115478515625], 'conf': 0.63149256, 'label_id': 'person', 'sub_labels': 'other', 'sub_labels_conf': 0.9957285523414612, 'id': 5}, {'box': [89.62425231933594, 644.112060546875, 153.95858764648438, 261.24310302734375], 'conf': 0.8399802, 'label_id': 'person', 'sub_labels': 'other', 'sub_labels_conf': 0.997132420539856, 'id': 7}, {'box': [499.057861328125, 502.7721862792969, 114.378173828125, 314.79583740234375], 'conf': 0.5696038, 'label_id': 'person', 'sub_labels': 'other', 'sub_labels_conf': 0.9125915169715881, 'id': 8}, {'box': [181.32652282714844, 556.5746459960938, 98.22433471679688, 243.44796752929688], 'conf': 0.82069916, 'label_id': 'person', 'sub_labels': 'other', 'sub_labels_conf': 0.9503176808357239, 'id': 9}, {'box': [1564.0560302734375, 487.98480224609375, 105.173583984375, 223.4892578125], 'conf': 0.74510735, 'label_id': 'person', 'sub_labels': 'other', 'sub_labels_conf': 0.9997585415840149, 'id': 11}, {'box': [409.021484375, 536.5044555664062, 91.93365478515625, 250.1719970703125], 'conf': 0.6128988, 'label_id': 'person', 'sub_labels': 'other', 'sub_labels_conf': 0.9665189981460571, 'id': 12}, {'box': [1109.510498046875, 344.8760070800781, 87.3785400390625, 219.6371612548828], 'conf': 0.8030746, 'label_id': 'person', 'sub_labels': 'other', 'sub_labels_conf': 0.9644172191619873, 'id': 13}, {'box': [1708.53515625, 419.4582824707031, 66.4105224609375, 191.32135009765625], 'conf': 0.37599632, 'label_id': 'person', 'sub_labels': 'other', 'sub_labels_conf': 0.717728853225708, 'id': 16}, {'box': [1279.8958740234375, 384.781494140625, 76.352294921875, 205.69607543945312], 'conf': 0.64724624, 'label_id': 'person', 'sub_labels': 'other', 'sub_labels_conf': 0.9999485015869141, 'id': 3}, {'box': [1182.974609375, 303.3360290527344, 76.8109130859375, 223.43470764160156], 'conf': 0.7820099, 'label_id': 'person', 'sub_labels': 'other', 'sub_labels_conf': 0.9963064193725586, 'id': 6}]"
60,2024/5/22 Wednesday 0:0:2,"[{'box': [1002.4970703125, 348.2537536621094, 80.14794921875, 246.314697265625], 'conf': 0.87014943, 'label_id': 'person', 'sub_labels': 'other', 'sub_labels_conf': 0.9959130883216858, 'id': 1}, {'box': [269.2747802734375, 551.7594604492188, 125.09022521972656, 275.1847839355469], 'conf': 0.8510754, 'label_id': 'person', 'sub_labels': 'other', 'sub_labels_conf': 0.9999555349349976, 'id': 2}, {'box': [1305.568115234375, 478.7918701171875, 92.1298828125, 291.1024169921875], 'conf': 0.7964461, 'label_id': 'person', 'sub_labels': 'other', 'sub_labels_conf': 0.9944149255752563, 'id': 4}, {'box': [328.11419677734375, 555.3139038085938, 107.33462524414062, 238.01611328125], 'conf': 0.63754195, 'label_id': 'person', 'sub_labels': 'other', 'sub_labels_conf': 0.9989414811134338, 'id': 5}, {'box': [89.49067687988281, 643.7366943359375, 151.94223022460938, 259.216552734375], 'conf': 0.8353425, 'label_id': 'person', 'sub_labels': 'other', 'sub_labels_conf': 0.99294114112854, 'id': 7}, {'box': [499.91583251953125, 502.93359375, 113.46578979492188, 312.5033264160156], 'conf': 0.54222316, 'label_id': 'person', 'sub_labels': 'other', 'sub_labels_conf': 0.9414910674095154, 'id': 8}, {'box': [181.41278076171875, 556.7572021484375, 97.68377685546875, 242.89630126953125], 'conf': 0.8226161, 'label_id': 'person', 'sub_labels': 'other', 'sub_labels_conf': 0.875798761844635, 'id': 9}, {'box': [1562.624755859375, 484.8458557128906, 103.8604736328125, 222.56158447265625], 'conf': 0.855624, 'label_id': 'person', 'sub_labels': 'other', 'sub_labels_conf': 0.9995505213737488, 'id': 11}, {'box': [407.0072021484375, 536.8533935546875, 96.06573486328125, 249.51751708984375], 'conf': 0.5517138, 'label_id': 'person', 'sub_labels': 'other', 'sub_labels_conf': 0.9620508551597595, 'id': 12}, {'box': [1103.339599609375, 341.8288269042969, 83.644287109375, 219.90650939941406], 'conf': 0.7860154, 'label_id': 'person', 'sub_labels': 'other', 'sub_labels_conf': 0.9868925213813782, 'id': 13}, {'box': [1708.251953125, 418.59649658203125, 65.6417236328125, 191.52951049804688], 'conf': 0.3344108, 'label_id': 'person', 'sub_labels': 'other', 'sub_labels_conf': 0.6369413733482361, 'id': 16}, {'box': [1272.757080078125, 390.0958251953125, 78.5858154296875, 218.83663940429688], 'conf': 0.6589644, 'label_id': 'person', 'sub_labels': 'other', 'sub_labels_conf': 0.9999539852142334, 'id': 3}, {'box': [1181.985107421875, 302.4263610839844, 75.4644775390625, 221.68597412109375], 'conf': 0.77782667, 'label_id': 'person', 'sub_labels': 'other', 'sub_labels_conf': 0.968254804611206, 'id': 6}]"
61,2024/5/22 Wednesday 0:0:2,"[{'box': [1000.565185546875, 347.1247863769531, 82.644287109375, 247.1097412109375], 'conf': 0.8563314, 'label_id': 'person', 'sub_labels': 'other', 'sub_labels_conf': 0.996985137462616, 'id': 1}, {'box': [269.17730712890625, 551.9268188476562, 124.88323974609375, 274.858154296875], 'conf': 0.84958106, 'label_id': 'person', 'sub_labels': 'other', 'sub_labels_conf': 0.9999432563781738, 'id': 2}, {'box': [1295.0159912109375, 474.42364501953125, 101.55224609375, 289.7039794921875], 'conf': 0.808535, 'label_id': 'person', 'sub_labels': 'other', 'sub_labels_conf': 0.9969167709350586, 'id': 4}, {'box': [326.0421142578125, 555.0532836914062, 107.70465087890625, 236.36367797851562], 'conf': 0.63189924, 'label_id': 'person', 'sub_labels': 'other', 'sub_labels_conf': 0.9966477751731873, 'id': 5}, {'box': [89.36582946777344, 643.5576171875, 153.14971923828125, 259.21917724609375], 'conf': 0.8293442, 'label_id': 'person', 'sub_labels': 'other', 'sub_labels_conf': 0.9877780079841614, 'id': 7}, {'box': [500.2166442871094, 503.24566650390625, 113.49102783203125, 311.2825927734375], 'conf': 0.55952865, 'label_id': 'person', 'sub_labels': 'other', 'sub_labels_conf': 0.9257784485816956, 'id': 8}, {'box': [181.57705688476562, 556.8903198242188, 97.43113708496094, 242.44998168945312], 'conf': 0.81665945, 'label_id': 'person', 'sub_labels': 'other', 'sub_labels_conf': 0.8766319751739502, 'id': 9}, {'box': [1562.1015625, 481.70355224609375, 106.27392578125, 221.3045654296875], 'conf': 0.81365544, 'label_id': 'person', 'sub_labels': 'other', 'sub_labels_conf': 0.9994102716445923, 'id': 11}, {'box': [406.5657043457031, 537.14306640625, 97.162353515625, 249.60977172851562], 'conf': 0.60716856, 'label_id': 'person', 'sub_labels': 'other', 'sub_labels_conf': 0.9807351231575012, 'id': 12}, {'box': [1099.02978515625, 336.8345947265625, 84.8546142578125, 211.53175354003906], 'conf': 0.7807448, 'label_id': 'person', 'sub_labels': 'other', 'sub_labels_conf': 0.9845512509346008, 'id': 13}, {'box': [1708.096923828125, 417.73651123046875, 65.6109619140625, 192.38623046875], 'conf': 0.29380465, 'label_id': 'person', 'sub_labels': 'other', 'sub_labels_conf': 0.6143171787261963, 'id': 16}, {'box': [1267.042236328125, 388.52423095703125, 77.61083984375, 218.80502319335938], 'conf': 0.6214479, 'label_id': 'person', 'sub_labels': 'other', 'sub_labels_conf': 0.9999630451202393, 'id': 3}, {'box': [1181.6370849609375, 302.8045654296875, 75.17919921875, 221.03140258789062], 'conf': 0.78352994, 'label_id': 'person', 'sub_labels': 'other', 'sub_labels_conf': 0.9479999542236328, 'id': 6}]"
62,2024/5/22 Wednesday 0:0:2,"[{'box': [998.739990234375, 346.1669006347656, 88.03533935546875, 246.73594665527344], 'conf': 0.8524876, 'label_id': 'person', 'sub_labels': 'other', 'sub_labels_conf': 0.9975690245628357, 'id': 1}, {'box': [269.0686340332031, 552.0391845703125, 124.65971374511719, 274.70843505859375], 'conf': 0.8475674, 'label_id': 'person', 'sub_labels': 'other', 'sub_labels_conf': 0.9999598264694214, 'id': 2}, {'box': [1286.216064453125, 472.03875732421875, 104.2808837890625, 289.6551818847656], 'conf': 0.82224834, 'label_id': 'person', 'sub_labels': 'other', 'sub_labels_conf': 0.9984726309776306, 'id': 4}, {'box': [323.73712158203125, 555.0249633789062, 104.53195190429688, 235.36880493164062], 'conf': 0.61027235, 'label_id': 'person', 'sub_labels': 'other', 'sub_labels_conf': 0.9979352951049805, 'id': 5}, {'box': [88.6400375366211, 643.4769287109375, 154.65977478027344, 259.97418212890625], 'conf': 0.82937115, 'label_id': 'person', 'sub_labels': 'other', 'sub_labels_conf': 0.9955678582191467, 'id': 7}, {'box': [500.3119201660156, 503.67938232421875, 113.67889404296875, 310.9006652832031], 'conf': 0.55858624, 'label_id': 'person', 'sub_labels': 'other', 'sub_labels_conf': 0.9216580390930176, 'id': 8}, {'box': [181.71328735351562, 557.2383422851562, 97.237548828125, 241.47439575195312], 'conf': 0.81181735, 'label_id': 'person', 'sub_labels': 'other', 'sub_labels_conf': 0.823106050491333, 'id': 9}, {'box': [1557.584228515625, 479.6985168457031, 98.3458251953125, 223.09857177734375], 'conf': 0.77796715, 'label_id': 'person', 'sub_labels': 'other', 'sub_labels_conf': 0.9998167157173157, 'id': 11}, {'box': [406.7396240234375, 536.9522705078125, 96.99746704101562, 249.25363159179688], 'conf': 0.6792105, 'label_id': 'person', 'sub_labels': 'other', 'sub_labels_conf': 0.9716187119483948, 'id': 12}, {'box': [1094.551025390625, 332.81134033203125, 87.5975341796875, 206.552490234375], 'conf': 0.76529086, 'label_id': 'person', 'sub_labels': 'other', 'sub_labels_conf': 0.9807410836219788, 'id': 13}, {'box': [1708.052490234375, 415.3199462890625, 66.4073486328125, 197.40628051757812], 'conf': 0.28937024, 'label_id': 'person', 'sub_labels': 'other', 'sub_labels_conf': 0.7523807287216187, 'id': 16}, {'box': [1258.8895263671875, 392.1535339355469, 79.278076171875, 229.29986572265625], 'conf': 0.57770413, 'label_id': 'person', 'sub_labels': 'other', 'sub_labels_conf': 0.9999213218688965, 'id': 3}, {'box': [1181.45556640625, 302.9061279296875, 74.5911865234375, 220.17349243164062], 'conf': 0.7689895, 'label_id': 'person', 'sub_labels': 'other', 'sub_labels_conf': 0.9492911696434021, 'id': 6}, {'box': [1647.5863037109375, 343.7322998046875, 111.15087890625, 155.220703125], 'conf': 0.57422966, 'label_id': 'person', 'sub_labels': 'other', 'sub_labels_conf': 0.9969315528869629, 'id': 15}]"
63,2024/5/22 Wednesday 0:0:2,"[{'box': [997.42578125, 342.8885498046875, 95.93353271484375, 243.42459106445312], 'conf': 0.8574995, 'label_id': 'person', 'sub_labels': 'other', 'sub_labels_conf': 0.9909828305244446, 'id': 1}, {'box': [269.10589599609375, 552.088134765625, 124.71286010742188, 274.80084228515625], 'conf': 0.84758395, 'label_id': 'person', 'sub_labels': 'other', 'sub_labels_conf': 0.9999587535858154, 'id': 2}, {'box': [1276.611083984375, 469.2972717285156, 112.47216796875, 290.38397216796875], 'conf': 0.83616984, 'label_id': 'person', 'sub_labels': 'other', 'sub_labels_conf': 0.9987061023712158, 'id': 4}, {'box': [322.456787109375, 554.578857421875, 104.66256713867188, 233.8212890625], 'conf': 0.5800945, 'label_id': 'person', 'sub_labels': 'other', 'sub_labels_conf': 0.9965215921401978, 'id': 5}, {'box': [88.19775390625, 643.785400390625, 156.46502685546875, 260.50836181640625], 'conf': 0.8223497, 'label_id': 'person', 'sub_labels': 'other', 'sub_labels_conf': 0.9882672429084778, 'id': 7}, {'box': [501.06658935546875, 504.35565185546875, 114.51998901367188, 309.6763000488281], 'conf': 0.49342135, 'label_id': 'person', 'sub_labels': 'other', 'sub_labels_conf': 0.9120110869407654, 'id': 8}, {'box': [181.72462463378906, 557.3846435546875, 97.14492797851562, 241.132080078125], 'conf': 0.8011998, 'label_id': 'person', 'sub_labels': 'other', 'sub_labels_conf': 0.8067187070846558, 'id': 9}, {'box': [1560.43798828125, 478.50299072265625, 100.2711181640625, 224.5625], 'conf': 0.750959, 'label_id': 'person', 'sub_labels': 'other', 'sub_labels_conf': 0.9994701743125916, 'id': 11}, {'box': [407.6058349609375, 537.0932006835938, 96.21408081054688, 249.49502563476562], 'conf': 0.6807647, 'label_id': 'person', 'sub_labels': 'other', 'sub_labels_conf': 0.9637740254402161, 'id': 12}, {'box': [1090.683837890625, 331.5098876953125, 89.8602294921875, 206.3260498046875], 'conf': 0.7157719, 'label_id': 'person', 'sub_labels': 'other', 'sub_labels_conf': 0.9200729727745056, 'id': 13}, {'box': [1708.333740234375, 412.67449951171875, 67.3023681640625, 202.840576171875], 'conf': 0.26887718, 'label_id': 'person', 'sub_labels': 'other', 'sub_labels_conf': 0.9399615526199341, 'id': 16}, {'box': [1251.191162109375, 398.12188720703125, 81.75, 242.3731689453125], 'conf': 0.5024807, 'label_id': 'person', 'sub_labels': 'other', 'sub_labels_conf': 0.9999535083770752, 'id': 3}, {'box': [1180.956787109375, 302.4797668457031, 75.045166015625, 220.1854705810547], 'conf': 0.77170855, 'label_id': 'person', 'sub_labels': 'other', 'sub_labels_conf': 0.9345630407333374, 'id': 6}, {'box': [1646.6591796875, 339.7745056152344, 109.90966796875, 148.36749267578125], 'conf': 0.4034355, 'label_id': 'person', 'sub_labels': 'other', 'sub_labels_conf': 0.9962894916534424, 'id': 15}]"
64,2024/5/22 Wednesday 0:0:2,"[{'box': [988.548095703125, 339.22454833984375, 89.23291015625, 238.49786376953125], 'conf': 0.8451981, 'label_id': 'person', 'sub_labels': 'other', 'sub_labels_conf': 0.9950022101402283, 'id': 1}, {'box': [269.37030029296875, 551.9664916992188, 125.25149536132812, 275.0194091796875], 'conf': 0.8483156, 'label_id': 'person', 'sub_labels': 'other', 'sub_labels_conf': 0.9999319314956665, 'id': 2}, {'box': [1267.7139892578125, 467.57354736328125, 119.77783203125, 285.8332824707031], 'conf': 0.84345776, 'label_id': 'person', 'sub_labels': 'other', 'sub_labels_conf': 0.9990710020065308, 'id': 4}, {'box': [325.544677734375, 555.5580444335938, 113.01437377929688, 235.62100219726562], 'conf': 0.63584733, 'label_id': 'person', 'sub_labels': 'other', 'sub_labels_conf': 0.9985767602920532, 'id': 5}, {'box': [87.43602752685547, 644.5134887695312, 157.79139709472656, 262.4576416015625], 'conf': 0.82526666, 'label_id': 'person', 'sub_labels': 'other', 'sub_labels_conf': 0.9849045276641846, 'id': 7}, {'box': [500.70343017578125, 503.90289306640625, 113.97708129882812, 311.2460632324219], 'conf': 0.5616076, 'label_id': 'person', 'sub_labels': 'other', 'sub_labels_conf': 0.9169386029243469, 'id': 8}, {'box': [181.79562377929688, 557.2460327148438, 97.20835876464844, 241.423583984375], 'conf': 0.79857785, 'label_id': 'person', 'sub_labels': 'other', 'sub_labels_conf': 0.8068341612815857, 'id': 9}, {'box': [1554.0108642578125, 478.124267578125, 92.98388671875, 225.742919921875], 'conf': 0.7737986, 'label_id': 'person', 'sub_labels': 'other', 'sub_labels_conf': 0.9999867677688599, 'id': 11}, {'box': [408.22607421875, 537.2750854492188, 95.43338012695312, 249.465576171875], 'conf': 0.7001797, 'label_id': 'person', 'sub_labels': 'other', 'sub_labels_conf': 0.9650301933288574, 'id': 12}, {'box': [1087.54931640625, 330.7196044921875, 91.599365234375, 206.21804809570312], 'conf': 0.70779055, 'label_id': 'person', 'sub_labels': 'other', 'sub_labels_conf': 0.8624976277351379, 'id': 13}, {'box': [1708.24169921875, 409.97125244140625, 67.509033203125, 208.601318359375], 'conf': 0.2982475, 'label_id': 'person', 'sub_labels': 'other', 'sub_labels_conf': 0.834461510181427, 'id': 16}, {'box': [1244.6392822265625, 397.12176513671875, 82.490966796875, 240.37197875976562], 'conf': 0.692941, 'label_id': 'person', 'sub_labels': 'other', 'sub_labels_conf': 0.9999536275863647, 'id': 3}, {'box': [1181.1036376953125, 304.1890563964844, 74.905517578125, 222.8121337890625], 'conf': 0.76578027, 'label_id': 'person', 'sub_labels': 'other', 'sub_labels_conf': 0.9428985118865967, 'id': 6}, {'box': [1646.228515625, 341.44940185546875, 113.6322021484375, 151.67596435546875], 'conf': 0.4550652, 'label_id': 'person', 'sub_labels': 'other', 'sub_labels_conf': 0.9974945783615112, 'id': 15}]"
65,2024/5/22 Wednesday 0:0:2,"[{'box': [985.2066650390625, 334.0431823730469, 90.87335205078125, 231.93743896484375], 'conf': 0.8644376, 'label_id': 'person', 'sub_labels': 'other', 'sub_labels_conf': 0.9980241060256958, 'id': 1}, {'box': [269.4744567871094, 551.9059448242188, 125.42317199707031, 275.2188415527344], 'conf': 0.8495323, 'label_id': 'person', 'sub_labels': 'other', 'sub_labels_conf': 0.9999333620071411, 'id': 2}, {'box': [1254.183837890625, 466.65869140625, 133.077880859375, 286.4052429199219], 'conf': 0.8318703, 'label_id': 'person', 'sub_labels': 'other', 'sub_labels_conf': 0.9986305236816406, 'id': 4}, {'box': [326.6336669921875, 555.970458984375, 116.11077880859375, 236.43316650390625], 'conf': 0.6296098, 'label_id': 'person', 'sub_labels': 'other', 'sub_labels_conf': 0.9972647428512573, 'id': 5}, {'box': [87.86752319335938, 645.1348876953125, 159.763427734375, 264.25543212890625], 'conf': 0.82856506, 'label_id': 'person', 'sub_labels': 'other', 'sub_labels_conf': 0.993139922618866, 'id': 7}, {'box': [500.57366943359375, 504.2647705078125, 113.957275390625, 310.5821838378906], 'conf': 0.5263446, 'label_id': 'person', 'sub_labels': 'other', 'sub_labels_conf': 0.9487444758415222, 'id': 8}, {'box': [181.77159118652344, 557.160400390625, 97.18466186523438, 241.69558715820312], 'conf': 0.8062755, 'label_id': 'person', 'sub_labels': 'other', 'sub_labels_conf': 0.8009158968925476, 'id': 9}, {'box': [1544.146240234375, 476.9515075683594, 95.4892578125, 227.19964599609375], 'conf': 0.84202975, 'label_id': 'person', 'sub_labels': 'other', 'sub_labels_conf': 0.9999936819076538, 'id': 11}, {'box': [408.29302978515625, 537.2152099609375, 95.16958618164062, 249.439697265625], 'conf': 0.6899912, 'label_id': 'person', 'sub_labels': 'other', 'sub_labels_conf': 0.9568607807159424, 'id': 12}, {'box': [1076.841064453125, 331.61016845703125, 79.5784912109375, 208.97999572753906], 'conf': 0.62566155, 'label_id': 'person', 'sub_labels': 'other', 'sub_labels_conf': 0.9962590932846069, 'id': 13}, {'box': [1708.1407470703125, 410.43701171875, 66.93896484375, 207.77114868164062], 'conf': 0.29140946, 'label_id': 'person', 'sub_labels': 'other', 'sub_labels_conf': 0.8732936382293701, 'id': 16}, {'box': [1231.13232421875, 395.59783935546875, 91.8856201171875, 237.1761474609375], 'conf': 0.6489808, 'label_id': 'person', 'sub_labels': 'other', 'sub_labels_conf': 0.9998809099197388, 'id': 3}, {'box': [1181.367919921875, 302.8152160644531, 75.8929443359375, 220.8157958984375], 'conf': 0.74499834, 'label_id': 'person', 'sub_labels': 'other', 'sub_labels_conf': 0.9765163064002991, 'id': 6}, {'box': [1646.7255859375, 337.8699951171875, 117.1556396484375, 140.61264038085938], 'conf': 0.10306762, 'label_id': 'person', 'sub_labels': 'other', 'sub_labels_conf': 0.9986971020698547, 'id': 15}]"
66,2024/5/22 Wednesday 0:0:2,"[{'box': [980.1401977539062, 329.3269348144531, 90.6126708984375, 226.83885192871094], 'conf': 0.86184555, 'label_id': 'person', 'sub_labels': 'other', 'sub_labels_conf': 0.9981650710105896, 'id': 1}, {'box': [269.5408630371094, 551.8740844726562, 125.48204040527344, 275.340087890625], 'conf': 0.849437, 'label_id': 'person', 'sub_labels': 'other', 'sub_labels_conf': 0.9999381303787231, 'id': 2}, {'box': [1242.04052734375, 466.639892578125, 142.1531982421875, 286.0093994140625], 'conf': 0.75584286, 'label_id': 'person', 'sub_labels': 'other', 'sub_labels_conf': 0.9882181286811829, 'id': 4}, {'box': [327.3086853027344, 556.4422607421875, 117.39373779296875, 237.40237426757812], 'conf': 0.6236238, 'label_id': 'person', 'sub_labels': 'other', 'sub_labels_conf': 0.9991931319236755, 'id': 5}, {'box': [87.92251586914062, 645.600341796875, 160.964111328125, 265.50543212890625], 'conf': 0.82515574, 'label_id': 'person', 'sub_labels': 'other', 'sub_labels_conf': 0.9909272193908691, 'id': 7}, {'box': [500.5057678222656, 504.98333740234375, 114.05010986328125, 309.2327575683594], 'conf': 0.48292378, 'label_id': 'person', 'sub_labels': 'other', 'sub_labels_conf': 0.9162005186080933, 'id': 8}, {'box': [181.76922607421875, 556.98193359375, 97.18183898925781, 242.3507080078125], 'conf': 0.8084524, 'label_id': 'person', 'sub_labels': 'other', 'sub_labels_conf': 0.8606188893318176, 'id': 9}, {'box': [1532.521240234375, 476.51861572265625, 105.8717041015625, 226.66519165039062], 'conf': 0.8448874, 'label_id': 'person', 'sub_labels': 'other', 'sub_labels_conf': 0.9999972581863403, 'id': 11}, {'box': [408.1982421875, 537.1611328125, 95.18923950195312, 249.08514404296875], 'conf': 0.69944507, 'label_id': 'person', 'sub_labels': 'other', 'sub_labels_conf': 0.9564422965049744, 'id': 12}, {'box': [1077.1513671875, 331.5315856933594, 90.062744140625, 210.01417541503906], 'conf': 0.6649992, 'label_id': 'person', 'sub_labels': 'other', 'sub_labels_conf': 0.9818523526191711, 'id': 13}, {'box': [1708.031494140625, 410.65625, 66.319580078125, 207.53128051757812], 'conf': 0.33577567, 'label_id': 'person', 'sub_labels': 'other', 'sub_labels_conf': 0.7337956428527832, 'id': 16}, {'box': [1219.430908203125, 394.6622314453125, 103.3470458984375, 235.22427368164062], 'conf': 0.46683893, 'label_id': 'person', 'sub_labels': 'other', 'sub_labels_conf': 0.9998983144760132, 'id': 3}, {'box': [1181.1912841796875, 306.269287109375, 74.88916015625, 226.1027069091797], 'conf': 0.76028174, 'label_id': 'person', 'sub_labels': 'other', 'sub_labels_conf': 0.9756651520729065, 'id': 6}, {'box': [1646.849853515625, 337.58990478515625, 120.7271728515625, 139.81439208984375], 'conf': 0.11167921, 'label_id': 'person', 'sub_labels': 'other', 'sub_labels_conf': 0.9986879229545593, 'id': 15}]"
67,2024/5/22 Wednesday 0:0:2,"[{'box': [973.5477294921875, 326.6087646484375, 90.79168701171875, 223.75404357910156], 'conf': 0.8632542, 'label_id': 'person', 'sub_labels': 'other', 'sub_labels_conf': 0.9984943866729736, 'id': 1}, {'box': [269.580322265625, 551.8256225585938, 125.5113525390625, 275.5556640625], 'conf': 0.85208654, 'label_id': 'person', 'sub_labels': 'other', 'sub_labels_conf': 0.9999443292617798, 'id': 2}, {'box': [1232.2899169921875, 465.69287109375, 147.134765625, 286.0561218261719], 'conf': 0.8657342, 'label_id': 'person', 'sub_labels': 'other', 'sub_labels_conf': 0.9949502944946289, 'id': 4}, {'box': [328.08551025390625, 556.2776489257812, 117.48611450195312, 237.044921875], 'conf': 0.61932105, 'label_id': 'person', 'sub_labels': 'other', 'sub_labels_conf': 0.9987823367118835, 'id': 5}, {'box': [87.20581817626953, 645.68701171875, 162.06932067871094, 267.2330322265625], 'conf': 0.83942974, 'label_id': 'person', 'sub_labels': 'other', 'sub_labels_conf': 0.9805735945701599, 'id': 7}, {'box': [500.4349670410156, 504.8724365234375, 114.05841064453125, 309.4900207519531], 'conf': 0.48495746, 'label_id': 'person', 'sub_labels': 'other', 'sub_labels_conf': 0.9309083819389343, 'id': 8}, {'box': [182.00814819335938, 557.0494384765625, 97.35733032226562, 242.5848388671875], 'conf': 0.80419606, 'label_id': 'person', 'sub_labels': 'other', 'sub_labels_conf': 0.792608916759491, 'id': 9}, {'box': [1520.7152099609375, 477.0791015625, 117.254150390625, 227.72604370117188], 'conf': 0.8761177, 'label_id': 'person', 'sub_labels': 'other', 'sub_labels_conf': 0.9999983310699463, 'id': 11}, {'box': [408.03875732421875, 537.342041015625, 95.896728515625, 249.41046142578125], 'conf': 0.6920148, 'label_id': 'person', 'sub_labels': 'other', 'sub_labels_conf': 0.9507851600646973, 'id': 12}, {'box': [1075.2208251953125, 331.40771484375, 94.830810546875, 209.65953063964844], 'conf': 0.76268995, 'label_id': 'person', 'sub_labels': 'other', 'sub_labels_conf': 0.9332935810089111, 'id': 13}, {'box': [1707.645751953125, 409.5779724121094, 65.8343505859375, 209.45465087890625], 'conf': 0.32205114, 'label_id': 'person', 'sub_labels': 'other', 'sub_labels_conf': 0.9087023735046387, 'id': 16}, {'box': [1216.06884765625, 392.323486328125, 94.914306640625, 232.2451171875], 'conf': 0.22424456, 'label_id': 'person', 'sub_labels': 'other', 'sub_labels_conf': 0.9998695850372314, 'id': 3}, {'box': [1181.617919921875, 308.03619384765625, 75.416259765625, 229.38455200195312], 'conf': 0.75513333, 'label_id': 'person', 'sub_labels': 'other', 'sub_labels_conf': 0.972866415977478, 'id': 6}, {'box': [1634.5546875, 353.47711181640625, 116.5765380859375, 176.51956176757812], 'conf': 0.5424665, 'label_id': 'person', 'sub_labels': 'other', 'sub_labels_conf': 0.9968873858451843, 'id': 15}]"
68,2024/5/22 Wednesday 0:0:2,"[{'box': [968.0850219726562, 323.61492919921875, 92.5340576171875, 222.8636474609375], 'conf': 0.8657614, 'label_id': 'person', 'sub_labels': 'other', 'sub_labels_conf': 0.998993456363678, 'id': 1}, {'box': [269.556640625, 551.779296875, 125.29367065429688, 275.607421875], 'conf': 0.85474616, 'label_id': 'person', 'sub_labels': 'other', 'sub_labels_conf': 0.9999407529830933, 'id': 2}, {'box': [1224.949951171875, 455.596923828125, 150.881591796875, 298.5168151855469], 'conf': 0.81581134, 'label_id': 'person', 'sub_labels': 'other', 'sub_labels_conf': 0.9965654015541077, 'id': 4}, {'box': [328.24310302734375, 556.2479248046875, 117.48974609375, 235.21002197265625], 'conf': 0.6235871, 'label_id': 'person', 'sub_labels': 'other', 'sub_labels_conf': 0.9984873533248901, 'id': 5}, {'box': [86.12251281738281, 644.1552734375, 163.51739501953125, 266.3166198730469], 'conf': 0.8443845, 'label_id': 'person', 'sub_labels': 'other', 'sub_labels_conf': 0.9872003793716431, 'id': 7}, {'box': [500.33380126953125, 504.5995788574219, 113.96328735351562, 310.26605224609375], 'conf': 0.46547356, 'label_id': 'person', 'sub_labels': 'other', 'sub_labels_conf': 0.9560431241989136, 'id': 8}, {'box': [181.93804931640625, 556.7060546875, 97.88206481933594, 242.9696044921875], 'conf': 0.79903406, 'label_id': 'person', 'sub_labels': 'other', 'sub_labels_conf': 0.8474686145782471, 'id': 9}, {'box': [1512.4984130859375, 476.5548095703125, 124.689208984375, 227.583984375], 'conf': 0.870715, 'label_id': 'person', 'sub_labels': 'other', 'sub_labels_conf': 0.9999531507492065, 'id': 11}, {'box': [408.5704345703125, 536.8692016601562, 95.18856811523438, 248.5968017578125], 'conf': 0.7271006, 'label_id': 'person', 'sub_labels': 'other', 'sub_labels_conf': 0.9598634839057922, 'id': 12}, {'box': [1073.596923828125, 331.8841247558594, 96.1334228515625, 212.06834411621094], 'conf': 0.7405996, 'label_id': 'person', 'sub_labels': 'other', 'sub_labels_conf': 0.9310218095779419, 'id': 13}, {'box': [1707.2646484375, 408.4820251464844, 65.766845703125, 211.34710693359375], 'conf': 0.31549147, 'label_id': 'person', 'sub_labels': 'other', 'sub_labels_conf': 0.8725036978721619, 'id': 16}, {'box': [1208.89306640625, 391.5524597167969, 95.9986572265625, 233.76593017578125], 'conf': 0.14831193, 'label_id': 'person', 'sub_labels': 'other', 'sub_labels_conf': 0.9997863173484802, 'id': 3}, {'box': [1181.658447265625, 309.06988525390625, 75.32568359375, 231.32305908203125], 'conf': 0.7903819, 'label_id': 'person', 'sub_labels': 'other', 'sub_labels_conf': 0.9756247401237488, 'id': 6}, {'box': [1636.05029296875, 357.3963623046875, 132.2684326171875, 185.71487426757812], 'conf': 0.65356964, 'label_id': 'person', 'sub_labels': 'other', 'sub_labels_conf': 0.9914916157722473, 'id': 15}]"
69,2024/5/22 Wednesday 0:0:2,"[{'box': [964.7728271484375, 323.6005859375, 93.64398193359375, 223.48355102539062], 'conf': 0.87070847, 'label_id': 'person', 'sub_labels': 'other', 'sub_labels_conf': 0.9987902045249939, 'id': 1}, {'box': [269.5762939453125, 551.6688842773438, 125.17239379882812, 275.7879333496094], 'conf': 0.8534192, 'label_id': 'person', 'sub_labels': 'other', 'sub_labels_conf': 0.9999349117279053, 'id': 2}, {'box': [1221.927978515625, 458.7490234375, 154.0782470703125, 288.0948486328125], 'conf': 0.86349183, 'label_id': 'person', 'sub_labels': 'other', 'sub_labels_conf': 0.9933862090110779, 'id': 4}, {'box': [327.614013671875, 556.77001953125, 118.36044311523438, 231.5828857421875], 'conf': 0.62642795, 'label_id': 'person', 'sub_labels': 'other', 'sub_labels_conf': 0.9956560134887695, 'id': 5}, {'box': [85.62340545654297, 644.788818359375, 164.42771911621094, 266.8634033203125], 'conf': 0.8433041, 'label_id': 'person', 'sub_labels': 'other', 'sub_labels_conf': 0.9705730080604553, 'id': 7}, {'box': [500.28277587890625, 504.8957214355469, 114.01431274414062, 309.81695556640625], 'conf': 0.43402967, 'label_id': 'person', 'sub_labels': 'other', 'sub_labels_conf': 0.9320913553237915, 'id': 8}, {'box': [181.49720764160156, 556.33935546875, 99.47479248046875, 243.51922607421875], 'conf': 0.79309434, 'label_id': 'person', 'sub_labels': 'other', 'sub_labels_conf': 0.9176104068756104, 'id': 9}, {'box': [1504.567626953125, 477.3551025390625, 128.4722900390625, 227.0081787109375], 'conf': 0.8421543, 'label_id': 'person', 'sub_labels': 'other', 'sub_labels_conf': 0.9998224377632141, 'id': 11}, {'box': [409.10467529296875, 536.2145385742188, 94.59097290039062, 247.90493774414062], 'conf': 0.7236134, 'label_id': 'person', 'sub_labels': 'other', 'sub_labels_conf': 0.9680313467979431, 'id': 12}, {'box': [1071.1632080078125, 329.79571533203125, 95.65301513671875, 211.36505126953125], 'conf': 0.72643924, 'label_id': 'person', 'sub_labels': 'other', 'sub_labels_conf': 0.9483655095100403, 'id': 13}, {'box': [1707.18994140625, 408.57635498046875, 66.13330078125, 210.6807861328125], 'conf': 0.27401355, 'label_id': 'person', 'sub_labels': 'other', 'sub_labels_conf': 0.8061721920967102, 'id': 16}, {'box': [1205.513916015625, 390.8001403808594, 102.569580078125, 232.811279296875], 'conf': 0.5285672, 'label_id': 'person', 'sub_labels': 'other', 'sub_labels_conf': 0.9987558126449585, 'id': 3}, {'box': [1181.5947265625, 306.9621276855469, 74.9610595703125, 226.30609130859375], 'conf': 0.7708793, 'label_id': 'person', 'sub_labels': 'other', 'sub_labels_conf': 0.9815049767494202, 'id': 6}, {'box': [1635.80419921875, 358.4867858886719, 138.5010986328125, 187.365966796875], 'conf': 0.66628814, 'label_id': 'person', 'sub_labels': 'other', 'sub_labels_conf': 0.9963691234588623, 'id': 15}]"
70,2024/5/22 Wednesday 0:0:2,"[{'box': [962.0460205078125, 323.94287109375, 94.97637939453125, 224.97976684570312], 'conf': 0.8715416, 'label_id': 'person', 'sub_labels': 'other', 'sub_labels_conf': 0.9993669390678406, 'id': 1}, {'box': [269.60498046875, 551.6565551757812, 124.94674682617188, 275.8688659667969], 'conf': 0.8588787, 'label_id': 'person', 'sub_labels': 'other', 'sub_labels_conf': 0.9999377727508545, 'id': 2}, {'box': [1221.21142578125, 459.20233154296875, 152.3873291015625, 282.7004699707031], 'conf': 0.8467527, 'label_id': 'person', 'sub_labels': 'other', 'sub_labels_conf': 0.9960376024246216, 'id': 4}, {'box': [328.3479919433594, 556.2811889648438, 116.65216064453125, 230.59814453125], 'conf': 0.6428323, 'label_id': 'person', 'sub_labels': 'other', 'sub_labels_conf': 0.9989926218986511, 'id': 5}, {'box': [85.32125854492188, 645.352783203125, 164.76858520507812, 267.06744384765625], 'conf': 0.8400034, 'label_id': 'person', 'sub_labels': 'other', 'sub_labels_conf': 0.973289966583252, 'id': 7}, {'box': [500.0263977050781, 504.90545654296875, 113.91583251953125, 310.0021057128906], 'conf': 0.45623526, 'label_id': 'person', 'sub_labels': 'other', 'sub_labels_conf': 0.9561522006988525, 'id': 8}, {'box': [181.19354248046875, 555.7777099609375, 99.96940612792969, 244.43231201171875], 'conf': 0.7780956, 'label_id': 'person', 'sub_labels': 'other', 'sub_labels_conf': 0.8865681886672974, 'id': 9}, {'box': [1500.5546875, 476.06146240234375, 133.4747314453125, 229.68936157226562], 'conf': 0.85683674, 'label_id': 'person', 'sub_labels': 'other', 'sub_labels_conf': 0.9999638795852661, 'id': 11}, {'box': [409.15625, 536.4462890625, 94.71603393554688, 247.55093383789062], 'conf': 0.6389883, 'label_id': 'person', 'sub_labels': 'other', 'sub_labels_conf': 0.9733894467353821, 'id': 12}, {'box': [1068.3338623046875, 328.77423095703125, 94.196044921875, 213.4519805908203], 'conf': 0.73537725, 'label_id': 'person', 'sub_labels': 'other', 'sub_labels_conf': 0.9032104015350342, 'id': 13}, {'box': [1707.2816162109375, 407.7689208984375, 66.23486328125, 211.62301635742188], 'conf': 0.27191928, 'label_id': 'person', 'sub_labels': 'other', 'sub_labels_conf': 0.8375532031059265, 'id': 16}, {'box': [1204.6802978515625, 389.09051513671875, 107.282958984375, 237.89691162109375], 'conf': 0.53479695, 'label_id': 'person', 'sub_labels': 'other', 'sub_labels_conf': 0.9980339407920837, 'id': 3}, {'box': [1181.874267578125, 306.37200927734375, 75.4249267578125, 224.44326782226562], 'conf': 0.76955676, 'label_id': 'person', 'sub_labels': 'other', 'sub_labels_conf': 0.9772233963012695, 'id': 6}, {'box': [1635.23193359375, 359.687255859375, 140.7828369140625, 190.20236206054688], 'conf': 0.72918063, 'label_id': 'person', 'sub_labels': 'other', 'sub_labels_conf': 0.9972196817398071, 'id': 15}]"
71,2024/5/22 Wednesday 0:0:2,"[{'box': [959.394287109375, 322.9814453125, 96.50390625, 226.40963745117188], 'conf': 0.8744061, 'label_id': 'person', 'sub_labels': 'other', 'sub_labels_conf': 0.9993442893028259, 'id': 1}, {'box': [269.46112060546875, 551.7056884765625, 124.67025756835938, 275.7713317871094], 'conf': 0.8606203, 'label_id': 'person', 'sub_labels': 'other', 'sub_labels_conf': 0.9999474287033081, 'id': 2}, {'box': [1217.18603515625, 453.41876220703125, 150.275634765625, 286.3236083984375], 'conf': 0.8686154, 'label_id': 'person', 'sub_labels': 'other', 'sub_labels_conf': 0.9982355833053589, 'id': 4}, {'box': [328.05426025390625, 555.9595947265625, 115.07528686523438, 227.39111328125], 'conf': 0.5769687, 'label_id': 'person', 'sub_labels': 'other', 'sub_labels_conf': 0.9991865754127502, 'id': 5}, {'box': [85.66363525390625, 646.0269775390625, 163.6090087890625, 266.93939208984375], 'conf': 0.8365504, 'label_id': 'person', 'sub_labels': 'other', 'sub_labels_conf': 0.9899089336395264, 'id': 7}, {'box': [499.72723388671875, 504.642822265625, 113.84494018554688, 310.5382385253906], 'conf': 0.45651007, 'label_id': 'person', 'sub_labels': 'other', 'sub_labels_conf': 0.9496108889579773, 'id': 8}, {'box': [181.36074829101562, 555.251953125, 99.35946655273438, 245.2166748046875], 'conf': 0.78262556, 'label_id': 'person', 'sub_labels': 'other', 'sub_labels_conf': 0.8791471719741821, 'id': 9}, {'box': [1502.1180419921875, 473.97845458984375, 130.13330078125, 234.46798706054688], 'conf': 0.8242147, 'label_id': 'person', 'sub_labels': 'other', 'sub_labels_conf': 0.9999923706054688, 'id': 11}, {'box': [408.116943359375, 536.7171630859375, 95.73373413085938, 247.43634033203125], 'conf': 0.5683741, 'label_id': 'person', 'sub_labels': 'other', 'sub_labels_conf': 0.9660065770149231, 'id': 12}, {'box': [1066.754150390625, 328.7641906738281, 91.2166748046875, 214.7918701171875], 'conf': 0.79800385, 'label_id': 'person', 'sub_labels': 'other', 'sub_labels_conf': 0.9779297709465027, 'id': 13}, {'box': [1707.27587890625, 407.04425048828125, 66.5999755859375, 212.80709838867188], 'conf': 0.3118238, 'label_id': 'person', 'sub_labels': 'other', 'sub_labels_conf': 0.8672997355461121, 'id': 16}, {'box': [1184.220458984375, 304.62982177734375, 79.5145263671875, 221.5978240966797], 'conf': 0.7578118, 'label_id': 'person', 'sub_labels': 'other', 'sub_labels_conf': 0.9994522929191589, 'id': 6}, {'box': [1634.99267578125, 360.28662109375, 142.0660400390625, 191.32156372070312], 'conf': 0.7181342, 'label_id': 'person', 'sub_labels': 'other', 'sub_labels_conf': 0.9962050318717957, 'id': 15}]"
72,2024/5/22 Wednesday 0:0:2,"[{'box': [956.11962890625, 322.87933349609375, 98.07293701171875, 229.13412475585938], 'conf': 0.8868277, 'label_id': 'person', 'sub_labels': 'other', 'sub_labels_conf': 0.9995971322059631, 'id': 1}, {'box': [269.39898681640625, 551.70068359375, 124.80575561523438, 275.83416748046875], 'conf': 0.85200953, 'label_id': 'person', 'sub_labels': 'other', 'sub_labels_conf': 0.9999442100524902, 'id': 2}, {'box': [1214.23388671875, 448.21368408203125, 146.27880859375, 285.496826171875], 'conf': 0.8644712, 'label_id': 'person', 'sub_labels': 'other', 'sub_labels_conf': 0.9975264668464661, 'id': 4}, {'box': [325.57806396484375, 557.53662109375, 115.77987670898438, 228.30807495117188], 'conf': 0.56490475, 'label_id': 'person', 'sub_labels': 'other', 'sub_labels_conf': 0.9972122311592102, 'id': 5}, {'box': [86.82266998291016, 646.0682373046875, 165.5725555419922, 265.0364990234375], 'conf': 0.8317045, 'label_id': 'person', 'sub_labels': 'other', 'sub_labels_conf': 0.9859275817871094, 'id': 7}, {'box': [499.3863830566406, 503.6088562011719, 114.01190185546875, 312.46966552734375], 'conf': 0.4568877, 'label_id': 'person', 'sub_labels': 'other', 'sub_labels_conf': 0.9393433928489685, 'id': 8}, {'box': [181.591796875, 555.244384765625, 98.27009582519531, 245.08477783203125], 'conf': 0.77583253, 'label_id': 'person', 'sub_labels': 'other', 'sub_labels_conf': 0.8909837007522583, 'id': 9}, {'box': [1504.479248046875, 469.9020690917969, 126.0181884765625, 240.28448486328125], 'conf': 0.7974374, 'label_id': 'person', 'sub_labels': 'other', 'sub_labels_conf': 0.9999929666519165, 'id': 11}, {'box': [403.740234375, 517.2691650390625, 104.5277099609375, 288.48760986328125], 'conf': 0.52104527, 'label_id': 'person', 'sub_labels': 'other', 'sub_labels_conf': 0.9783931970596313, 'id': 12}, {'box': [1063.6611328125, 322.356201171875, 88.13677978515625, 204.8790283203125], 'conf': 0.80939937, 'label_id': 'person', 'sub_labels': 'other', 'sub_labels_conf': 0.9956533908843994, 'id': 13}, {'box': [1707.3201904296875, 405.888427734375, 66.654296875, 215.36264038085938], 'conf': 0.30540982, 'label_id': 'person', 'sub_labels': 'other', 'sub_labels_conf': 0.9441797137260437, 'id': 16}, {'box': [1185.2166748046875, 304.3564758300781, 81.834228515625, 222.37449645996094], 'conf': 0.7941017, 'label_id': 'person', 'sub_labels': 'other', 'sub_labels_conf': 0.9989314675331116, 'id': 6}, {'box': [1635.414306640625, 360.18511962890625, 143.997314453125, 190.73330688476562], 'conf': 0.7201729, 'label_id': 'person', 'sub_labels': 'other', 'sub_labels_conf': 0.9956557750701904, 'id': 15}]"
73,2024/5/22 Wednesday 0:0:2,"[{'box': [953.3189086914062, 320.93560791015625, 97.70703125, 226.89926147460938], 'conf': 0.88365483, 'label_id': 'person', 'sub_labels': 'other', 'sub_labels_conf': 0.9997010231018066, 'id': 1}, {'box': [269.4263916015625, 551.7137451171875, 124.75750732421875, 275.90924072265625], 'conf': 0.8534163, 'label_id': 'person', 'sub_labels': 'other', 'sub_labels_conf': 0.9999340772628784, 'id': 2}, {'box': [1207.5419921875, 444.46112060546875, 133.6002197265625, 283.5311584472656], 'conf': 0.8784352, 'label_id': 'person', 'sub_labels': 'other', 'sub_labels_conf': 0.9889050722122192, 'id': 4}, {'box': [324.66851806640625, 558.0311279296875, 115.61581420898438, 229.27734375], 'conf': 0.6085828, 'label_id': 'person', 'sub_labels': 'other', 'sub_labels_conf': 0.9954707622528076, 'id': 5}, {'box': [87.35558319091797, 646.21728515625, 165.62074279785156, 264.38885498046875], 'conf': 0.82622564, 'label_id': 'person', 'sub_labels': 'other', 'sub_labels_conf': 0.9903315305709839, 'id': 7}, {'box': [499.10626220703125, 502.832275390625, 114.085693359375, 313.91162109375], 'conf': 0.494708, 'label_id': 'person', 'sub_labels': 'other', 'sub_labels_conf': 0.9215589165687561, 'id': 8}, {'box': [181.41160583496094, 555.9234008789062, 98.27023315429688, 243.95285034179688], 'conf': 0.7791585, 'label_id': 'person', 'sub_labels': 'other', 'sub_labels_conf': 0.8843971490859985, 'id': 9}, {'box': [1503.2408447265625, 465.9251708984375, 130.17578125, 242.08139038085938], 'conf': 0.8139726, 'label_id': 'person', 'sub_labels': 'other', 'sub_labels_conf': 0.9999940395355225, 'id': 11}, {'box': [401.8416748046875, 509.3770751953125, 108.52737426757812, 304.6790466308594], 'conf': 0.586898, 'label_id': 'person', 'sub_labels': 'other', 'sub_labels_conf': 0.9548099637031555, 'id': 12}, {'box': [1061.5673828125, 319.0577087402344, 85.22772216796875, 201.5208740234375], 'conf': 0.83364385, 'label_id': 'person', 'sub_labels': 'other', 'sub_labels_conf': 0.9965319633483887, 'id': 13}, {'box': [1707.356201171875, 405.1982727050781, 67.5220947265625, 216.97613525390625], 'conf': 0.30902416, 'label_id': 'person', 'sub_labels': 'other', 'sub_labels_conf': 0.9463229775428772, 'id': 16}, {'box': [1184.5595703125, 303.4873352050781, 79.8663330078125, 220.18919372558594], 'conf': 0.8057403, 'label_id': 'person', 'sub_labels': 'other', 'sub_labels_conf': 0.9995694756507874, 'id': 6}, {'box': [1635.3780517578125, 360.97906494140625, 142.320068359375, 192.89691162109375], 'conf': 0.71780175, 'label_id': 'person', 'sub_labels': 'other', 'sub_labels_conf': 0.9956220984458923, 'id': 15}]"
74,2024/5/22 Wednesday 0:0:2,"[{'box': [951.4736328125, 318.6678466796875, 97.75958251953125, 224.39486694335938], 'conf': 0.8975913, 'label_id': 'person', 'sub_labels': 'other', 'sub_labels_conf': 0.9996322393417358, 'id': 1}, {'box': [269.52178955078125, 551.697021484375, 124.83122253417969, 275.9637756347656], 'conf': 0.8561773, 'label_id': 'person', 'sub_labels': 'other', 'sub_labels_conf': 0.9999351501464844, 'id': 2}, {'box': [1202.229736328125, 441.0074462890625, 122.1231689453125, 281.7040100097656], 'conf': 0.88440573, 'label_id': 'person', 'sub_labels': 'other', 'sub_labels_conf': 0.9939392805099487, 'id': 4}, {'box': [325.71710205078125, 558.802978515625, 115.117919921875, 229.63153076171875], 'conf': 0.6118414, 'label_id': 'person', 'sub_labels': 'other', 'sub_labels_conf': 0.9890586733818054, 'id': 5}, {'box': [87.56681823730469, 646.8055419921875, 164.04318237304688, 264.8692626953125], 'conf': 0.828765, 'label_id': 'person', 'sub_labels': 'other', 'sub_labels_conf': 0.989922821521759, 'id': 7}, {'box': [498.5528259277344, 502.3164978027344, 114.35784912109375, 315.22845458984375], 'conf': 0.5609156, 'label_id': 'person', 'sub_labels': 'other', 'sub_labels_conf': 0.9240356087684631, 'id': 8}, {'box': [181.26986694335938, 556.0989379882812, 97.99298095703125, 243.5596923828125], 'conf': 0.7811195, 'label_id': 'person', 'sub_labels': 'other', 'sub_labels_conf': 0.7871991991996765, 'id': 9}, {'box': [1502.36767578125, 462.92742919921875, 134.245361328125, 239.974365234375], 'conf': 0.77780044, 'label_id': 'person', 'sub_labels': 'other', 'sub_labels_conf': 0.9998600482940674, 'id': 11}, {'box': [401.28173828125, 505.4570617675781, 109.84194946289062, 311.74310302734375], 'conf': 0.6763223, 'label_id': 'person', 'sub_labels': 'other', 'sub_labels_conf': 0.9477665424346924, 'id': 12}, {'box': [1060.2921142578125, 318.50482177734375, 82.44696044921875, 204.1953887939453], 'conf': 0.8424641, 'label_id': 'person', 'sub_labels': 'other', 'sub_labels_conf': 0.9979149699211121, 'id': 13}, {'box': [1707.13427734375, 404.65045166015625, 67.4200439453125, 218.11300659179688], 'conf': 0.33682072, 'label_id': 'person', 'sub_labels': 'other', 'sub_labels_conf': 0.9622251987457275, 'id': 16}, {'box': [1184.1705322265625, 300.630615234375, 78.114013671875, 217.09689331054688], 'conf': 0.79010576, 'label_id': 'person', 'sub_labels': 'other', 'sub_labels_conf': 0.9981581568717957, 'id': 6}, {'box': [1635.78173828125, 361.073974609375, 143.161865234375, 193.43246459960938], 'conf': 0.71990067, 'label_id': 'person', 'sub_labels': 'other', 'sub_labels_conf': 0.9962795376777649, 'id': 15}]"
75,2024/5/22 Wednesday 0:0:3,"[{'box': [949.9378662109375, 319.81591796875, 97.890380859375, 226.83941650390625], 'conf': 0.904875, 'label_id': 'person', 'sub_labels': 'other', 'sub_labels_conf': 0.9996625185012817, 'id': 1}, {'box': [269.91986083984375, 551.5231323242188, 125.51705932617188, 276.3216247558594], 'conf': 0.85768676, 'label_id': 'person', 'sub_labels': 'other', 'sub_labels_conf': 0.999956488609314, 'id': 2}, {'box': [1194.8919677734375, 439.27142333984375, 109.2236328125, 283.3747863769531], 'conf': 0.87854403, 'label_id': 'person', 'sub_labels': 'other', 'sub_labels_conf': 0.9969668984413147, 'id': 4}, {'box': [325.50555419921875, 560.5855102539062, 116.50711059570312, 233.57882690429688], 'conf': 0.6771796, 'label_id': 'person', 'sub_labels': 'other', 'sub_labels_conf': 0.9958380460739136, 'id': 5}, {'box': [85.9267578125, 648.4469604492188, 162.69161987304688, 267.2513427734375], 'conf': 0.82378983, 'label_id': 'person', 'sub_labels': 'other', 'sub_labels_conf': 0.9796604514122009, 'id': 7}, {'box': [497.4393310546875, 502.04266357421875, 115.40335083007812, 319.1347961425781], 'conf': 0.33159694, 'label_id': 'person', 'sub_labels': 'other', 'sub_labels_conf': 0.971682071685791, 'id': 8}, {'box': [180.99647521972656, 556.709716796875, 99.20501708984375, 240.86883544921875], 'conf': 0.7723785, 'label_id': 'person', 'sub_labels': 'other', 'sub_labels_conf': 0.6982244849205017, 'id': 9}, {'box': [1488.1588134765625, 461.065185546875, 111.25048828125, 238.16726684570312], 'conf': 0.7911954, 'label_id': 'person', 'sub_labels': 'other', 'sub_labels_conf': 0.9999443292617798, 'id': 11}, {'box': [400.8699951171875, 503.80523681640625, 110.98727416992188, 313.2160949707031], 'conf': 0.7647261, 'label_id': 'person', 'sub_labels': 'other', 'sub_labels_conf': 0.8791790008544922, 'id': 12}, {'box': [1057.5657958984375, 317.2080078125, 82.93280029296875, 204.54612731933594], 'conf': 0.8452257, 'label_id': 'person', 'sub_labels': 'other', 'sub_labels_conf': 0.9971824884414673, 'id': 13}, {'box': [1706.19482421875, 406.21551513671875, 65.9532470703125, 215.427490234375], 'conf': 0.5107981, 'label_id': 'person', 'sub_labels': 'other', 'sub_labels_conf': 0.9257227778434753, 'id': 16}, {'box': [1184.376708984375, 295.30926513671875, 77.33935546875, 207.6075897216797], 'conf': 0.81089115, 'label_id': 'person', 'sub_labels': 'other', 'sub_labels_conf': 0.989059329032898, 'id': 6}, {'box': [1635.2802734375, 361.07818603515625, 142.8951416015625, 192.77325439453125], 'conf': 0.61041987, 'label_id': 'person', 'sub_labels': 'other', 'sub_labels_conf': 0.9975866079330444, 'id': 15}]"
76,2024/5/22 Wednesday 0:0:3,"[{'box': [948.85693359375, 318.6357116699219, 96.47979736328125, 227.14308166503906], 'conf': 0.89514756, 'label_id': 'person', 'sub_labels': 'other', 'sub_labels_conf': 0.9993119239807129, 'id': 1}, {'box': [270.0303649902344, 551.5491333007812, 125.59538269042969, 276.362548828125], 'conf': 0.8576303, 'label_id': 'person', 'sub_labels': 'other', 'sub_labels_conf': 0.9999299049377441, 'id': 2}, {'box': [1189.65771484375, 437.574951171875, 99.6400146484375, 284.0085754394531], 'conf': 0.86573136, 'label_id': 'person', 'sub_labels': 'other', 'sub_labels_conf': 0.9965221881866455, 'id': 4}, {'box': [325.0601806640625, 560.6688232421875, 116.78768920898438, 235.41891479492188], 'conf': 0.677361, 'label_id': 'person', 'sub_labels': 'other', 'sub_labels_conf': 0.9964840412139893, 'id': 5}, {'box': [84.67878723144531, 649.66455078125, 162.40536499023438, 267.18792724609375], 'conf': 0.827971, 'label_id': 'person', 'sub_labels': 'other', 'sub_labels_conf': 0.8950821757316589, 'id': 7}, {'box': [496.71337890625, 501.30352783203125, 116.2608642578125, 321.1409606933594], 'conf': 0.38481775, 'label_id': 'person', 'sub_labels': 'other', 'sub_labels_conf': 0.9743627905845642, 'id': 8}, {'box': [181.11935424804688, 556.9703369140625, 99.77670288085938, 239.62384033203125], 'conf': 0.7810796, 'label_id': 'person', 'sub_labels': 'other', 'sub_labels_conf': 0.8654081225395203, 'id': 9}, {'box': [1482.1148681640625, 460.5093078613281, 95.193115234375, 237.90643310546875], 'conf': 0.7155957, 'label_id': 'person', 'sub_labels': 'other', 'sub_labels_conf': 0.9999926090240479, 'id': 11}, {'box': [400.01220703125, 503.9738464355469, 112.843505859375, 314.40679931640625], 'conf': 0.7454582, 'label_id': 'person', 'sub_labels': 'other', 'sub_labels_conf': 0.9178823232650757, 'id': 12}, {'box': [1056.62060546875, 315.22412109375, 82.4951171875, 201.91403198242188], 'conf': 0.848431, 'label_id': 'person', 'sub_labels': 'other', 'sub_labels_conf': 0.9926648736000061, 'id': 13}, {'box': [1706.915283203125, 405.4482116699219, 67.4072265625, 217.31634521484375], 'conf': 0.50173974, 'label_id': 'person', 'sub_labels': 'other', 'sub_labels_conf': 0.9342749118804932, 'id': 16}, {'box': [1185.091796875, 291.00665283203125, 78.51806640625, 198.85948181152344], 'conf': 0.80272496, 'label_id': 'person', 'sub_labels': 'other', 'sub_labels_conf': 0.99394690990448, 'id': 6}, {'box': [1635.137451171875, 360.9864807128906, 142.8677978515625, 192.1727294921875], 'conf': 0.6092618, 'label_id': 'person', 'sub_labels': 'other', 'sub_labels_conf': 0.9969281554222107, 'id': 15}]"
77,2024/5/22 Wednesday 0:0:3,"[{'box': [948.176025390625, 318.7487487792969, 95.29876708984375, 228.6199493408203], 'conf': 0.8815408, 'label_id': 'person', 'sub_labels': 'other', 'sub_labels_conf': 0.9994716048240662, 'id': 1}, {'box': [269.9716796875, 551.607666015625, 125.24777221679688, 276.3822937011719], 'conf': 0.8569272, 'label_id': 'person', 'sub_labels': 'other', 'sub_labels_conf': 0.9999514818191528, 'id': 2}, {'box': [1183.019775390625, 438.1259765625, 99.3836669921875, 280.8218078613281], 'conf': 0.86112463, 'label_id': 'person', 'sub_labels': 'other', 'sub_labels_conf': 0.989316463470459, 'id': 4}, {'box': [325.8502197265625, 560.2014770507812, 114.72857666015625, 236.64578247070312], 'conf': 0.67341477, 'label_id': 'person', 'sub_labels': 'other', 'sub_labels_conf': 0.997355580329895, 'id': 5}, {'box': [84.36145782470703, 652.3258056640625, 164.2811737060547, 263.80126953125], 'conf': 0.82736695, 'label_id': 'person', 'sub_labels': 'other', 'sub_labels_conf': 0.9491057991981506, 'id': 7}, {'box': [496.5106506347656, 501.01593017578125, 116.38348388671875, 322.1482238769531], 'conf': 0.4092877, 'label_id': 'person', 'sub_labels': 'other', 'sub_labels_conf': 0.9731817841529846, 'id': 8}, {'box': [181.16567993164062, 557.5567626953125, 99.69398498535156, 238.1842041015625], 'conf': 0.7810492, 'label_id': 'person', 'sub_labels': 'other', 'sub_labels_conf': 0.8513320684432983, 'id': 9}, {'box': [1478.49658203125, 461.4014587402344, 86.6285400390625, 236.24407958984375], 'conf': 0.8263991, 'label_id': 'person', 'sub_labels': 'other', 'sub_labels_conf': 0.9999992847442627, 'id': 11}, {'box': [399.87237548828125, 503.91741943359375, 113.22262573242188, 314.5055236816406], 'conf': 0.7357188, 'label_id': 'person', 'sub_labels': 'other', 'sub_labels_conf': 0.9174783229827881, 'id': 12}, {'box': [1054.643798828125, 313.7354431152344, 82.069580078125, 201.82530212402344], 'conf': 0.83666456, 'label_id': 'person', 'sub_labels': 'other', 'sub_labels_conf': 0.9872758984565735, 'id': 13}, {'box': [1706.8743896484375, 405.2607421875, 67.376220703125, 217.22415161132812], 'conf': 0.4811277, 'label_id': 'person', 'sub_labels': 'other', 'sub_labels_conf': 0.8718172311782837, 'id': 16}, {'box': [1185.663818359375, 283.89337158203125, 79.8507080078125, 185.8192596435547], 'conf': 0.6880871, 'label_id': 'person', 'sub_labels': 'other', 'sub_labels_conf': 0.9991868138313293, 'id': 6}, {'box': [1635.9901123046875, 361.22149658203125, 145.814697265625, 192.553955078125], 'conf': 0.6734546, 'label_id': 'person', 'sub_labels': 'other', 'sub_labels_conf': 0.9980475902557373, 'id': 15}]"
78,2024/5/22 Wednesday 0:0:3,"[{'box': [947.6906127929688, 319.3682556152344, 93.2493896484375, 233.0161590576172], 'conf': 0.8844797, 'label_id': 'person', 'sub_labels': 'other', 'sub_labels_conf': 0.9995224475860596, 'id': 1}, {'box': [269.9787292480469, 551.5344848632812, 125.21168518066406, 276.57958984375], 'conf': 0.85387605, 'label_id': 'person', 'sub_labels': 'other', 'sub_labels_conf': 0.9999321699142456, 'id': 2}, {'box': [1177.068115234375, 436.73822021484375, 102.2645263671875, 284.1614990234375], 'conf': 0.88198817, 'label_id': 'person', 'sub_labels': 'other', 'sub_labels_conf': 0.9881662130355835, 'id': 4}, {'box': [327.2057189941406, 559.4471435546875, 112.96234130859375, 237.59930419921875], 'conf': 0.6835525, 'label_id': 'person', 'sub_labels': 'other', 'sub_labels_conf': 0.9947028756141663, 'id': 5}, {'box': [85.3135757446289, 652.1121826171875, 167.6267852783203, 264.62750244140625], 'conf': 0.8086393, 'label_id': 'person', 'sub_labels': 'other', 'sub_labels_conf': 0.9756021499633789, 'id': 7}, {'box': [496.5646057128906, 500.077880859375, 117.31170654296875, 323.393798828125], 'conf': 0.35969365, 'label_id': 'person', 'sub_labels': 'other', 'sub_labels_conf': 0.9727516174316406, 'id': 8}, {'box': [180.73460388183594, 558.4234619140625, 100.26022338867188, 236.35299682617188], 'conf': 0.7576091, 'label_id': 'person', 'sub_labels': 'other', 'sub_labels_conf': 0.7374352216720581, 'id': 9}, {'box': [1475.0732421875, 461.55865478515625, 80.1253662109375, 235.90585327148438], 'conf': 0.7951912, 'label_id': 'person', 'sub_labels': 'other', 'sub_labels_conf': 0.9998644590377808, 'id': 11}, {'box': [400.54510498046875, 503.3105773925781, 111.77911376953125, 314.58709716796875], 'conf': 0.6882368, 'label_id': 'person', 'sub_labels': 'other', 'sub_labels_conf': 0.7414058446884155, 'id': 12}, {'box': [1052.8817138671875, 312.3736877441406, 82.82537841796875, 201.61181640625], 'conf': 0.8169749, 'label_id': 'person', 'sub_labels': 'other', 'sub_labels_conf': 0.9654430150985718, 'id': 13}, {'box': [1707.5611572265625, 404.499755859375, 68.18603515625, 219.620361328125], 'conf': 0.4639172, 'label_id': 'person', 'sub_labels': 'other', 'sub_labels_conf': 0.95257169008255, 'id': 16}, {'box': [1186.002685546875, 276.551513671875, 80.7425537109375, 171.16952514648438], 'conf': 0.6331227, 'label_id': 'person', 'sub_labels': 'other', 'sub_labels_conf': 0.9953482747077942, 'id': 6}, {'box': [1633.134033203125, 361.08642578125, 140.003662109375, 192.05630493164062], 'conf': 0.5667476, 'label_id': 'person', 'sub_labels': 'other', 'sub_labels_conf': 0.9966922998428345, 'id': 15}]"
79,2024/5/22 Wednesday 0:0:3,"[{'box': [946.2572021484375, 315.5357666015625, 87.5443115234375, 230.70196533203125], 'conf': 0.8968956, 'label_id': 'person', 'sub_labels': 'other', 'sub_labels_conf': 0.9989670515060425, 'id': 1}, {'box': [269.7360534667969, 551.26416015625, 124.73258972167969, 276.9908752441406], 'conf': 0.86089385, 'label_id': 'person', 'sub_labels': 'other', 'sub_labels_conf': 0.9999408721923828, 'id': 2}, {'box': [1165.62890625, 435.13458251953125, 109.7120361328125, 286.4816589355469], 'conf': 0.8536444, 'label_id': 'person', 'sub_labels': 'other', 'sub_labels_conf': 0.987147867679596, 'id': 4}, {'box': [326.08917236328125, 558.0809326171875, 108.60330200195312, 234.12335205078125], 'conf': 0.6684872, 'label_id': 'person', 'sub_labels': 'other', 'sub_labels_conf': 0.9966051578521729, 'id': 5}, {'box': [84.62116241455078, 652.641357421875, 167.08421325683594, 263.06988525390625], 'conf': 0.77309614, 'label_id': 'person', 'sub_labels': 'other', 'sub_labels_conf': 0.9521687626838684, 'id': 7}, {'box': [497.31597900390625, 499.9875183105469, 116.96957397460938, 323.07720947265625], 'conf': 0.3106745, 'label_id': 'person', 'sub_labels': 'other', 'sub_labels_conf': 0.9497739672660828, 'id': 8}, {'box': [180.14776611328125, 557.9141235351562, 99.00056457519531, 237.09292602539062], 'conf': 0.7587945, 'label_id': 'person', 'sub_labels': 'other', 'sub_labels_conf': 0.6873196959495544, 'id': 9}, {'box': [1465.15625, 460.33349609375, 88.7740478515625, 235.06201171875], 'conf': 0.797965, 'label_id': 'person', 'sub_labels': 'other', 'sub_labels_conf': 0.9999369382858276, 'id': 11}, {'box': [402.96600341796875, 522.15966796875, 104.81015014648438, 275.78204345703125], 'conf': 0.629245, 'label_id': 'person', 'sub_labels': 'other', 'sub_labels_conf': 0.9482852220535278, 'id': 12}, {'box': [1050.1287841796875, 310.9968566894531, 84.92889404296875, 204.09031677246094], 'conf': 0.7671518, 'label_id': 'person', 'sub_labels': 'other', 'sub_labels_conf': 0.9652848243713379, 'id': 13}, {'box': [1707.5037841796875, 405.5339660644531, 68.324462890625, 216.95343017578125], 'conf': 0.46031043, 'label_id': 'person', 'sub_labels': 'other', 'sub_labels_conf': 0.9397488832473755, 'id': 16}, {'box': [1186.963134765625, 264.6393127441406, 81.9964599609375, 145.66563415527344], 'conf': 0.49886307, 'label_id': 'person', 'sub_labels': 'other', 'sub_labels_conf': 0.9974340796470642, 'id': 6}, {'box': [1624.2379150390625, 361.72021484375, 122.721435546875, 193.6600341796875], 'conf': 0.51232153, 'label_id': 'person', 'sub_labels': 'other', 'sub_labels_conf': 0.9984910488128662, 'id': 15}]"
80,2024/5/22 Wednesday 0:0:3,"[{'box': [945.8446655273438, 314.0528564453125, 85.4154052734375, 229.73855590820312], 'conf': 0.8961701, 'label_id': 'person', 'sub_labels': 'other', 'sub_labels_conf': 0.9988479614257812, 'id': 1}, {'box': [269.62298583984375, 550.841552734375, 124.419677734375, 277.6502685546875], 'conf': 0.8596372, 'label_id': 'person', 'sub_labels': 'other', 'sub_labels_conf': 0.9998583793640137, 'id': 2}, {'box': [1161.531005859375, 434.6318359375, 112.5592041015625, 287.6380310058594], 'conf': 0.8560959, 'label_id': 'person', 'sub_labels': 'other', 'sub_labels_conf': 0.9785603880882263, 'id': 4}, {'box': [324.11322021484375, 557.3868408203125, 104.16647338867188, 233.26495361328125], 'conf': 0.648958, 'label_id': 'person', 'sub_labels': 'other', 'sub_labels_conf': 0.9979853630065918, 'id': 5}, {'box': [82.8733139038086, 652.194580078125, 164.01661682128906, 261.40777587890625], 'conf': 0.76951164, 'label_id': 'person', 'sub_labels': 'other', 'sub_labels_conf': 0.9562748074531555, 'id': 7}, {'box': [498.359375, 500.69744873046875, 115.98495483398438, 324.2255554199219], 'conf': 0.54112244, 'label_id': 'person', 'sub_labels': 'other', 'sub_labels_conf': 0.9505242109298706, 'id': 8}, {'box': [179.97817993164062, 557.4860229492188, 98.51597595214844, 237.98037719726562], 'conf': 0.77561945, 'label_id': 'person', 'sub_labels': 'other', 'sub_labels_conf': 0.7764613628387451, 'id': 9}, {'box': [1462.3880615234375, 459.6173400878906, 93.543212890625, 235.21844482421875], 'conf': 0.7947271, 'label_id': 'person', 'sub_labels': 'other', 'sub_labels_conf': 0.9999902248382568, 'id': 11}, {'box': [405.42218017578125, 531.603271484375, 98.98202514648438, 259.4646301269531], 'conf': 0.63110614, 'label_id': 'person', 'sub_labels': 'other', 'sub_labels_conf': 0.9789690971374512, 'id': 12}, {'box': [1049.1988525390625, 310.45770263671875, 85.79400634765625, 205.0383758544922], 'conf': 0.76519334, 'label_id': 'person', 'sub_labels': 'other', 'sub_labels_conf': 0.9761558771133423, 'id': 13}, {'box': [1707.411865234375, 404.88507080078125, 68.9520263671875, 218.0723876953125], 'conf': 0.44218946, 'label_id': 'person', 'sub_labels': 'other', 'sub_labels_conf': 0.9568684101104736, 'id': 16}, {'box': [1187.4744873046875, 252.32150268554688, 82.008056640625, 120.02787780761719], 'conf': 0.50015897, 'label_id': 'person', 'sub_labels': 'other', 'sub_labels_conf': 0.9857439398765564, 'id': 6}, {'box': [1616.9091796875, 362.4105224609375, 110.3072509765625, 194.52212524414062], 'conf': 0.57698107, 'label_id': 'person', 'sub_labels': 'other', 'sub_labels_conf': 0.9982043504714966, 'id': 15}]"
81,2024/5/22 Wednesday 0:0:3,"[{'box': [946.0565185546875, 311.35491943359375, 84.5849609375, 227.7609405517578], 'conf': 0.89370775, 'label_id': 'person', 'sub_labels': 'other', 'sub_labels_conf': 0.9975213408470154, 'id': 1}, {'box': [269.58209228515625, 550.7758178710938, 124.63888549804688, 278.0231018066406], 'conf': 0.8622872, 'label_id': 'person', 'sub_labels': 'other', 'sub_labels_conf': 0.9998636245727539, 'id': 2}, {'box': [1155.7308349609375, 434.1036376953125, 112.196044921875, 288.4247741699219], 'conf': 0.8405146, 'label_id': 'person', 'sub_labels': 'other', 'sub_labels_conf': 0.8310472369194031, 'id': 4}, {'box': [325.15960693359375, 557.0333862304688, 104.86813354492188, 232.21163940429688], 'conf': 0.6472264, 'label_id': 'person', 'sub_labels': 'other', 'sub_labels_conf': 0.9985516667366028, 'id': 5}, {'box': [82.93470001220703, 651.918701171875, 164.1840362548828, 261.84356689453125], 'conf': 0.769814, 'label_id': 'person', 'sub_labels': 'other', 'sub_labels_conf': 0.9407225251197815, 'id': 7}, {'box': [498.2431640625, 501.43280029296875, 115.53866577148438, 325.9328918457031], 'conf': 0.6120524, 'label_id': 'person', 'sub_labels': 'other', 'sub_labels_conf': 0.9823233485221863, 'id': 8}, {'box': [179.88897705078125, 556.8690795898438, 99.24018859863281, 239.36599731445312], 'conf': 0.7787223, 'label_id': 'person', 'sub_labels': 'other', 'sub_labels_conf': 0.9462462067604065, 'id': 9}, {'box': [1450.89697265625, 459.18304443359375, 102.90673828125, 235.28079223632812], 'conf': 0.8419026, 'label_id': 'person', 'sub_labels': 'other', 'sub_labels_conf': 0.999945878982544, 'id': 11}, {'box': [404.00750732421875, 533.50732421875, 101.50595092773438, 254.54461669921875], 'conf': 0.5549849, 'label_id': 'person', 'sub_labels': 'other', 'sub_labels_conf': 0.985077977180481, 'id': 12}, {'box': [1048.2435302734375, 310.806640625, 90.177734375, 205.4400634765625], 'conf': 0.80364984, 'label_id': 'person', 'sub_labels': 'other', 'sub_labels_conf': 0.9752658605575562, 'id': 13}, {'box': [1707.742431640625, 404.78521728515625, 69.6553955078125, 218.14907836914062], 'conf': 0.45862705, 'label_id': 'person', 'sub_labels': 'other', 'sub_labels_conf': 0.9648516178131104, 'id': 16}, {'box': [1188.4638671875, 259.87982177734375, 80.197265625, 136.43922424316406], 'conf': 0.52847916, 'label_id': 'person', 'sub_labels': 'other', 'sub_labels_conf': 0.9789076447486877, 'id': 6}, {'box': [1614.06787109375, 362.6881103515625, 104.9251708984375, 194.50057983398438], 'conf': 0.60762614, 'label_id': 'person', 'sub_labels': 'other', 'sub_labels_conf': 0.9990406632423401, 'id': 15}]"
82,2024/5/22 Wednesday 0:0:3,"[{'box': [945.2406005859375, 306.83538818359375, 81.16339111328125, 221.04913330078125], 'conf': 0.8804188, 'label_id': 'person', 'sub_labels': 'other', 'sub_labels_conf': 0.9979813694953918, 'id': 1}, {'box': [269.4884948730469, 550.79443359375, 124.83013916015625, 278.2701110839844], 'conf': 0.85972166, 'label_id': 'person', 'sub_labels': 'other', 'sub_labels_conf': 0.9998970031738281, 'id': 2}, {'box': [1148.826416015625, 432.91510009765625, 113.3062744140625, 290.3589172363281], 'conf': 0.8626346, 'label_id': 'person', 'sub_labels': 'other', 'sub_labels_conf': 0.6984599828720093, 'id': 4}, {'box': [323.8106994628906, 556.6473388671875, 106.391357421875, 230.1219482421875], 'conf': 0.625765, 'label_id': 'person', 'sub_labels': 'other', 'sub_labels_conf': 0.9980393052101135, 'id': 5}, {'box': [85.10530090332031, 651.9063720703125, 168.501220703125, 261.83416748046875], 'conf': 0.78997016, 'label_id': 'person', 'sub_labels': 'other', 'sub_labels_conf': 0.8739812970161438, 'id': 7}, {'box': [498.3742370605469, 501.66973876953125, 115.87615966796875, 326.3000793457031], 'conf': 0.6023436, 'label_id': 'person', 'sub_labels': 'other', 'sub_labels_conf': 0.9811572432518005, 'id': 8}, {'box': [180.14801025390625, 556.3973388671875, 99.82316589355469, 239.70437622070312], 'conf': 0.7631846, 'label_id': 'person', 'sub_labels': 'other', 'sub_labels_conf': 0.876264214515686, 'id': 9}, {'box': [1440.095947265625, 459.121337890625, 111.8685302734375, 234.04586791992188], 'conf': 0.84512484, 'label_id': 'person', 'sub_labels': 'other', 'sub_labels_conf': 0.9999674558639526, 'id': 11}, {'box': [404.80804443359375, 534.2876586914062, 99.92807006835938, 252.16110229492188], 'conf': 0.54508513, 'label_id': 'person', 'sub_labels': 'other', 'sub_labels_conf': 0.9821133017539978, 'id': 12}, {'box': [1045.615966796875, 310.63983154296875, 89.94134521484375, 205.62789916992188], 'conf': 0.8066682, 'label_id': 'person', 'sub_labels': 'other', 'sub_labels_conf': 0.9780910015106201, 'id': 13}, {'box': [1707.954833984375, 404.2093811035156, 69.9268798828125, 219.44439697265625], 'conf': 0.47496846, 'label_id': 'person', 'sub_labels': 'other', 'sub_labels_conf': 0.9683588743209839, 'id': 16}, {'box': [1190.116455078125, 248.5030517578125, 79.4173583984375, 113.70817565917969], 'conf': 0.725035, 'label_id': 'person', 'sub_labels': 'other', 'sub_labels_conf': 0.9933369159698486, 'id': 6}, {'box': [1612.68310546875, 363.29278564453125, 100.1376953125, 193.69219970703125], 'conf': 0.5230516, 'label_id': 'person', 'sub_labels': 'other', 'sub_labels_conf': 0.9985742568969727, 'id': 15}]"
83,2024/5/22 Wednesday 0:0:3,"[{'box': [945.0762329101562, 302.40594482421875, 79.18115234375, 218.0413055419922], 'conf': 0.8805192, 'label_id': 'person', 'sub_labels': 'other', 'sub_labels_conf': 0.9974496960639954, 'id': 1}, {'box': [269.4101257324219, 550.8594970703125, 125.33314514160156, 278.41229248046875], 'conf': 0.8559573, 'label_id': 'person', 'sub_labels': 'other', 'sub_labels_conf': 0.9998873472213745, 'id': 2}, {'box': [1141.014892578125, 432.2279052734375, 114.984619140625, 292.2811279296875], 'conf': 0.84425277, 'label_id': 'person', 'sub_labels': 'other', 'sub_labels_conf': 0.9119872450828552, 'id': 4}, {'box': [320.93792724609375, 556.4139404296875, 107.59136962890625, 229.64474487304688], 'conf': 0.6220505, 'label_id': 'person', 'sub_labels': 'other', 'sub_labels_conf': 0.9960058331489563, 'id': 5}, {'box': [86.2674560546875, 651.6963500976562, 170.775146484375, 261.63720703125], 'conf': 0.775659, 'label_id': 'person', 'sub_labels': 'other', 'sub_labels_conf': 0.8094584345817566, 'id': 7}, {'box': [498.6592712402344, 502.49847412109375, 115.41619873046875, 326.3736267089844], 'conf': 0.56243724, 'label_id': 'person', 'sub_labels': 'other', 'sub_labels_conf': 0.9760273694992065, 'id': 8}, {'box': [180.195068359375, 556.3843994140625, 100.09197998046875, 239.37249755859375], 'conf': 0.76798254, 'label_id': 'person', 'sub_labels': 'other', 'sub_labels_conf': 0.9413543343544006, 'id': 9}, {'box': [1430.32470703125, 457.84503173828125, 120.3841552734375, 236.14260864257812], 'conf': 0.8329793, 'label_id': 'person', 'sub_labels': 'other', 'sub_labels_conf': 0.9996687173843384, 'id': 11}, {'box': [406.75201416015625, 534.5864868164062, 95.76541137695312, 249.60232543945312], 'conf': 0.7147596, 'label_id': 'person', 'sub_labels': 'other', 'sub_labels_conf': 0.9897974729537964, 'id': 12}, {'box': [1044.18212890625, 310.5126953125, 90.4505615234375, 206.06150817871094], 'conf': 0.8579417, 'label_id': 'person', 'sub_labels': 'other', 'sub_labels_conf': 0.9811354279518127, 'id': 13}, {'box': [1708.51416015625, 403.1067199707031, 70.2769775390625, 221.87322998046875], 'conf': 0.4569335, 'label_id': 'person', 'sub_labels': 'other', 'sub_labels_conf': 0.9809769988059998, 'id': 16}, {'box': [1189.31640625, 243.5581512451172, 81.917724609375, 103.37368774414062], 'conf': 0.6643617, 'label_id': 'person', 'sub_labels': 'other', 'sub_labels_conf': 0.9927621483802795, 'id': 6}, {'box': [1611.517578125, 363.12060546875, 96.724853515625, 192.63394165039062], 'conf': 0.56313455, 'label_id': 'person', 'sub_labels': 'other', 'sub_labels_conf': 0.9996271133422852, 'id': 15}]"
84,2024/5/22 Wednesday 0:0:3,"[{'box': [944.0640869140625, 300.09857177734375, 76.57012939453125, 213.74273681640625], 'conf': 0.8778507, 'label_id': 'person', 'sub_labels': 'other', 'sub_labels_conf': 0.9979372024536133, 'id': 1}, {'box': [269.3170471191406, 550.8881225585938, 126.01551818847656, 278.3966979980469], 'conf': 0.8570159, 'label_id': 'person', 'sub_labels': 'other', 'sub_labels_conf': 0.9998716115951538, 'id': 2}, {'box': [1135.121826171875, 432.1376037597656, 120.0924072265625, 291.66473388671875], 'conf': 0.8487856, 'label_id': 'person', 'sub_labels': 'other', 'sub_labels_conf': 0.9669740200042725, 'id': 4}, {'box': [320.18609619140625, 556.1914672851562, 106.73861694335938, 230.112060546875], 'conf': 0.64019305, 'label_id': 'person', 'sub_labels': 'other', 'sub_labels_conf': 0.9958510398864746, 'id': 5}, {'box': [87.0997314453125, 651.9620361328125, 172.41217041015625, 261.97222900390625], 'conf': 0.72925895, 'label_id': 'person', 'sub_labels': 'other', 'sub_labels_conf': 0.8853351473808289, 'id': 7}, {'box': [498.8917236328125, 501.9586181640625, 115.56350708007812, 325.4252624511719], 'conf': 0.55117327, 'label_id': 'person', 'sub_labels': 'other', 'sub_labels_conf': 0.9814701676368713, 'id': 8}, {'box': [180.30587768554688, 556.435546875, 99.88925170898438, 238.70596313476562], 'conf': 0.7836929, 'label_id': 'person', 'sub_labels': 'other', 'sub_labels_conf': 0.8726896643638611, 'id': 9}, {'box': [1422.868896484375, 457.58551025390625, 125.620361328125, 237.28518676757812], 'conf': 0.81864524, 'label_id': 'person', 'sub_labels': 'other', 'sub_labels_conf': 0.9997223019599915, 'id': 11}, {'box': [407.66064453125, 535.2804565429688, 93.94375610351562, 247.4068603515625], 'conf': 0.716559, 'label_id': 'person', 'sub_labels': 'other', 'sub_labels_conf': 0.986469030380249, 'id': 12}, {'box': [1041.5633544921875, 310.3908386230469, 90.38568115234375, 205.81068420410156], 'conf': 0.7601626, 'label_id': 'person', 'sub_labels': 'other', 'sub_labels_conf': 0.9882170557975769, 'id': 13}, {'box': [1708.474365234375, 404.2427978515625, 70.39404296875, 220.2945556640625], 'conf': 0.4752084, 'label_id': 'person', 'sub_labels': 'other', 'sub_labels_conf': 0.9728155732154846, 'id': 16}, {'box': [1190.62841796875, 242.3607177734375, 81.3314208984375, 101.1553955078125], 'conf': 0.5184897, 'label_id': 'person', 'sub_labels': 'other', 'sub_labels_conf': 0.9923479557037354, 'id': 6}, {'box': [1611.453125, 363.04119873046875, 95.6707763671875, 191.7352294921875], 'conf': 0.57227004, 'label_id': 'person', 'sub_labels': 'other', 'sub_labels_conf': 0.999626636505127, 'id': 15}]"
85,2024/5/22 Wednesday 0:0:3,"[{'box': [943.213623046875, 298.1676940917969, 75.80511474609375, 214.30995178222656], 'conf': 0.88010067, 'label_id': 'person', 'sub_labels': 'other', 'sub_labels_conf': 0.9965516328811646, 'id': 1}, {'box': [269.2947998046875, 551.0999145507812, 126.6182861328125, 277.9859313964844], 'conf': 0.86002666, 'label_id': 'person', 'sub_labels': 'other', 'sub_labels_conf': 0.9998985528945923, 'id': 2}, {'box': [1128.5408935546875, 431.4263916015625, 121.484619140625, 291.374267578125], 'conf': 0.84939206, 'label_id': 'person', 'sub_labels': 'other', 'sub_labels_conf': 0.9850863218307495, 'id': 4}, {'box': [320.00537109375, 556.358154296875, 100.69131469726562, 230.19589233398438], 'conf': 0.62268645, 'label_id': 'person', 'sub_labels': 'other', 'sub_labels_conf': 0.9949427247047424, 'id': 5}, {'box': [87.3165283203125, 652.4174194335938, 172.76580810546875, 262.8150634765625], 'conf': 0.6868769, 'label_id': 'person', 'sub_labels': 'other', 'sub_labels_conf': 0.6706627011299133, 'id': 7}, {'box': [498.99713134765625, 501.7664794921875, 115.91030883789062, 323.9845886230469], 'conf': 0.6139048, 'label_id': 'person', 'sub_labels': 'other', 'sub_labels_conf': 0.9788852334022522, 'id': 8}, {'box': [180.50869750976562, 556.6429443359375, 98.77891540527344, 237.8414306640625], 'conf': 0.79600847, 'label_id': 'person', 'sub_labels': 'other', 'sub_labels_conf': 0.8684549927711487, 'id': 9}, {'box': [1417.3985595703125, 457.41546630859375, 122.177490234375, 237.29141235351562], 'conf': 0.85249865, 'label_id': 'person', 'sub_labels': 'other', 'sub_labels_conf': 0.9998871088027954, 'id': 11}, {'box': [406.8509521484375, 534.6741943359375, 95.51251220703125, 250.12200927734375], 'conf': 0.73168314, 'label_id': 'person', 'sub_labels': 'other', 'sub_labels_conf': 0.9773818254470825, 'id': 12}, {'box': [1038.156494140625, 310.0115966796875, 90.5731201171875, 206.6570281982422], 'conf': 0.8061342, 'label_id': 'person', 'sub_labels': 'other', 'sub_labels_conf': 0.9889546632766724, 'id': 13}, {'box': [1708.4371337890625, 401.33941650390625, 70.593505859375, 226.29830932617188], 'conf': 0.4540847, 'label_id': 'person', 'sub_labels': 'other', 'sub_labels_conf': 0.9620386958122253, 'id': 16}, {'box': [1192.63623046875, 242.04165649414062, 79.0546875, 98.65177917480469], 'conf': 0.5053482, 'label_id': 'person', 'sub_labels': 'other', 'sub_labels_conf': 0.9938979744911194, 'id': 6}, {'box': [1611.781494140625, 362.98040771484375, 96.2298583984375, 191.47238159179688], 'conf': 0.53488475, 'label_id': 'person', 'sub_labels': 'other', 'sub_labels_conf': 0.9994962215423584, 'id': 15}]"
86,2024/5/22 Wednesday 0:0:3,"[{'box': [941.7720336914062, 297.5903625488281, 75.65869140625, 215.5964813232422], 'conf': 0.8767168, 'label_id': 'person', 'sub_labels': 'other', 'sub_labels_conf': 0.9954102635383606, 'id': 1}, {'box': [269.3127746582031, 551.2931518554688, 127.08905029296875, 277.4395751953125], 'conf': 0.8558057, 'label_id': 'person', 'sub_labels': 'other', 'sub_labels_conf': 0.999897837638855, 'id': 2}, {'box': [1124.75537109375, 429.97296142578125, 121.369384765625, 291.6074523925781], 'conf': 0.8288264, 'label_id': 'person', 'sub_labels': 'other', 'sub_labels_conf': 0.9681996703147888, 'id': 4}, {'box': [322.25885009765625, 554.8309326171875, 103.07241821289062, 229.31939697265625], 'conf': 0.6595966, 'label_id': 'person', 'sub_labels': 'other', 'sub_labels_conf': 0.995640754699707, 'id': 5}, {'box': [85.68244171142578, 652.8681030273438, 169.3712921142578, 262.5155029296875], 'conf': 0.6226914, 'label_id': 'person', 'sub_labels': 'other', 'sub_labels_conf': 0.9011885523796082, 'id': 7}, {'box': [498.9995422363281, 501.2412109375, 115.56976318359375, 323.3786315917969], 'conf': 0.63891554, 'label_id': 'person', 'sub_labels': 'other', 'sub_labels_conf': 0.979013204574585, 'id': 8}, {'box': [180.5716552734375, 556.473876953125, 98.79725646972656, 238.00775146484375], 'conf': 0.793013, 'label_id': 'person', 'sub_labels': 'other', 'sub_labels_conf': 0.9182655215263367, 'id': 9}, {'box': [1414.012451171875, 456.86846923828125, 119.1588134765625, 235.31484985351562], 'conf': 0.84639114, 'label_id': 'person', 'sub_labels': 'other', 'sub_labels_conf': 0.9999659061431885, 'id': 11}, {'box': [407.1539306640625, 534.7614135742188, 94.95458984375, 249.84085083007812], 'conf': 0.7281592, 'label_id': 'person', 'sub_labels': 'other', 'sub_labels_conf': 0.9898067116737366, 'id': 12}, {'box': [1035.6605224609375, 309.7750244140625, 89.76971435546875, 206.47418212890625], 'conf': 0.8082799, 'label_id': 'person', 'sub_labels': 'other', 'sub_labels_conf': 0.9855819344520569, 'id': 13}, {'box': [1708.45947265625, 400.91021728515625, 70.1314697265625, 227.35586547851562], 'conf': 0.435627, 'label_id': 'person', 'sub_labels': 'other', 'sub_labels_conf': 0.9227809906005859, 'id': 16}, {'box': [1195.2083740234375, 242.08135986328125, 75.87255859375, 99.86808776855469], 'conf': 0.5996165, 'label_id': 'person', 'sub_labels': 'other', 'sub_labels_conf': 0.9986000657081604, 'id': 6}, {'box': [1611.790283203125, 362.76123046875, 96.0294189453125, 190.965576171875], 'conf': 0.52334124, 'label_id': 'person', 'sub_labels': 'other', 'sub_labels_conf': 0.9994789958000183, 'id': 15}]"
87,2024/5/22 Wednesday 0:0:3,"[{'box': [940.2704467773438, 297.64501953125, 74.3544921875, 216.31776428222656], 'conf': 0.87204653, 'label_id': 'person', 'sub_labels': 'other', 'sub_labels_conf': 0.9962121248245239, 'id': 1}, {'box': [269.2729187011719, 551.3316650390625, 127.5592041015625, 277.30035400390625], 'conf': 0.8549008, 'label_id': 'person', 'sub_labels': 'other', 'sub_labels_conf': 0.9999157190322876, 'id': 2}, {'box': [1120.034912109375, 426.0009765625, 115.7716064453125, 285.8157958984375], 'conf': 0.8330713, 'label_id': 'person', 'sub_labels': 'other', 'sub_labels_conf': 0.957983136177063, 'id': 4}, {'box': [324.61273193359375, 554.2945556640625, 100.6883544921875, 229.87994384765625], 'conf': 0.6688578, 'label_id': 'person', 'sub_labels': 'other', 'sub_labels_conf': 0.9986326098442078, 'id': 5}, {'box': [84.84339904785156, 653.23681640625, 167.72174072265625, 262.87030029296875], 'conf': 0.6182193, 'label_id': 'person', 'sub_labels': 'other', 'sub_labels_conf': 0.8724524974822998, 'id': 7}, {'box': [498.9349670410156, 501.45733642578125, 115.45892333984375, 322.9379577636719], 'conf': 0.6113546, 'label_id': 'person', 'sub_labels': 'other', 'sub_labels_conf': 0.9764152765274048, 'id': 8}, {'box': [180.4730987548828, 556.0875854492188, 99.32159423828125, 238.94760131835938], 'conf': 0.7969684, 'label_id': 'person', 'sub_labels': 'other', 'sub_labels_conf': 0.9400358200073242, 'id': 9}, {'box': [1412.3404541015625, 455.48797607421875, 114.9697265625, 236.39016723632812], 'conf': 0.8529004, 'label_id': 'person', 'sub_labels': 'other', 'sub_labels_conf': 0.9999010562896729, 'id': 11}, {'box': [407.819091796875, 535.2288818359375, 93.71160888671875, 248.00289916992188], 'conf': 0.71989906, 'label_id': 'person', 'sub_labels': 'other', 'sub_labels_conf': 0.9734897613525391, 'id': 12}, {'box': [1032.8885498046875, 308.97686767578125, 88.47052001953125, 206.47634887695312], 'conf': 0.804566, 'label_id': 'person', 'sub_labels': 'other', 'sub_labels_conf': 0.9978721141815186, 'id': 13}, {'box': [1708.650634765625, 402.98858642578125, 69.8016357421875, 223.23880004882812], 'conf': 0.4098239, 'label_id': 'person', 'sub_labels': 'other', 'sub_labels_conf': 0.910201370716095, 'id': 16}, {'box': [1196.402587890625, 243.0268096923828, 75.5206298828125, 99.23562622070312], 'conf': 0.53620875, 'label_id': 'person', 'sub_labels': 'other', 'sub_labels_conf': 0.999395489692688, 'id': 6}, {'box': [1612.39892578125, 362.1005859375, 98.6531982421875, 191.09439086914062], 'conf': 0.6113463, 'label_id': 'person', 'sub_labels': 'other', 'sub_labels_conf': 0.9989401698112488, 'id': 15}]"
88,2024/5/22 Wednesday 0:0:3,"[{'box': [938.6742553710938, 299.3910217285156, 74.4686279296875, 220.0535430908203], 'conf': 0.86842495, 'label_id': 'person', 'sub_labels': 'other', 'sub_labels_conf': 0.9977039694786072, 'id': 1}, {'box': [269.4055480957031, 551.3829345703125, 128.1102752685547, 277.273193359375], 'conf': 0.85044503, 'label_id': 'person', 'sub_labels': 'other', 'sub_labels_conf': 0.9999241828918457, 'id': 2}, {'box': [1117.6168212890625, 422.33477783203125, 115.858154296875, 280.8355407714844], 'conf': 0.8303166, 'label_id': 'person', 'sub_labels': 'other', 'sub_labels_conf': 0.9731566309928894, 'id': 4}, {'box': [327.1080017089844, 554.4107666015625, 99.76129150390625, 230.65548706054688], 'conf': 0.6911723, 'label_id': 'person', 'sub_labels': 'other', 'sub_labels_conf': 0.9956698417663574, 'id': 5}, {'box': [83.5958251953125, 653.1739501953125, 165.21005249023438, 263.71051025390625], 'conf': 0.5957044, 'label_id': 'person', 'sub_labels': 'other', 'sub_labels_conf': 0.8780100345611572, 'id': 7}, {'box': [498.59124755859375, 501.6725158691406, 115.4814453125, 323.33770751953125], 'conf': 0.632133, 'label_id': 'person', 'sub_labels': 'other', 'sub_labels_conf': 0.9755861759185791, 'id': 8}, {'box': [180.30421447753906, 556.0430908203125, 98.92044067382812, 239.50796508789062], 'conf': 0.8064228, 'label_id': 'person', 'sub_labels': 'other', 'sub_labels_conf': 0.9383473992347717, 'id': 9}, {'box': [1409.3258056640625, 454.27581787109375, 110.984375, 235.0877685546875], 'conf': 0.8645471, 'label_id': 'person', 'sub_labels': 'other', 'sub_labels_conf': 0.9998304843902588, 'id': 11}, {'box': [405.8108215332031, 534.4501953125, 97.38751220703125, 250.20782470703125], 'conf': 0.7062918, 'label_id': 'person', 'sub_labels': 'other', 'sub_labels_conf': 0.9876525402069092, 'id': 12}, {'box': [1029.454833984375, 307.51959228515625, 87.806640625, 208.71224975585938], 'conf': 0.81322896, 'label_id': 'person', 'sub_labels': 'other', 'sub_labels_conf': 0.9988253712654114, 'id': 13}, {'box': [1708.8897705078125, 401.71240234375, 70.155517578125, 225.9068603515625], 'conf': 0.42727455, 'label_id': 'person', 'sub_labels': 'other', 'sub_labels_conf': 0.8648539781570435, 'id': 16}, {'box': [1196.030517578125, 242.67575073242188, 76.5567626953125, 98.23643493652344], 'conf': 0.40446615, 'label_id': 'person', 'sub_labels': 'other', 'sub_labels_conf': 0.9981428384780884, 'id': 6}, {'box': [1612.59130859375, 361.61041259765625, 99.7655029296875, 190.7564697265625], 'conf': 0.6607826, 'label_id': 'person', 'sub_labels': 'other', 'sub_labels_conf': 0.9986121654510498, 'id': 15}]"
89,2024/5/22 Wednesday 0:0:3,"[{'box': [936.9725341796875, 298.782470703125, 74.1395263671875, 218.24978637695312], 'conf': 0.8651633, 'label_id': 'person', 'sub_labels': 'other', 'sub_labels_conf': 0.9959273934364319, 'id': 1}, {'box': [269.4414978027344, 551.3531494140625, 128.37359619140625, 277.41998291015625], 'conf': 0.85094696, 'label_id': 'person', 'sub_labels': 'other', 'sub_labels_conf': 0.9999191761016846, 'id': 2}, {'box': [1115.21044921875, 416.58074951171875, 112.8302001953125, 276.0544128417969], 'conf': 0.79833174, 'label_id': 'person', 'sub_labels': 'other', 'sub_labels_conf': 0.9346014857292175, 'id': 4}, {'box': [326.8558044433594, 554.4799194335938, 95.29217529296875, 230.39846801757812], 'conf': 0.6457387, 'label_id': 'person', 'sub_labels': 'other', 'sub_labels_conf': 0.998410701751709, 'id': 5}, {'box': [82.84817504882812, 653.180908203125, 163.668212890625, 264.65118408203125], 'conf': 0.5778828, 'label_id': 'person', 'sub_labels': 'other', 'sub_labels_conf': 0.9341914057731628, 'id': 7}, {'box': [498.9537353515625, 502.68243408203125, 115.75180053710938, 323.6793212890625], 'conf': 0.6279453, 'label_id': 'person', 'sub_labels': 'other', 'sub_labels_conf': 0.9664249420166016, 'id': 8}, {'box': [180.4056396484375, 556.4244995117188, 98.30023193359375, 239.06570434570312], 'conf': 0.8152451, 'label_id': 'person', 'sub_labels': 'other', 'sub_labels_conf': 0.9406503438949585, 'id': 9}, {'box': [1407.210693359375, 451.34381103515625, 105.4873046875, 234.24951171875], 'conf': 0.85507715, 'label_id': 'person', 'sub_labels': 'other', 'sub_labels_conf': 0.9981978535652161, 'id': 11}, {'box': [404.77850341796875, 534.2525634765625, 99.35955810546875, 250.82403564453125], 'conf': 0.72054803, 'label_id': 'person', 'sub_labels': 'other', 'sub_labels_conf': 0.9907570481300354, 'id': 12}, {'box': [1025.607666015625, 307.18060302734375, 86.7025146484375, 210.94810485839844], 'conf': 0.7600225, 'label_id': 'person', 'sub_labels': 'other', 'sub_labels_conf': 0.9959512948989868, 'id': 13}, {'box': [1708.976806640625, 398.885009765625, 70.7362060546875, 231.84219360351562], 'conf': 0.45319018, 'label_id': 'person', 'sub_labels': 'other', 'sub_labels_conf': 0.87624591588974, 'id': 16}, {'box': [1196.802734375, 243.738037109375, 78.2210693359375, 100.80992126464844], 'conf': 0.356469, 'label_id': 'person', 'sub_labels': 'other', 'sub_labels_conf': 0.9980918765068054, 'id': 6}, {'box': [1612.9376220703125, 361.1015319824219, 100.834716796875, 190.13250732421875], 'conf': 0.62040555, 'label_id': 'person', 'sub_labels': 'other', 'sub_labels_conf': 0.9985108971595764, 'id': 15}]"
90,2024/5/22 Wednesday 0:0:3,"[{'box': [934.8121337890625, 299.7618408203125, 73.10845947265625, 220.5629425048828], 'conf': 0.86718315, 'label_id': 'person', 'sub_labels': 'other', 'sub_labels_conf': 0.9963538646697998, 'id': 1}, {'box': [269.25604248046875, 551.7008056640625, 128.30636596679688, 276.8489685058594], 'conf': 0.8554371, 'label_id': 'person', 'sub_labels': 'other', 'sub_labels_conf': 0.9998571872711182, 'id': 2}, {'box': [1113.90478515625, 412.06402587890625, 109.4356689453125, 270.9866943359375], 'conf': 0.77912796, 'label_id': 'person', 'sub_labels': 'other', 'sub_labels_conf': 0.9976773858070374, 'id': 4}, {'box': [328.330322265625, 553.9048461914062, 93.55996704101562, 229.75106811523438], 'conf': 0.6248169, 'label_id': 'person', 'sub_labels': 'other', 'sub_labels_conf': 0.9992008805274963, 'id': 5}, {'box': [84.30955505371094, 652.2890625, 166.31268310546875, 264.27801513671875], 'conf': 0.4431296, 'label_id': 'person', 'sub_labels': 'other', 'sub_labels_conf': 0.9403902292251587, 'id': 7}, {'box': [499.14208984375, 501.1318359375, 115.13967895507812, 323.6966247558594], 'conf': 0.657305, 'label_id': 'person', 'sub_labels': 'other', 'sub_labels_conf': 0.9308587908744812, 'id': 8}, {'box': [180.7886962890625, 555.8533325195312, 100.02716064453125, 238.89865112304688], 'conf': 0.81010133, 'label_id': 'person', 'sub_labels': 'other', 'sub_labels_conf': 0.9660041332244873, 'id': 9}, {'box': [1403.4215087890625, 449.260009765625, 99.781982421875, 232.59677124023438], 'conf': 0.84910494, 'label_id': 'person', 'sub_labels': 'other', 'sub_labels_conf': 0.9999927282333374, 'id': 11}, {'box': [403.03594970703125, 536.5406494140625, 99.544189453125, 248.2554931640625], 'conf': 0.52396286, 'label_id': 'person', 'sub_labels': 'other', 'sub_labels_conf': 0.9481304883956909, 'id': 12}, {'box': [1022.2299194335938, 306.90631103515625, 85.9219970703125, 214.2905731201172], 'conf': 0.8279667, 'label_id': 'person', 'sub_labels': 'other', 'sub_labels_conf': 0.9899070262908936, 'id': 13}, {'box': [1709.00927734375, 399.3289794921875, 70.2691650390625, 230.17599487304688], 'conf': 0.55027544, 'label_id': 'person', 'sub_labels': 'other', 'sub_labels_conf': 0.8371085524559021, 'id': 16}, {'box': [1197.8857421875, 244.16351318359375, 78.7142333984375, 102.16705322265625], 'conf': 0.45953614, 'label_id': 'person', 'sub_labels': 'other', 'sub_labels_conf': 0.9959118366241455, 'id': 6}, {'box': [1617.451171875, 360.89263916015625, 108.5928955078125, 190.9598388671875], 'conf': 0.5038124, 'label_id': 'person', 'sub_labels': 'other', 'sub_labels_conf': 0.998525083065033, 'id': 15}]"
91,2024/5/22 Wednesday 0:0:3,"[{'box': [931.8502197265625, 298.6236267089844, 73.07440185546875, 219.73670959472656], 'conf': 0.8613702, 'label_id': 'person', 'sub_labels': 'other', 'sub_labels_conf': 0.9972577691078186, 'id': 1}, {'box': [269.0719299316406, 551.9002685546875, 128.44915771484375, 276.5604553222656], 'conf': 0.85336876, 'label_id': 'person', 'sub_labels': 'other', 'sub_labels_conf': 0.9999184608459473, 'id': 2}, {'box': [1109.21044921875, 408.21551513671875, 106.7445068359375, 268.7044372558594], 'conf': 0.8044398, 'label_id': 'person', 'sub_labels': 'other', 'sub_labels_conf': 0.9917499423027039, 'id': 4}, {'box': [330.284423828125, 553.5013427734375, 95.39639282226562, 229.44427490234375], 'conf': 0.70182985, 'label_id': 'person', 'sub_labels': 'other', 'sub_labels_conf': 0.9994506239891052, 'id': 5}, {'box': [84.9525375366211, 652.1173095703125, 167.5625762939453, 263.64349365234375], 'conf': 0.4353075, 'label_id': 'person', 'sub_labels': 'other', 'sub_labels_conf': 0.8007479906082153, 'id': 7}, {'box': [499.42559814453125, 500.1590576171875, 115.2198486328125, 323.4166564941406], 'conf': 0.63830996, 'label_id': 'person', 'sub_labels': 'other', 'sub_labels_conf': 0.8425269722938538, 'id': 8}, {'box': [181.09207153320312, 555.7702026367188, 100.91950988769531, 238.53689575195312], 'conf': 0.7983071, 'label_id': 'person', 'sub_labels': 'other', 'sub_labels_conf': 0.9730685353279114, 'id': 9}, {'box': [1400.3292236328125, 448.230712890625, 93.9482421875, 230.53787231445312], 'conf': 0.82406163, 'label_id': 'person', 'sub_labels': 'other', 'sub_labels_conf': 0.9999959468841553, 'id': 11}, {'box': [401.796875, 535.32666015625, 103.02413940429688, 249.34869384765625], 'conf': 0.6796554, 'label_id': 'person', 'sub_labels': 'other', 'sub_labels_conf': 0.986045777797699, 'id': 12}, {'box': [1019.1309814453125, 306.755615234375, 84.90277099609375, 216.19888305664062], 'conf': 0.83714765, 'label_id': 'person', 'sub_labels': 'other', 'sub_labels_conf': 0.9897254109382629, 'id': 13}, {'box': [1709.566162109375, 398.4173583984375, 70.7786865234375, 232.16879272460938], 'conf': 0.5579227, 'label_id': 'person', 'sub_labels': 'other', 'sub_labels_conf': 0.8970624804496765, 'id': 16}, {'box': [1198.89990234375, 245.03170776367188, 77.826171875, 103.64042663574219], 'conf': 0.32028013, 'label_id': 'person', 'sub_labels': 'other', 'sub_labels_conf': 0.9968118071556091, 'id': 6}, {'box': [1618.08349609375, 360.4842529296875, 109.1588134765625, 190.64749145507812], 'conf': 0.5170584, 'label_id': 'person', 'sub_labels': 'other', 'sub_labels_conf': 0.9988656044006348, 'id': 15}]"
92,2024/5/22 Wednesday 0:0:3,"[{'box': [929.1909790039062, 298.3849792480469, 74.768310546875, 221.0296173095703], 'conf': 0.8456439, 'label_id': 'person', 'sub_labels': 'other', 'sub_labels_conf': 0.9932369589805603, 'id': 1}, {'box': [268.9386291503906, 552.088623046875, 129.0501251220703, 276.2581481933594], 'conf': 0.84462327, 'label_id': 'person', 'sub_labels': 'other', 'sub_labels_conf': 0.9999743700027466, 'id': 2}, {'box': [1097.9833984375, 405.41131591796875, 94.759765625, 266.6276550292969], 'conf': 0.7880408, 'label_id': 'person', 'sub_labels': 'other', 'sub_labels_conf': 0.9824926853179932, 'id': 4}, {'box': [330.79071044921875, 555.3104248046875, 95.6265869140625, 235.50848388671875], 'conf': 0.7710048, 'label_id': 'person', 'sub_labels': 'other', 'sub_labels_conf': 0.9992928504943848, 'id': 5}, {'box': [84.41184997558594, 651.9158935546875, 166.4285888671875, 262.74713134765625], 'conf': 0.45034313, 'label_id': 'person', 'sub_labels': 'other', 'sub_labels_conf': 0.8852497339248657, 'id': 7}, {'box': [499.568115234375, 499.92620849609375, 115.36209106445312, 324.0653076171875], 'conf': 0.64028597, 'label_id': 'person', 'sub_labels': 'other', 'sub_labels_conf': 0.8641716241836548, 'id': 8}, {'box': [181.03594970703125, 555.634521484375, 101.40519714355469, 238.81454467773438], 'conf': 0.7951864, 'label_id': 'person', 'sub_labels': 'other', 'sub_labels_conf': 0.9726954102516174, 'id': 9}, {'box': [1398.12158203125, 447.6788330078125, 92.5177001953125, 230.72622680664062], 'conf': 0.81882435, 'label_id': 'person', 'sub_labels': 'other', 'sub_labels_conf': 0.9999997615814209, 'id': 11}, {'box': [400.6202697753906, 535.585693359375, 105.85455322265625, 248.23785400390625], 'conf': 0.6593151, 'label_id': 'person', 'sub_labels': 'other', 'sub_labels_conf': 0.9879093766212463, 'id': 12}, {'box': [1016.7037353515625, 305.3356018066406, 84.08477783203125, 218.0283660888672], 'conf': 0.8236048, 'label_id': 'person', 'sub_labels': 'other', 'sub_labels_conf': 0.9979508519172668, 'id': 13}, {'box': [1709.443603515625, 399.22906494140625, 70.4915771484375, 230.46878051757812], 'conf': 0.5372316, 'label_id': 'person', 'sub_labels': 'other', 'sub_labels_conf': 0.9053826928138733, 'id': 16}, {'box': [1198.916748046875, 246.68218994140625, 78.03125, 106.62617492675781], 'conf': 0.19872804, 'label_id': 'person', 'sub_labels': 'other', 'sub_labels_conf': 0.9918797612190247, 'id': 6}, {'box': [1615.0906982421875, 359.8902893066406, 101.746337890625, 187.75347900390625], 'conf': 0.5471859, 'label_id': 'person', 'sub_labels': 'other', 'sub_labels_conf': 0.9990971088409424, 'id': 15}]"
93,2024/5/22 Wednesday 0:0:3,"[{'box': [926.68212890625, 300.5455627441406, 77.76812744140625, 227.3721160888672], 'conf': 0.8327402, 'label_id': 'person', 'sub_labels': 'other', 'sub_labels_conf': 0.9975887537002563, 'id': 1}, {'box': [268.776123046875, 552.5783081054688, 129.3150634765625, 275.439208984375], 'conf': 0.8417262, 'label_id': 'person', 'sub_labels': 'other', 'sub_labels_conf': 0.9999736547470093, 'id': 2}, {'box': [1093.369873046875, 402.97662353515625, 88.489990234375, 265.1938781738281], 'conf': 0.76658815, 'label_id': 'person', 'sub_labels': 'other', 'sub_labels_conf': 0.9974240064620972, 'id': 4}, {'box': [330.80987548828125, 557.709716796875, 93.65713500976562, 237.78256225585938], 'conf': 0.7742892, 'label_id': 'person', 'sub_labels': 'other', 'sub_labels_conf': 0.9997641444206238, 'id': 5}, {'box': [84.21932220458984, 651.9637451171875, 165.93556213378906, 261.76690673828125], 'conf': 0.42696267, 'label_id': 'person', 'sub_labels': 'other', 'sub_labels_conf': 0.8840155005455017, 'id': 7}, {'box': [499.8148193359375, 499.58978271484375, 115.73794555664062, 325.059326171875], 'conf': 0.63273025, 'label_id': 'person', 'sub_labels': 'other', 'sub_labels_conf': 0.8507929444313049, 'id': 8}, {'box': [180.89007568359375, 555.8595581054688, 101.57138061523438, 238.96469116210938], 'conf': 0.8117418, 'label_id': 'person', 'sub_labels': 'other', 'sub_labels_conf': 0.9719528555870056, 'id': 9}, {'box': [1393.154541015625, 447.201904296875, 87.5146484375, 231.37710571289062], 'conf': 0.75758797, 'label_id': 'person', 'sub_labels': 'other', 'sub_labels_conf': 0.9999948740005493, 'id': 11}, {'box': [399.6380310058594, 536.865966796875, 105.85284423828125, 247.94390869140625], 'conf': 0.53358626, 'label_id': 'person', 'sub_labels': 'other', 'sub_labels_conf': 0.9855704307556152, 'id': 12}, {'box': [1014.36083984375, 304.7284240722656, 85.75250244140625, 219.2955322265625], 'conf': 0.8013259, 'label_id': 'person', 'sub_labels': 'other', 'sub_labels_conf': 0.9965850114822388, 'id': 13}, {'box': [1709.3939208984375, 399.07806396484375, 70.4873046875, 230.994140625], 'conf': 0.5446753, 'label_id': 'person', 'sub_labels': 'other', 'sub_labels_conf': 0.9066478610038757, 'id': 16}, {'box': [1199.227294921875, 248.4420166015625, 77.3900146484375, 109.41731262207031], 'conf': 0.268152, 'label_id': 'person', 'sub_labels': 'other', 'sub_labels_conf': 0.9875020980834961, 'id': 6}, {'box': [1616.77392578125, 359.90899658203125, 105.515625, 189.19821166992188], 'conf': 0.53026265, 'label_id': 'person', 'sub_labels': 'other', 'sub_labels_conf': 0.998772919178009, 'id': 15}, {'box': [1136.47607421875, 319.5514831542969, 60.9178466796875, 166.1549835205078], 'conf': 0.6305022, 'label_id': 'person', 'sub_labels': 'other', 'sub_labels_conf': 0.9999904632568359, 'id': 17}]"
94,2024/5/22 Wednesday 0:0:3,"[{'box': [923.881103515625, 295.441162109375, 79.015625, 221.75704956054688], 'conf': 0.83009696, 'label_id': 'person', 'sub_labels': 'other', 'sub_labels_conf': 0.9977854490280151, 'id': 1}, {'box': [268.4662170410156, 552.5750732421875, 129.740478515625, 275.70989990234375], 'conf': 0.83386785, 'label_id': 'person', 'sub_labels': 'other', 'sub_labels_conf': 0.9999810457229614, 'id': 2}, {'box': [1085.0523681640625, 401.3515319824219, 88.474609375, 265.86334228515625], 'conf': 0.8364992, 'label_id': 'person', 'sub_labels': 'other', 'sub_labels_conf': 0.9924059510231018, 'id': 4}, {'box': [330.53338623046875, 559.1339111328125, 93.0380859375, 240.19012451171875], 'conf': 0.7937017, 'label_id': 'person', 'sub_labels': 'other', 'sub_labels_conf': 0.9996644258499146, 'id': 5}, {'box': [84.25789642333984, 651.6829833984375, 165.8411102294922, 261.45367431640625], 'conf': 0.45546988, 'label_id': 'person', 'sub_labels': 'other', 'sub_labels_conf': 0.9097968339920044, 'id': 7}, {'box': [499.9188232421875, 499.6831359863281, 115.74301147460938, 325.59613037109375], 'conf': 0.6482682, 'label_id': 'person', 'sub_labels': 'other', 'sub_labels_conf': 0.8426609635353088, 'id': 8}, {'box': [180.7603759765625, 555.727783203125, 101.416259765625, 238.97756958007812], 'conf': 0.7992594, 'label_id': 'person', 'sub_labels': 'other', 'sub_labels_conf': 0.9757580757141113, 'id': 9}, {'box': [1386.4705810546875, 447.770263671875, 87.689453125, 228.94235229492188], 'conf': 0.77352816, 'label_id': 'person', 'sub_labels': 'other', 'sub_labels_conf': 0.9999978542327881, 'id': 11}, {'box': [400.3087158203125, 516.4893188476562, 106.10208129882812, 293.9781494140625], 'conf': 0.74512815, 'label_id': 'person', 'sub_labels': 'other', 'sub_labels_conf': 0.9852391481399536, 'id': 12}, {'box': [1011.8194580078125, 300.2961730957031, 86.94610595703125, 210.61700439453125], 'conf': 0.8180122, 'label_id': 'person', 'sub_labels': 'other', 'sub_labels_conf': 0.9989184141159058, 'id': 13}, {'box': [1709.45166015625, 398.677978515625, 70.8111572265625, 231.6651611328125], 'conf': 0.52202904, 'label_id': 'person', 'sub_labels': 'other', 'sub_labels_conf': 0.8773742914199829, 'id': 16}, {'box': [1198.210693359375, 281.7041320800781, 79.1934814453125, 176.01673889160156], 'conf': 0.6253041, 'label_id': 'person', 'sub_labels': 'other', 'sub_labels_conf': 0.9996265172958374, 'id': 6}, {'box': [1616.616943359375, 360.15618896484375, 104.9364013671875, 190.4376220703125], 'conf': 0.5671725, 'label_id': 'person', 'sub_labels': 'other', 'sub_labels_conf': 0.9982971549034119, 'id': 15}, {'box': [1132.0205078125, 321.0640869140625, 58.5435791015625, 170.52291870117188], 'conf': 0.59745437, 'label_id': 'person', 'sub_labels': 'other', 'sub_labels_conf': 0.999990701675415, 'id': 17}]"
95,2024/5/22 Wednesday 0:0:3,"[{'box': [921.94189453125, 288.0960693359375, 82.16290283203125, 210.32504272460938], 'conf': 0.84029317, 'label_id': 'person', 'sub_labels': 'other', 'sub_labels_conf': 0.9986166954040527, 'id': 1}, {'box': [268.71551513671875, 552.35498046875, 130.7078857421875, 276.20892333984375], 'conf': 0.83526224, 'label_id': 'person', 'sub_labels': 'other', 'sub_labels_conf': 0.9999710321426392, 'id': 2}, {'box': [1074.38134765625, 399.74072265625, 99.9212646484375, 268.0527038574219], 'conf': 0.86444604, 'label_id': 'person', 'sub_labels': 'other', 'sub_labels_conf': 0.9948338270187378, 'id': 4}, {'box': [330.50653076171875, 559.44189453125, 93.61764526367188, 240.08639526367188], 'conf': 0.77903557, 'label_id': 'person', 'sub_labels': 'other', 'sub_labels_conf': 0.9998326301574707, 'id': 5}, {'box': [85.16048431396484, 651.4747924804688, 167.47227478027344, 261.549560546875], 'conf': 0.45862475, 'label_id': 'person', 'sub_labels': 'other', 'sub_labels_conf': 0.8842973113059998, 'id': 7}, {'box': [499.9283142089844, 499.91455078125, 115.85211181640625, 325.4028625488281], 'conf': 0.6759123, 'label_id': 'person', 'sub_labels': 'other', 'sub_labels_conf': 0.8341223001480103, 'id': 8}, {'box': [180.86119079589844, 555.8208618164062, 101.41409301757812, 238.54629516601562], 'conf': 0.8025959, 'label_id': 'person', 'sub_labels': 'other', 'sub_labels_conf': 0.9739858508110046, 'id': 9}, {'box': [1377.09228515625, 447.54840087890625, 94.0423583984375, 228.93862915039062], 'conf': 0.8297637, 'label_id': 'person', 'sub_labels': 'other', 'sub_labels_conf': 0.9999128580093384, 'id': 11}, {'box': [401.37060546875, 508.74774169921875, 104.72750854492188, 309.2857360839844], 'conf': 0.7869544, 'label_id': 'person', 'sub_labels': 'other', 'sub_labels_conf': 0.8942016959190369, 'id': 12}, {'box': [1010.5407104492188, 295.43157958984375, 85.2999267578125, 199.40892028808594], 'conf': 0.8075904, 'label_id': 'person', 'sub_labels': 'other', 'sub_labels_conf': 0.9990862607955933, 'id': 13}, {'box': [1709.4385986328125, 398.1763916015625, 71.11962890625, 232.3941650390625], 'conf': 0.5077468, 'label_id': 'person', 'sub_labels': 'other', 'sub_labels_conf': 0.8139535784721375, 'id': 16}, {'box': [1196.663818359375, 293.8632507324219, 82.683349609375, 200.02928161621094], 'conf': 0.67342734, 'label_id': 'person', 'sub_labels': 'other', 'sub_labels_conf': 0.9990637898445129, 'id': 6}, {'box': [1616.668212890625, 360.4770202636719, 104.50390625, 191.45843505859375], 'conf': 0.5621854, 'label_id': 'person', 'sub_labels': 'other', 'sub_labels_conf': 0.9984208345413208, 'id': 15}, {'box': [1127.197265625, 328.837890625, 60.6973876953125, 186.58419799804688], 'conf': 0.57367843, 'label_id': 'person', 'sub_labels': 'other', 'sub_labels_conf': 0.9999879598617554, 'id': 17}]"
96,2024/5/22 Wednesday 0:0:3,"[{'box': [919.9332275390625, 289.0242919921875, 84.43988037109375, 215.77325439453125], 'conf': 0.81559736, 'label_id': 'person', 'sub_labels': 'other', 'sub_labels_conf': 0.9969072937965393, 'id': 1}, {'box': [268.38494873046875, 552.207275390625, 130.76986694335938, 276.51654052734375], 'conf': 0.8407916, 'label_id': 'person', 'sub_labels': 'other', 'sub_labels_conf': 0.9999736547470093, 'id': 2}, {'box': [1064.7501220703125, 399.56524658203125, 111.42236328125, 267.75537109375], 'conf': 0.8796926, 'label_id': 'person', 'sub_labels': 'other', 'sub_labels_conf': 0.9728090167045593, 'id': 4}, {'box': [330.6308898925781, 559.290283203125, 95.79827880859375, 239.35208129882812], 'conf': 0.8346513, 'label_id': 'person', 'sub_labels': 'other', 'sub_labels_conf': 0.999835729598999, 'id': 5}, {'box': [84.05619049072266, 651.3019409179688, 165.16770935058594, 262.55029296875], 'conf': 0.5442144, 'label_id': 'person', 'sub_labels': 'other', 'sub_labels_conf': 0.8957905173301697, 'id': 7}, {'box': [499.8105773925781, 499.60986328125, 115.67706298828125, 324.0079345703125], 'conf': 0.694351, 'label_id': 'person', 'sub_labels': 'other', 'sub_labels_conf': 0.8325958251953125, 'id': 8}, {'box': [180.73818969726562, 555.8303833007812, 101.72915649414062, 238.57351684570312], 'conf': 0.79875576, 'label_id': 'person', 'sub_labels': 'other', 'sub_labels_conf': 0.972002387046814, 'id': 9}, {'box': [1374.353759765625, 446.64788818359375, 88.781494140625, 231.083984375], 'conf': 0.80717677, 'label_id': 'person', 'sub_labels': 'other', 'sub_labels_conf': 0.9999903440475464, 'id': 11}, {'box': [401.43975830078125, 504.91357421875, 104.78286743164062, 314.660400390625], 'conf': 0.79679805, 'label_id': 'person', 'sub_labels': 'other', 'sub_labels_conf': 0.9432395100593567, 'id': 12}, {'box': [1009.0939331054688, 292.06390380859375, 82.8433837890625, 192.27407836914062], 'conf': 0.8375972, 'label_id': 'person', 'sub_labels': 'other', 'sub_labels_conf': 0.9989994168281555, 'id': 13}, {'box': [1709.77392578125, 397.4721374511719, 71.2310791015625, 233.51629638671875], 'conf': 0.46897382, 'label_id': 'person', 'sub_labels': 'other', 'sub_labels_conf': 0.9423823356628418, 'id': 16}, {'box': [1195.940185546875, 300.30853271484375, 84.3392333984375, 212.76089477539062], 'conf': 0.74628794, 'label_id': 'person', 'sub_labels': 'other', 'sub_labels_conf': 0.9981064796447754, 'id': 6}, {'box': [1621.20703125, 360.4233093261719, 114.277099609375, 191.1435546875], 'conf': 0.5566381, 'label_id': 'person', 'sub_labels': 'other', 'sub_labels_conf': 0.9992604851722717, 'id': 15}, {'box': [1124.264892578125, 341.42071533203125, 61.8875732421875, 214.18592834472656], 'conf': 0.67551756, 'label_id': 'person', 'sub_labels': 'other', 'sub_labels_conf': 0.9935590624809265, 'id': 17}]"
97,2024/5/22 Wednesday 0:0:3,"[{'box': [917.48486328125, 287.14154052734375, 84.98211669921875, 215.50112915039062], 'conf': 0.8057033, 'label_id': 'person', 'sub_labels': 'other', 'sub_labels_conf': 0.998615026473999, 'id': 1}, {'box': [267.95599365234375, 552.5692138671875, 130.44854736328125, 275.94775390625], 'conf': 0.8395587, 'label_id': 'person', 'sub_labels': 'other', 'sub_labels_conf': 0.9999856948852539, 'id': 2}, {'box': [1056.55224609375, 398.89697265625, 116.24578857421875, 268.2938537597656], 'conf': 0.87030905, 'label_id': 'person', 'sub_labels': 'other', 'sub_labels_conf': 0.9837114214897156, 'id': 4}, {'box': [330.4681396484375, 559.538330078125, 96.79104614257812, 239.42138671875], 'conf': 0.79691285, 'label_id': 'person', 'sub_labels': 'other', 'sub_labels_conf': 0.9998568296432495, 'id': 5}, {'box': [83.96553039550781, 651.2825927734375, 164.95172119140625, 262.0972900390625], 'conf': 0.42099977, 'label_id': 'person', 'sub_labels': 'other', 'sub_labels_conf': 0.9628147482872009, 'id': 7}, {'box': [499.9769592285156, 499.1727294921875, 115.25579833984375, 321.9345397949219], 'conf': 0.701356, 'label_id': 'person', 'sub_labels': 'other', 'sub_labels_conf': 0.8344547152519226, 'id': 8}, {'box': [180.80657958984375, 555.8934326171875, 102.50157165527344, 238.66461181640625], 'conf': 0.79486006, 'label_id': 'person', 'sub_labels': 'other', 'sub_labels_conf': 0.9242936372756958, 'id': 9}, {'box': [1365.10498046875, 447.2008361816406, 102.55517578125, 229.39849853515625], 'conf': 0.8126649, 'label_id': 'person', 'sub_labels': 'other', 'sub_labels_conf': 0.9998888969421387, 'id': 11}, {'box': [401.00836181640625, 503.67987060546875, 105.89279174804688, 316.9586181640625], 'conf': 0.7862908, 'label_id': 'person', 'sub_labels': 'other', 'sub_labels_conf': 0.9516023397445679, 'id': 12}, {'box': [1007.9019165039062, 290.56329345703125, 81.3751220703125, 191.20199584960938], 'conf': 0.80793476, 'label_id': 'person', 'sub_labels': 'other', 'sub_labels_conf': 0.9964027404785156, 'id': 13}, {'box': [1709.752197265625, 397.3623352050781, 71.990966796875, 233.43121337890625], 'conf': 0.51529884, 'label_id': 'person', 'sub_labels': 'other', 'sub_labels_conf': 0.8974130749702454, 'id': 16}, {'box': [1196.360595703125, 303.4664306640625, 84.0765380859375, 218.26480102539062], 'conf': 0.72612303, 'label_id': 'person', 'sub_labels': 'other', 'sub_labels_conf': 0.9986369013786316, 'id': 6}, {'box': [1619.91162109375, 360.61029052734375, 110.29345703125, 192.0413818359375], 'conf': 0.572499, 'label_id': 'person', 'sub_labels': 'other', 'sub_labels_conf': 0.9983487129211426, 'id': 15}, {'box': [1121.713623046875, 349.1473388671875, 64.8887939453125, 230.8095703125], 'conf': 0.7362057, 'label_id': 'person', 'sub_labels': 'other', 'sub_labels_conf': 0.9937872886657715, 'id': 17}]"
98,2024/5/22 Wednesday 0:0:3,"[{'box': [915.4940795898438, 283.77532958984375, 86.5213623046875, 211.35763549804688], 'conf': 0.77386487, 'label_id': 'person', 'sub_labels': 'other', 'sub_labels_conf': 0.9971926808357239, 'id': 1}, {'box': [268.0299377441406, 552.6982421875, 131.0061492919922, 276.0515441894531], 'conf': 0.8393619, 'label_id': 'person', 'sub_labels': 'other', 'sub_labels_conf': 0.9999827146530151, 'id': 2}, {'box': [1051.0615234375, 398.4599609375, 117.25994873046875, 269.4295654296875], 'conf': 0.8417612, 'label_id': 'person', 'sub_labels': 'other', 'sub_labels_conf': 0.9830111265182495, 'id': 4}, {'box': [330.0491943359375, 559.4857177734375, 97.18032836914062, 240.04476928710938], 'conf': 0.75667, 'label_id': 'person', 'sub_labels': 'other', 'sub_labels_conf': 0.9998617172241211, 'id': 5}, {'box': [83.96630096435547, 651.3580322265625, 164.97874450683594, 262.09234619140625], 'conf': 0.42116392, 'label_id': 'person', 'sub_labels': 'other', 'sub_labels_conf': 0.9672900438308716, 'id': 7}, {'box': [499.9080505371094, 499.25506591796875, 114.67156982421875, 320.2457275390625], 'conf': 0.7005075, 'label_id': 'person', 'sub_labels': 'other', 'sub_labels_conf': 0.8242231011390686, 'id': 8}, {'box': [180.89903259277344, 556.0826416015625, 102.15570068359375, 237.95660400390625], 'conf': 0.80213606, 'label_id': 'person', 'sub_labels': 'other', 'sub_labels_conf': 0.9668780565261841, 'id': 9}, {'box': [1357.6109619140625, 447.5128479003906, 105.9541015625, 228.82464599609375], 'conf': 0.8346407, 'label_id': 'person', 'sub_labels': 'other', 'sub_labels_conf': 0.9997363686561584, 'id': 11}, {'box': [401.51849365234375, 502.49365234375, 106.69815063476562, 315.34326171875], 'conf': 0.7982444, 'label_id': 'person', 'sub_labels': 'other', 'sub_labels_conf': 0.913342297077179, 'id': 12}, {'box': [1006.5057373046875, 289.5211486816406, 79.9423828125, 190.6959228515625], 'conf': 0.7893381, 'label_id': 'person', 'sub_labels': 'other', 'sub_labels_conf': 0.9950639605522156, 'id': 13}, {'box': [1709.633056640625, 397.0760498046875, 72.1356201171875, 233.8955078125], 'conf': 0.50539327, 'label_id': 'person', 'sub_labels': 'other', 'sub_labels_conf': 0.7457875609397888, 'id': 16}, {'box': [1196.37744140625, 304.44366455078125, 83.5528564453125, 219.30490112304688], 'conf': 0.66763043, 'label_id': 'person', 'sub_labels': 'other', 'sub_labels_conf': 0.9964607357978821, 'id': 6}, {'box': [1617.7550048828125, 360.7430114746094, 105.72998046875, 192.4508056640625], 'conf': 0.5877277, 'label_id': 'person', 'sub_labels': 'other', 'sub_labels_conf': 0.9986509680747986, 'id': 15}, {'box': [1116.24853515625, 351.4529724121094, 67.64013671875, 234.7842559814453], 'conf': 0.7749936, 'label_id': 'person', 'sub_labels': 'other', 'sub_labels_conf': 0.9979890584945679, 'id': 17}]"
99,2024/5/22 Wednesday 0:0:3,"[{'box': [913.6563110351562, 284.56427001953125, 88.0404052734375, 213.3827667236328], 'conf': 0.8204387, 'label_id': 'person', 'sub_labels': 'other', 'sub_labels_conf': 0.9970268607139587, 'id': 1}, {'box': [268.293701171875, 552.8900146484375, 131.54115295410156, 275.9095458984375], 'conf': 0.8295624, 'label_id': 'person', 'sub_labels': 'other', 'sub_labels_conf': 0.9999855756759644, 'id': 2}, {'box': [1049.3978271484375, 396.544189453125, 117.903564453125, 270.9055480957031], 'conf': 0.8065936, 'label_id': 'person', 'sub_labels': 'other', 'sub_labels_conf': 0.9975662231445312, 'id': 4}, {'box': [329.9696044921875, 560.0562133789062, 97.66671752929688, 242.07882690429688], 'conf': 0.7839445, 'label_id': 'person', 'sub_labels': 'other', 'sub_labels_conf': 0.9992496371269226, 'id': 5}, {'box': [83.83950805664062, 651.2401123046875, 164.69845581054688, 262.21728515625], 'conf': 0.36556026, 'label_id': 'person', 'sub_labels': 'other', 'sub_labels_conf': 0.9679105877876282, 'id': 7}, {'box': [500.166748046875, 499.541748046875, 114.15869140625, 318.251953125], 'conf': 0.6915118, 'label_id': 'person', 'sub_labels': 'other', 'sub_labels_conf': 0.906535804271698, 'id': 8}, {'box': [180.9781494140625, 556.1741943359375, 101.41581726074219, 237.38873291015625], 'conf': 0.81126326, 'label_id': 'person', 'sub_labels': 'other', 'sub_labels_conf': 0.9680613875389099, 'id': 9}, {'box': [1351.571533203125, 448.1500549316406, 103.8529052734375, 226.09063720703125], 'conf': 0.81535167, 'label_id': 'person', 'sub_labels': 'other', 'sub_labels_conf': 0.999881386756897, 'id': 11}, {'box': [403.9290771484375, 501.5260009765625, 103.54293823242188, 313.3941345214844], 'conf': 0.8015746, 'label_id': 'person', 'sub_labels': 'other', 'sub_labels_conf': 0.9632564187049866, 'id': 12}, {'box': [1006.6452026367188, 288.4390869140625, 79.0164794921875, 191.09031677246094], 'conf': 0.78390706, 'label_id': 'person', 'sub_labels': 'other', 'sub_labels_conf': 0.9892984628677368, 'id': 13}, {'box': [1709.4710693359375, 396.7342529296875, 72.257080078125, 234.633544921875], 'conf': 0.50304425, 'label_id': 'person', 'sub_labels': 'other', 'sub_labels_conf': 0.6513615846633911, 'id': 16}, {'box': [1196.042724609375, 305.9783630371094, 85.2777099609375, 221.37623596191406], 'conf': 0.6891277, 'label_id': 'person', 'sub_labels': 'other', 'sub_labels_conf': 0.9969567060470581, 'id': 6}, {'box': [1616.933837890625, 360.79486083984375, 103.7523193359375, 192.73428344726562], 'conf': 0.5957092, 'label_id': 'person', 'sub_labels': 'other', 'sub_labels_conf': 0.9983623623847961, 'id': 15}, {'box': [1109.795654296875, 350.9039611816406, 68.4779052734375, 233.42755126953125], 'conf': 0.74266535, 'label_id': 'person', 'sub_labels': 'other', 'sub_labels_conf': 0.9993242025375366, 'id': 17}]"
100,2024/5/22 Wednesday 0:0:4,"[{'box': [912.77490234375, 278.8863220214844, 88.29998779296875, 204.4563751220703], 'conf': 0.8299907, 'label_id': 'person', 'sub_labels': 'other', 'sub_labels_conf': 0.9988623857498169, 'id': 1}, {'box': [268.353271484375, 553.062744140625, 131.5303955078125, 275.4374084472656], 'conf': 0.82904255, 'label_id': 'person', 'sub_labels': 'other', 'sub_labels_conf': 0.999980092048645, 'id': 2}, {'box': [1048.582763671875, 394.60076904296875, 118.46844482421875, 269.4404296875], 'conf': 0.8253059, 'label_id': 'person', 'sub_labels': 'other', 'sub_labels_conf': 0.9980643391609192, 'id': 4}, {'box': [329.77392578125, 559.79736328125, 99.30923461914062, 242.38262939453125], 'conf': 0.8029785, 'label_id': 'person', 'sub_labels': 'other', 'sub_labels_conf': 0.9992985725402832, 'id': 5}, {'box': [83.47996520996094, 651.3280029296875, 164.05218505859375, 262.46405029296875], 'conf': 0.38260847, 'label_id': 'person', 'sub_labels': 'other', 'sub_labels_conf': 0.9534198045730591, 'id': 7}, {'box': [500.49505615234375, 499.5472412109375, 114.16513061523438, 317.4328308105469], 'conf': 0.685748, 'label_id': 'person', 'sub_labels': 'other', 'sub_labels_conf': 0.8989700675010681, 'id': 8}, {'box': [181.0334930419922, 556.31396484375, 100.704345703125, 236.66543579101562], 'conf': 0.8113658, 'label_id': 'person', 'sub_labels': 'other', 'sub_labels_conf': 0.9604098796844482, 'id': 9}, {'box': [1346.470458984375, 449.1558837890625, 102.2332763671875, 224.55615234375], 'conf': 0.82439935, 'label_id': 'person', 'sub_labels': 'other', 'sub_labels_conf': 0.9984331727027893, 'id': 11}, {'box': [405.70428466796875, 501.465087890625, 100.2169189453125, 312.0268249511719], 'conf': 0.8041792, 'label_id': 'person', 'sub_labels': 'other', 'sub_labels_conf': 0.9663262963294983, 'id': 12}, {'box': [1005.6429443359375, 286.52197265625, 76.18658447265625, 190.3526153564453], 'conf': 0.8141377, 'label_id': 'person', 'sub_labels': 'other', 'sub_labels_conf': 0.9932291507720947, 'id': 13}, {'box': [1709.3585205078125, 396.2388610839844, 72.24609375, 235.83843994140625], 'conf': 0.51533216, 'label_id': 'person', 'sub_labels': 'other', 'sub_labels_conf': 0.6797775626182556, 'id': 16}, {'box': [1195.2734375, 305.6685485839844, 86.6446533203125, 221.91949462890625], 'conf': 0.7123668, 'label_id': 'person', 'sub_labels': 'other', 'sub_labels_conf': 0.9978678226470947, 'id': 6}, {'box': [1616.1904296875, 360.8689880371094, 102.1370849609375, 192.96087646484375], 'conf': 0.61841655, 'label_id': 'person', 'sub_labels': 'other', 'sub_labels_conf': 0.9983736276626587, 'id': 15}, {'box': [1106.5682373046875, 349.62701416015625, 67.93359375, 236.03646850585938], 'conf': 0.8033184, 'label_id': 'person', 'sub_labels': 'other', 'sub_labels_conf': 0.9992243051528931, 'id': 17}]"
101,2024/5/22 Wednesday 0:0:4,"[{'box': [912.6060791015625, 274.963623046875, 88.646728515625, 199.21234130859375], 'conf': 0.8618967, 'label_id': 'person', 'sub_labels': 'other', 'sub_labels_conf': 0.9986959099769592, 'id': 1}, {'box': [268.27337646484375, 553.0321655273438, 131.46914672851562, 275.5144348144531], 'conf': 0.82433844, 'label_id': 'person', 'sub_labels': 'other', 'sub_labels_conf': 0.9999902248382568, 'id': 2}, {'box': [1048.908447265625, 391.3457946777344, 117.9652099609375, 273.43597412109375], 'conf': 0.580662, 'label_id': 'person', 'sub_labels': 'other', 'sub_labels_conf': 0.9873875975608826, 'id': 4}, {'box': [328.98577880859375, 560.1253662109375, 101.06271362304688, 242.14495849609375], 'conf': 0.82528776, 'label_id': 'person', 'sub_labels': 'other', 'sub_labels_conf': 0.996178388595581, 'id': 5}, {'box': [83.9412612915039, 651.9452514648438, 165.21473693847656, 262.1800537109375], 'conf': 0.31142044, 'label_id': 'person', 'sub_labels': 'other', 'sub_labels_conf': 0.953203558921814, 'id': 7}, {'box': [500.6168212890625, 499.5693359375, 114.70932006835938, 317.0240783691406], 'conf': 0.66574544, 'label_id': 'person', 'sub_labels': 'other', 'sub_labels_conf': 0.9021631479263306, 'id': 8}, {'box': [181.04107666015625, 556.2759399414062, 100.65260314941406, 236.3546142578125], 'conf': 0.8038038, 'label_id': 'person', 'sub_labels': 'other', 'sub_labels_conf': 0.9582222104072571, 'id': 9}, {'box': [1338.8134765625, 448.1500244140625, 107.1580810546875, 222.00057983398438], 'conf': 0.8196428, 'label_id': 'person', 'sub_labels': 'other', 'sub_labels_conf': 0.9986997842788696, 'id': 11}, {'box': [405.7637939453125, 501.4295654296875, 101.08486938476562, 311.1788635253906], 'conf': 0.80127215, 'label_id': 'person', 'sub_labels': 'other', 'sub_labels_conf': 0.9767052531242371, 'id': 12}, {'box': [1004.7420043945312, 284.45172119140625, 75.0238037109375, 189.65185546875], 'conf': 0.8022519, 'label_id': 'person', 'sub_labels': 'other', 'sub_labels_conf': 0.9927135109901428, 'id': 13}, {'box': [1709.112060546875, 395.8579406738281, 71.8719482421875, 236.46307373046875], 'conf': 0.46103927, 'label_id': 'person', 'sub_labels': 'other', 'sub_labels_conf': 0.7431544065475464, 'id': 16}, {'box': [1194.167236328125, 305.79730224609375, 85.6739501953125, 222.12277221679688], 'conf': 0.72087264, 'label_id': 'person', 'sub_labels': 'other', 'sub_labels_conf': 0.9977728724479675, 'id': 6}, {'box': [1615.3994140625, 361.004638671875, 100.2672119140625, 193.29116821289062], 'conf': 0.6199527, 'label_id': 'person', 'sub_labels': 'other', 'sub_labels_conf': 0.9985552430152893, 'id': 15}, {'box': [1100.616943359375, 349.72991943359375, 74.664306640625, 238.45452880859375], 'conf': 0.64560163, 'label_id': 'person', 'sub_labels': 'other', 'sub_labels_conf': 0.9997240900993347, 'id': 17}]"
102,2024/5/22 Wednesday 0:0:4,"[{'box': [912.3824462890625, 274.5124206542969, 89.33367919921875, 199.748779296875], 'conf': 0.8725934, 'label_id': 'person', 'sub_labels': 'other', 'sub_labels_conf': 0.9977738261222839, 'id': 1}, {'box': [268.2826232910156, 553.2413330078125, 131.5276336669922, 275.22979736328125], 'conf': 0.8247141, 'label_id': 'person', 'sub_labels': 'other', 'sub_labels_conf': 0.9999916553497314, 'id': 2}, {'box': [1045.36083984375, 392.02520751953125, 114.49456787109375, 267.4856262207031], 'conf': 0.7606982, 'label_id': 'person', 'sub_labels': 'other', 'sub_labels_conf': 0.995870053768158, 'id': 4}, {'box': [328.239013671875, 560.4984130859375, 103.10604858398438, 241.06683349609375], 'conf': 0.76936555, 'label_id': 'person', 'sub_labels': 'other', 'sub_labels_conf': 0.9926994442939758, 'id': 5}, {'box': [83.68289184570312, 652.2975463867188, 165.059814453125, 262.4342041015625], 'conf': 0.3264431, 'label_id': 'person', 'sub_labels': 'other', 'sub_labels_conf': 0.9586127400398254, 'id': 7}, {'box': [500.3919982910156, 499.68426513671875, 115.17913818359375, 316.5661926269531], 'conf': 0.67098254, 'label_id': 'person', 'sub_labels': 'other', 'sub_labels_conf': 0.9043253660202026, 'id': 8}, {'box': [180.95706176757812, 556.3759155273438, 100.29417419433594, 236.234619140625], 'conf': 0.8116761, 'label_id': 'person', 'sub_labels': 'other', 'sub_labels_conf': 0.9433683753013611, 'id': 9}, {'box': [1335.2054443359375, 443.14801025390625, 107.089111328125, 230.69107055664062], 'conf': 0.8226337, 'label_id': 'person', 'sub_labels': 'other', 'sub_labels_conf': 0.9993157386779785, 'id': 11}, {'box': [405.57012939453125, 501.8442687988281, 101.98638916015625, 310.94171142578125], 'conf': 0.7689929, 'label_id': 'person', 'sub_labels': 'other', 'sub_labels_conf': 0.9811282157897949, 'id': 12}, {'box': [1004.0167846679688, 284.21514892578125, 72.4764404296875, 187.99725341796875], 'conf': 0.7034216, 'label_id': 'person', 'sub_labels': 'other', 'sub_labels_conf': 0.9766323566436768, 'id': 13}, {'box': [1709.093505859375, 396.2747802734375, 71.74462890625, 235.65481567382812], 'conf': 0.4456758, 'label_id': 'person', 'sub_labels': 'other', 'sub_labels_conf': 0.7917508482933044, 'id': 16}, {'box': [1193.0015869140625, 304.6021728515625, 85.533935546875, 220.71151733398438], 'conf': 0.75390875, 'label_id': 'person', 'sub_labels': 'other', 'sub_labels_conf': 0.9981750249862671, 'id': 6}, {'box': [1614.514404296875, 361.2237548828125, 98.3992919921875, 193.85357666015625], 'conf': 0.6747838, 'label_id': 'person', 'sub_labels': 'other', 'sub_labels_conf': 0.9989252686500549, 'id': 15}, {'box': [1097.608642578125, 347.836181640625, 80.486572265625, 233.22048950195312], 'conf': 0.7479555, 'label_id': 'person', 'sub_labels': 'other', 'sub_labels_conf': 0.9995455145835876, 'id': 17}]"
103,2024/5/22 Wednesday 0:0:4,"[{'box': [912.464599609375, 274.7721862792969, 89.1175537109375, 200.72340393066406], 'conf': 0.86224455, 'label_id': 'person', 'sub_labels': 'other', 'sub_labels_conf': 0.9972571730613708, 'id': 1}, {'box': [268.30902099609375, 553.5336303710938, 131.4847412109375, 274.3069152832031], 'conf': 0.81951374, 'label_id': 'person', 'sub_labels': 'other', 'sub_labels_conf': 0.9999953508377075, 'id': 2}, {'box': [1040.4542236328125, 390.2386779785156, 110.411865234375, 266.30780029296875], 'conf': 0.82144034, 'label_id': 'person', 'sub_labels': 'other', 'sub_labels_conf': 0.9530892372131348, 'id': 4}, {'box': [325.74957275390625, 561.2805786132812, 106.71817016601562, 240.29531860351562], 'conf': 0.73140603, 'label_id': 'person', 'sub_labels': 'other', 'sub_labels_conf': 0.9941744208335876, 'id': 5}, {'box': [83.40494537353516, 652.64306640625, 164.57252502441406, 261.98089599609375], 'conf': 0.42467222, 'label_id': 'person', 'sub_labels': 'other', 'sub_labels_conf': 0.9746427536010742, 'id': 7}, {'box': [500.49493408203125, 499.2261657714844, 115.52114868164062, 316.73358154296875], 'conf': 0.69231415, 'label_id': 'person', 'sub_labels': 'other', 'sub_labels_conf': 0.9061501622200012, 'id': 8}, {'box': [180.9498291015625, 556.3267822265625, 100.62361145019531, 236.24365234375], 'conf': 0.7897222, 'label_id': 'person', 'sub_labels': 'other', 'sub_labels_conf': 0.9494658708572388, 'id': 9}, {'box': [1334.591796875, 438.4771728515625, 104.94287109375, 239.32369995117188], 'conf': 0.83904517, 'label_id': 'person', 'sub_labels': 'other', 'sub_labels_conf': 0.9999247789382935, 'id': 11}, {'box': [403.61810302734375, 502.1146240234375, 105.78720092773438, 311.1585998535156], 'conf': 0.78909713, 'label_id': 'person', 'sub_labels': 'other', 'sub_labels_conf': 0.9187015891075134, 'id': 12}, {'box': [1005.3843994140625, 279.8099365234375, 76.38214111328125, 180.58859252929688], 'conf': 0.5107941, 'label_id': 'person', 'sub_labels': 'other', 'sub_labels_conf': 0.983326256275177, 'id': 13}, {'box': [1709.0498046875, 396.83453369140625, 71.5965576171875, 234.43203735351562], 'conf': 0.42424864, 'label_id': 'person', 'sub_labels': 'other', 'sub_labels_conf': 0.7731406092643738, 'id': 16}, {'box': [1192.069580078125, 302.6197814941406, 85.81884765625, 219.0986785888672], 'conf': 0.79596806, 'label_id': 'person', 'sub_labels': 'other', 'sub_labels_conf': 0.9989784955978394, 'id': 6}, {'box': [1614.274658203125, 361.4027099609375, 97.9073486328125, 194.3818359375], 'conf': 0.67050815, 'label_id': 'person', 'sub_labels': 'other', 'sub_labels_conf': 0.9993941783905029, 'id': 15}, {'box': [1095.04638671875, 346.7665100097656, 82.3963623046875, 234.794921875], 'conf': 0.73799974, 'label_id': 'person', 'sub_labels': 'other', 'sub_labels_conf': 0.9997209906578064, 'id': 17}]"
104,2024/5/22 Wednesday 0:0:4,"[{'box': [912.2510986328125, 273.7998962402344, 88.02874755859375, 199.7613525390625], 'conf': 0.87458706, 'label_id': 'person', 'sub_labels': 'other', 'sub_labels_conf': 0.9979366064071655, 'id': 1}, {'box': [268.2042541503906, 553.1707763671875, 131.2490234375, 274.5185546875], 'conf': 0.8197559, 'label_id': 'person', 'sub_labels': 'other', 'sub_labels_conf': 0.9999942779541016, 'id': 2}, {'box': [1036.52392578125, 385.69964599609375, 105.72259521484375, 264.7716369628906], 'conf': 0.83331776, 'label_id': 'person', 'sub_labels': 'other', 'sub_labels_conf': 0.9822270274162292, 'id': 4}, {'box': [325.4515380859375, 560.36474609375, 107.33767700195312, 242.33062744140625], 'conf': 0.7265486, 'label_id': 'person', 'sub_labels': 'other', 'sub_labels_conf': 0.9969878792762756, 'id': 5}, {'box': [83.5025405883789, 652.6319580078125, 164.77772521972656, 261.75238037109375], 'conf': 0.38087565, 'label_id': 'person', 'sub_labels': 'other', 'sub_labels_conf': 0.967369556427002, 'id': 7}, {'box': [500.306396484375, 499.11444091796875, 115.88235473632812, 317.1871337890625], 'conf': 0.6690356, 'label_id': 'person', 'sub_labels': 'other', 'sub_labels_conf': 0.9058337807655334, 'id': 8}, {'box': [181.1212158203125, 556.2147827148438, 100.74775695800781, 236.2674560546875], 'conf': 0.7917135, 'label_id': 'person', 'sub_labels': 'other', 'sub_labels_conf': 0.947585940361023, 'id': 9}, {'box': [1330.194091796875, 434.5963134765625, 105.3248291015625, 243.9530029296875], 'conf': 0.84423316, 'label_id': 'person', 'sub_labels': 'other', 'sub_labels_conf': 0.9999480247497559, 'id': 11}, {'box': [402.153564453125, 502.28765869140625, 108.19528198242188, 311.202392578125], 'conf': 0.75161606, 'label_id': 'person', 'sub_labels': 'other', 'sub_labels_conf': 0.9525765180587769, 'id': 12}, {'box': [1004.15087890625, 267.5824890136719, 73.143798828125, 159.4683380126953], 'conf': 0.58753854, 'label_id': 'person', 'sub_labels': 'other', 'sub_labels_conf': 0.9967413544654846, 'id': 13}, {'box': [1709.156982421875, 397.305908203125, 71.614990234375, 233.61447143554688], 'conf': 0.45925418, 'label_id': 'person', 'sub_labels': 'other', 'sub_labels_conf': 0.8006623983383179, 'id': 16}, {'box': [1192.214111328125, 302.65771484375, 86.5435791015625, 218.78050231933594], 'conf': 0.8126221, 'label_id': 'person', 'sub_labels': 'other', 'sub_labels_conf': 0.9990465044975281, 'id': 6}, {'box': [1614.0078125, 361.51556396484375, 97.3095703125, 194.60812377929688], 'conf': 0.6853763, 'label_id': 'person', 'sub_labels': 'other', 'sub_labels_conf': 0.999506950378418, 'id': 15}, {'box': [1093.6685791015625, 345.5398864746094, 87.9599609375, 234.862548828125], 'conf': 0.77441835, 'label_id': 'person', 'sub_labels': 'other', 'sub_labels_conf': 0.9998389482498169, 'id': 17}]"
105,2024/5/22 Wednesday 0:0:4,"[{'box': [912.4954833984375, 274.0028381347656, 87.49462890625, 201.0075225830078], 'conf': 0.8795272, 'label_id': 'person', 'sub_labels': 'other', 'sub_labels_conf': 0.9979992508888245, 'id': 1}, {'box': [268.6518859863281, 553.420166015625, 132.10752868652344, 272.8901062011719], 'conf': 0.81661445, 'label_id': 'person', 'sub_labels': 'other', 'sub_labels_conf': 0.9999899864196777, 'id': 2}, {'box': [1030.4720458984375, 381.01617431640625, 98.27484130859375, 253.9436798095703], 'conf': 0.82112867, 'label_id': 'person', 'sub_labels': 'other', 'sub_labels_conf': 0.9902492165565491, 'id': 4}, {'box': [323.1273193359375, 558.527587890625, 104.67657470703125, 243.3692626953125], 'conf': 0.7500935, 'label_id': 'person', 'sub_labels': 'other', 'sub_labels_conf': 0.9997169375419617, 'id': 5}, {'box': [83.80024719238281, 652.5205078125, 164.97085571289062, 260.50946044921875], 'conf': 0.13147555, 'label_id': 'person', 'sub_labels': 'other', 'sub_labels_conf': 0.9500819444656372, 'id': 7}, {'box': [500.9461669921875, 500.51910400390625, 117.03042602539062, 313.8195495605469], 'conf': 0.6314927, 'label_id': 'person', 'sub_labels': 'other', 'sub_labels_conf': 0.8627617955207825, 'id': 8}, {'box': [179.60400390625, 556.0853271484375, 100.15806579589844, 236.43313598632812], 'conf': 0.80356365, 'label_id': 'person', 'sub_labels': 'other', 'sub_labels_conf': 0.8656942248344421, 'id': 9}, {'box': [1328.286865234375, 430.32623291015625, 89.5089111328125, 242.2978515625], 'conf': 0.81527865, 'label_id': 'person', 'sub_labels': 'other', 'sub_labels_conf': 0.9993454813957214, 'id': 11}, {'box': [406.0406494140625, 522.2637329101562, 99.55502319335938, 269.807373046875], 'conf': 0.6801736, 'label_id': 'person', 'sub_labels': 'other', 'sub_labels_conf': 0.9895951151847839, 'id': 12}, {'box': [1004.6693115234375, 257.3387145996094, 74.378662109375, 142.13836669921875], 'conf': 0.59854245, 'label_id': 'person', 'sub_labels': 'other', 'sub_labels_conf': 0.9969180822372437, 'id': 13}, {'box': [1708.499755859375, 396.29400634765625, 71.0806884765625, 235.93826293945312], 'conf': 0.38609773, 'label_id': 'person', 'sub_labels': 'other', 'sub_labels_conf': 0.8146732449531555, 'id': 16}, {'box': [1191.9954833984375, 302.95294189453125, 85.071044921875, 219.81698608398438], 'conf': 0.79098934, 'label_id': 'person', 'sub_labels': 'other', 'sub_labels_conf': 0.999450147151947, 'id': 6}, {'box': [1615.2822265625, 361.6637878417969, 100.423095703125, 195.13592529296875], 'conf': 0.6486886, 'label_id': 'person', 'sub_labels': 'other', 'sub_labels_conf': 0.9990272521972656, 'id': 15}, {'box': [1091.82177734375, 344.86907958984375, 94.4879150390625, 235.1474151611328], 'conf': 0.7730023, 'label_id': 'person', 'sub_labels': 'other', 'sub_labels_conf': 0.9995597004890442, 'id': 17}]"
106,2024/5/22 Wednesday 0:0:4,"[{'box': [913.58642578125, 273.5477294921875, 86.6024169921875, 201.75657653808594], 'conf': 0.877884, 'label_id': 'person', 'sub_labels': 'other', 'sub_labels_conf': 0.9962530136108398, 'id': 1}, {'box': [269.160888671875, 553.397216796875, 132.93722534179688, 272.24114990234375], 'conf': 0.80491334, 'label_id': 'person', 'sub_labels': 'other', 'sub_labels_conf': 0.9999986886978149, 'id': 2}, {'box': [1022.4135131835938, 380.8923034667969, 95.9327392578125, 244.12603759765625], 'conf': 0.84758073, 'label_id': 'person', 'sub_labels': 'other', 'sub_labels_conf': 0.9575054049491882, 'id': 4}, {'box': [322.70819091796875, 559.5958862304688, 106.50003051757812, 240.48580932617188], 'conf': 0.7335409, 'label_id': 'person', 'sub_labels': 'other', 'sub_labels_conf': 0.9993641972541809, 'id': 5}, {'box': [84.4654769897461, 652.7633056640625, 167.0152130126953, 260.96661376953125], 'conf': 0.102245055, 'label_id': 'person', 'sub_labels': 'other', 'sub_labels_conf': 0.9400824904441833, 'id': 7}, {'box': [501.175537109375, 500.8874206542969, 117.33700561523438, 313.03826904296875], 'conf': 0.6385999, 'label_id': 'person', 'sub_labels': 'other', 'sub_labels_conf': 0.876221776008606, 'id': 8}, {'box': [179.26480102539062, 556.0986328125, 99.65364074707031, 236.06838989257812], 'conf': 0.7991838, 'label_id': 'person', 'sub_labels': 'other', 'sub_labels_conf': 0.7800755500793457, 'id': 9}, {'box': [1323.29638671875, 427.91009521484375, 85.889404296875, 242.20248413085938], 'conf': 0.82910013, 'label_id': 'person', 'sub_labels': 'other', 'sub_labels_conf': 0.9996248483657837, 'id': 11}, {'box': [407.8128662109375, 529.5309448242188, 95.79281616210938, 254.3175048828125], 'conf': 0.6793211, 'label_id': 'person', 'sub_labels': 'other', 'sub_labels_conf': 0.9901692867279053, 'id': 12}, {'box': [1004.40380859375, 249.61598205566406, 72.47735595703125, 129.86764526367188], 'conf': 0.7451361, 'label_id': 'person', 'sub_labels': 'other', 'sub_labels_conf': 0.9930199980735779, 'id': 13}, {'box': [1708.417724609375, 393.98016357421875, 71.7232666015625, 240.63037109375], 'conf': 0.41204128, 'label_id': 'person', 'sub_labels': 'other', 'sub_labels_conf': 0.8000013828277588, 'id': 16}, {'box': [1191.26123046875, 303.08856201171875, 83.2618408203125, 218.71502685546875], 'conf': 0.7994453, 'label_id': 'person', 'sub_labels': 'other', 'sub_labels_conf': 0.9992462396621704, 'id': 6}, {'box': [1615.4012451171875, 361.6186218261719, 100.81591796875, 195.072509765625], 'conf': 0.6623076, 'label_id': 'person', 'sub_labels': 'other', 'sub_labels_conf': 0.9988465309143066, 'id': 15}, {'box': [1085.302001953125, 343.2582702636719, 97.1185302734375, 235.1513214111328], 'conf': 0.77540046, 'label_id': 'person', 'sub_labels': 'other', 'sub_labels_conf': 0.9989062547683716, 'id': 17}]"
107,2024/5/22 Wednesday 0:0:4,"[{'box': [914.181884765625, 272.45751953125, 85.53564453125, 200.3992462158203], 'conf': 0.86918277, 'label_id': 'person', 'sub_labels': 'other', 'sub_labels_conf': 0.9926440119743347, 'id': 1}, {'box': [269.2675476074219, 553.2841186523438, 133.0530242919922, 272.241455078125], 'conf': 0.80636656, 'label_id': 'person', 'sub_labels': 'other', 'sub_labels_conf': 0.999998927116394, 'id': 2}, {'box': [1013.0966796875, 378.1971435546875, 99.21728515625, 243.594482421875], 'conf': 0.8459833, 'label_id': 'person', 'sub_labels': 'other', 'sub_labels_conf': 0.9900661706924438, 'id': 4}, {'box': [321.63446044921875, 559.7978515625, 105.68197631835938, 239.68820190429688], 'conf': 0.7166336, 'label_id': 'person', 'sub_labels': 'other', 'sub_labels_conf': 0.9999018907546997, 'id': 5}, {'box': [501.325439453125, 500.3961181640625, 116.833251953125, 314.2991943359375], 'conf': 0.6721234, 'label_id': 'person', 'sub_labels': 'other', 'sub_labels_conf': 0.8854897022247314, 'id': 8}, {'box': [179.48826599121094, 556.1527709960938, 99.25277709960938, 236.0675048828125], 'conf': 0.8037462, 'label_id': 'person', 'sub_labels': 'other', 'sub_labels_conf': 0.7898964881896973, 'id': 9}, {'box': [1317.2730712890625, 426.5386962890625, 83.693359375, 243.60421752929688], 'conf': 0.8487051, 'label_id': 'person', 'sub_labels': 'other', 'sub_labels_conf': 0.9990094900131226, 'id': 11}, {'box': [408.5570983886719, 532.4268798828125, 94.07269287109375, 248.41195678710938], 'conf': 0.690464, 'label_id': 'person', 'sub_labels': 'other', 'sub_labels_conf': 0.9763452410697937, 'id': 12}, {'box': [1005.387451171875, 242.69361877441406, 71.58447265625, 119.43832397460938], 'conf': 0.74133235, 'label_id': 'person', 'sub_labels': 'other', 'sub_labels_conf': 0.9716979265213013, 'id': 13}, {'box': [1708.3565673828125, 393.0604248046875, 71.8271484375, 242.41610717773438], 'conf': 0.3331998, 'label_id': 'person', 'sub_labels': 'other', 'sub_labels_conf': 0.8057304620742798, 'id': 16}, {'box': [1190.671875, 303.10406494140625, 82.4154052734375, 218.17539978027344], 'conf': 0.79675204, 'label_id': 'person', 'sub_labels': 'other', 'sub_labels_conf': 0.9987314343452454, 'id': 6}, {'box': [1615.7484130859375, 361.58258056640625, 101.423095703125, 194.88858032226562], 'conf': 0.6556879, 'label_id': 'person', 'sub_labels': 'other', 'sub_labels_conf': 0.9988589286804199, 'id': 15}, {'box': [1078.0509033203125, 335.4167175292969, 87.683349609375, 222.22581481933594], 'conf': 0.7857258, 'label_id': 'person', 'sub_labels': 'other', 'sub_labels_conf': 0.9991437196731567, 'id': 17}]"
108,2024/5/22 Wednesday 0:0:4,"[{'box': [914.4771118164062, 272.410888671875, 85.247802734375, 203.18624877929688], 'conf': 0.8489916, 'label_id': 'person', 'sub_labels': 'other', 'sub_labels_conf': 0.9958250522613525, 'id': 1}, {'box': [269.529052734375, 553.3408203125, 133.11767578125, 271.9085388183594], 'conf': 0.79451, 'label_id': 'person', 'sub_labels': 'other', 'sub_labels_conf': 0.9999990463256836, 'id': 2}, {'box': [1004.9466552734375, 374.8060607910156, 104.10784912109375, 246.8200225830078], 'conf': 0.85989875, 'label_id': 'person', 'sub_labels': 'other', 'sub_labels_conf': 0.987979531288147, 'id': 4}, {'box': [321.9359130859375, 561.047607421875, 104.46539306640625, 237.23138427734375], 'conf': 0.7217303, 'label_id': 'person', 'sub_labels': 'other', 'sub_labels_conf': 0.9998326301574707, 'id': 5}, {'box': [501.100830078125, 500.18499755859375, 116.50137329101562, 315.1894836425781], 'conf': 0.6626892, 'label_id': 'person', 'sub_labels': 'other', 'sub_labels_conf': 0.8858472108840942, 'id': 8}, {'box': [179.99295043945312, 556.2459106445312, 99.29005432128906, 235.75094604492188], 'conf': 0.8028078, 'label_id': 'person', 'sub_labels': 'other', 'sub_labels_conf': 0.8444926142692566, 'id': 9}, {'box': [1313.82958984375, 424.9533996582031, 85.0797119140625, 242.70989990234375], 'conf': 0.85734725, 'label_id': 'person', 'sub_labels': 'other', 'sub_labels_conf': 0.9995718598365784, 'id': 11}, {'box': [407.8572082519531, 528.9208374023438, 95.2359619140625, 259.4302062988281], 'conf': 0.525039, 'label_id': 'person', 'sub_labels': 'other', 'sub_labels_conf': 0.9921618103981018, 'id': 12}, {'box': [1005.32568359375, 237.56198120117188, 71.58331298828125, 113.45390319824219], 'conf': 0.71158135, 'label_id': 'person', 'sub_labels': 'other', 'sub_labels_conf': 0.9624140858650208, 'id': 13}, {'box': [1708.3046875, 392.8387145996094, 71.9697265625, 242.83319091796875], 'conf': 0.33517644, 'label_id': 'person', 'sub_labels': 'other', 'sub_labels_conf': 0.871494710445404, 'id': 16}, {'box': [1190.20166015625, 302.70770263671875, 81.985107421875, 218.41629028320312], 'conf': 0.80044055, 'label_id': 'person', 'sub_labels': 'other', 'sub_labels_conf': 0.999461829662323, 'id': 6}, {'box': [1616.082275390625, 361.5657958984375, 102.1688232421875, 194.8663330078125], 'conf': 0.6580713, 'label_id': 'person', 'sub_labels': 'other', 'sub_labels_conf': 0.9970466494560242, 'id': 15}, {'box': [1072.988525390625, 328.62158203125, 79.9844970703125, 212.30215454101562], 'conf': 0.8033107, 'label_id': 'person', 'sub_labels': 'other', 'sub_labels_conf': 0.9987671375274658, 'id': 17}]"
109,2024/5/22 Wednesday 0:0:4,"[{'box': [916.19091796875, 271.8245544433594, 83.62347412109375, 204.85450744628906], 'conf': 0.84722894, 'label_id': 'person', 'sub_labels': 'other', 'sub_labels_conf': 0.9922372698783875, 'id': 1}, {'box': [268.8710021972656, 553.80224609375, 131.78724670410156, 272.85748291015625], 'conf': 0.7878262, 'label_id': 'person', 'sub_labels': 'other', 'sub_labels_conf': 0.9999984502792358, 'id': 2}, {'box': [998.91796875, 374.39923095703125, 109.71820068359375, 246.48797607421875], 'conf': 0.8610982, 'label_id': 'person', 'sub_labels': 'other', 'sub_labels_conf': 0.9881854057312012, 'id': 4}, {'box': [321.66290283203125, 560.6235961914062, 105.20907592773438, 239.0367431640625], 'conf': 0.7082907, 'label_id': 'person', 'sub_labels': 'other', 'sub_labels_conf': 0.9998992681503296, 'id': 5}, {'box': [500.77325439453125, 500.0076904296875, 115.9136962890625, 315.0736083984375], 'conf': 0.64984363, 'label_id': 'person', 'sub_labels': 'other', 'sub_labels_conf': 0.8707200884819031, 'id': 8}, {'box': [180.2762451171875, 556.4075927734375, 99.19526672363281, 235.36956787109375], 'conf': 0.800812, 'label_id': 'person', 'sub_labels': 'other', 'sub_labels_conf': 0.8362566232681274, 'id': 9}, {'box': [1310.06591796875, 423.9710693359375, 87.002197265625, 242.76123046875], 'conf': 0.8418958, 'label_id': 'person', 'sub_labels': 'other', 'sub_labels_conf': 0.9998207688331604, 'id': 11}, {'box': [406.2557678222656, 513.480224609375, 99.15899658203125, 288.19891357421875], 'conf': 0.5404717, 'label_id': 'person', 'sub_labels': 'other', 'sub_labels_conf': 0.994114100933075, 'id': 12}, {'box': [1004.8994140625, 234.96670532226562, 70.61444091796875, 109.55110168457031], 'conf': 0.71453995, 'label_id': 'person', 'sub_labels': 'other', 'sub_labels_conf': 0.9533988237380981, 'id': 13}, {'box': [1708.51806640625, 392.4887390136719, 72.53125, 243.02691650390625], 'conf': 0.40093327, 'label_id': 'person', 'sub_labels': 'other', 'sub_labels_conf': 0.7563217282295227, 'id': 16}, {'box': [1190.2103271484375, 302.564697265625, 82.2861328125, 218.91188049316406], 'conf': 0.803577, 'label_id': 'person', 'sub_labels': 'other', 'sub_labels_conf': 0.9992085099220276, 'id': 6}, {'box': [1615.099365234375, 361.81634521484375, 100.838134765625, 193.39584350585938], 'conf': 0.6774816, 'label_id': 'person', 'sub_labels': 'other', 'sub_labels_conf': 0.998783528804779, 'id': 15}, {'box': [1068.06640625, 327.6004333496094, 77.7449951171875, 214.2677459716797], 'conf': 0.82298726, 'label_id': 'person', 'sub_labels': 'other', 'sub_labels_conf': 0.9991976618766785, 'id': 17}]"
110,2024/5/22 Wednesday 0:0:4,"[{'box': [916.6199951171875, 273.6263427734375, 83.12054443359375, 212.40048217773438], 'conf': 0.85652965, 'label_id': 'person', 'sub_labels': 'other', 'sub_labels_conf': 0.9945430755615234, 'id': 1}, {'box': [268.23211669921875, 553.9364624023438, 130.4232940673828, 273.0646667480469], 'conf': 0.7838564, 'label_id': 'person', 'sub_labels': 'other', 'sub_labels_conf': 0.9999986886978149, 'id': 2}, {'box': [993.3136596679688, 373.765380859375, 118.5233154296875, 247.47967529296875], 'conf': 0.8565439, 'label_id': 'person', 'sub_labels': 'other', 'sub_labels_conf': 0.9823678731918335, 'id': 4}, {'box': [320.84808349609375, 561.4107666015625, 104.86184692382812, 239.67108154296875], 'conf': 0.7114174, 'label_id': 'person', 'sub_labels': 'other', 'sub_labels_conf': 0.9998946189880371, 'id': 5}, {'box': [500.34429931640625, 500.3252258300781, 116.72860717773438, 313.94854736328125], 'conf': 0.6330568, 'label_id': 'person', 'sub_labels': 'other', 'sub_labels_conf': 0.873514711856842, 'id': 8}, {'box': [180.28164672851562, 556.4735717773438, 99.1553955078125, 235.40185546875], 'conf': 0.79328275, 'label_id': 'person', 'sub_labels': 'other', 'sub_labels_conf': 0.8339117765426636, 'id': 9}, {'box': [1300.924560546875, 422.2978820800781, 95.0050048828125, 242.43218994140625], 'conf': 0.8518348, 'label_id': 'person', 'sub_labels': 'other', 'sub_labels_conf': 0.9998917579650879, 'id': 11}, {'box': [403.6623229980469, 505.7162170410156, 104.60711669921875, 302.68426513671875], 'conf': 0.6713391, 'label_id': 'person', 'sub_labels': 'other', 'sub_labels_conf': 0.9803529977798462, 'id': 12}, {'box': [1004.319091796875, 232.75003051757812, 69.32421875, 107.86167907714844], 'conf': 0.72459626, 'label_id': 'person', 'sub_labels': 'other', 'sub_labels_conf': 0.9734305739402771, 'id': 13}, {'box': [1708.737548828125, 392.1202697753906, 72.913818359375, 243.63458251953125], 'conf': 0.45577386, 'label_id': 'person', 'sub_labels': 'other', 'sub_labels_conf': 0.7136569619178772, 'id': 16}, {'box': [1189.18701171875, 301.8235778808594, 81.5692138671875, 217.18714904785156], 'conf': 0.8003479, 'label_id': 'person', 'sub_labels': 'other', 'sub_labels_conf': 0.999208390712738, 'id': 6}, {'box': [1614.56787109375, 361.9588623046875, 100.1134033203125, 192.68136596679688], 'conf': 0.6927195, 'label_id': 'person', 'sub_labels': 'other', 'sub_labels_conf': 0.9990301132202148, 'id': 15}, {'box': [1063.3719482421875, 327.7275390625, 75.065673828125, 215.2822723388672], 'conf': 0.793543, 'label_id': 'person', 'sub_labels': 'other', 'sub_labels_conf': 0.9991508722305298, 'id': 17}]"
111,2024/5/22 Wednesday 0:0:4,"[{'box': [917.5155639648438, 274.65460205078125, 81.8349609375, 217.88356018066406], 'conf': 0.84163815, 'label_id': 'person', 'sub_labels': 'other', 'sub_labels_conf': 0.9897478818893433, 'id': 1}, {'box': [268.21661376953125, 554.0376586914062, 130.2257537841797, 273.0384826660156], 'conf': 0.7753782, 'label_id': 'person', 'sub_labels': 'other', 'sub_labels_conf': 0.9999992847442627, 'id': 2}, {'box': [995.5875244140625, 373.07672119140625, 109.6181640625, 247.82460021972656], 'conf': 0.80357933, 'label_id': 'person', 'sub_labels': 'other', 'sub_labels_conf': 0.9876886010169983, 'id': 4}, {'box': [319.957275390625, 561.7733764648438, 102.86276245117188, 239.570556640625], 'conf': 0.73268735, 'label_id': 'person', 'sub_labels': 'other', 'sub_labels_conf': 0.9997190833091736, 'id': 5}, {'box': [499.61822509765625, 500.0379333496094, 117.62631225585938, 314.66998291015625], 'conf': 0.59664935, 'label_id': 'person', 'sub_labels': 'other', 'sub_labels_conf': 0.8693468570709229, 'id': 8}, {'box': [180.3018798828125, 556.5718994140625, 98.78334045410156, 235.04248046875], 'conf': 0.7835434, 'label_id': 'person', 'sub_labels': 'other', 'sub_labels_conf': 0.8625410199165344, 'id': 9}, {'box': [1291.1026611328125, 420.808837890625, 105.314208984375, 241.30911254882812], 'conf': 0.8661179, 'label_id': 'person', 'sub_labels': 'other', 'sub_labels_conf': 0.9999468326568604, 'id': 11}, {'box': [401.7591552734375, 502.59381103515625, 108.34127807617188, 308.1204833984375], 'conf': 0.67242104, 'label_id': 'person', 'sub_labels': 'other', 'sub_labels_conf': 0.9456708431243896, 'id': 12}, {'box': [1002.649658203125, 230.22877502441406, 66.899169921875, 105.41165161132812], 'conf': 0.68498665, 'label_id': 'person', 'sub_labels': 'other', 'sub_labels_conf': 0.9516257643699646, 'id': 13}, {'box': [1708.7938232421875, 392.193603515625, 73.1611328125, 243.630126953125], 'conf': 0.48866436, 'label_id': 'person', 'sub_labels': 'other', 'sub_labels_conf': 0.7118905782699585, 'id': 16}, {'box': [1188.210693359375, 301.5666809082031, 82.6458740234375, 217.64947509765625], 'conf': 0.80754656, 'label_id': 'person', 'sub_labels': 'other', 'sub_labels_conf': 0.9993782043457031, 'id': 6}, {'box': [1614.4786376953125, 362.083740234375, 100.18505859375, 192.30648803710938], 'conf': 0.713165, 'label_id': 'person', 'sub_labels': 'other', 'sub_labels_conf': 0.9985547661781311, 'id': 15}, {'box': [1059.6976318359375, 328.40997314453125, 76.93475341796875, 218.22921752929688], 'conf': 0.8139335, 'label_id': 'person', 'sub_labels': 'other', 'sub_labels_conf': 0.9992817044258118, 'id': 17}]"
112,2024/5/22 Wednesday 0:0:4,"[{'box': [917.365234375, 273.01519775390625, 79.4083251953125, 216.68321228027344], 'conf': 0.8496922, 'label_id': 'person', 'sub_labels': 'other', 'sub_labels_conf': 0.9959239959716797, 'id': 1}, {'box': [269.5506896972656, 553.4202880859375, 131.7898406982422, 272.15423583984375], 'conf': 0.78198034, 'label_id': 'person', 'sub_labels': 'other', 'sub_labels_conf': 0.9999995231628418, 'id': 2}, {'box': [994.6053466796875, 372.4088439941406, 106.15484619140625, 250.2398223876953], 'conf': 0.8254066, 'label_id': 'person', 'sub_labels': 'other', 'sub_labels_conf': 0.9681851863861084, 'id': 4}, {'box': [321.9458312988281, 561.5639038085938, 116.7652587890625, 241.10726928710938], 'conf': 0.676659, 'label_id': 'person', 'sub_labels': 'other', 'sub_labels_conf': 0.9999617338180542, 'id': 5}, {'box': [499.0565185546875, 500.80999755859375, 117.52859497070312, 314.8996276855469], 'conf': 0.5908022, 'label_id': 'person', 'sub_labels': 'other', 'sub_labels_conf': 0.859043538570404, 'id': 8}, {'box': [180.09869384765625, 556.64111328125, 98.26518249511719, 234.93377685546875], 'conf': 0.7937088, 'label_id': 'person', 'sub_labels': 'other', 'sub_labels_conf': 0.822556734085083, 'id': 9}, {'box': [1282.7955322265625, 420.0478210449219, 112.772216796875, 240.98419189453125], 'conf': 0.834387, 'label_id': 'person', 'sub_labels': 'other', 'sub_labels_conf': 0.9999985694885254, 'id': 11}, {'box': [400.71490478515625, 502.1582946777344, 110.89694213867188, 310.29364013671875], 'conf': 0.6872102, 'label_id': 'person', 'sub_labels': 'other', 'sub_labels_conf': 0.9538184404373169, 'id': 12}, {'box': [1002.4166259765625, 228.63999938964844, 68.11566162109375, 102.69955444335938], 'conf': 0.6871766, 'label_id': 'person', 'sub_labels': 'other', 'sub_labels_conf': 0.9595218300819397, 'id': 13}, {'box': [1708.98388671875, 392.38262939453125, 73.9725341796875, 244.22189331054688], 'conf': 0.5197182, 'label_id': 'person', 'sub_labels': 'other', 'sub_labels_conf': 0.7253901958465576, 'id': 16}, {'box': [1187.643798828125, 301.3291931152344, 82.7869873046875, 216.3335723876953], 'conf': 0.8145831, 'label_id': 'person', 'sub_labels': 'other', 'sub_labels_conf': 0.9993553757667542, 'id': 6}, {'box': [1614.62744140625, 362.14093017578125, 100.971435546875, 192.08273315429688], 'conf': 0.70326346, 'label_id': 'person', 'sub_labels': 'other', 'sub_labels_conf': 0.9985412359237671, 'id': 15}, {'box': [1056.064208984375, 328.58551025390625, 76.23236083984375, 220.1287078857422], 'conf': 0.7984285, 'label_id': 'person', 'sub_labels': 'other', 'sub_labels_conf': 0.9973570108413696, 'id': 17}]"
113,2024/5/22 Wednesday 0:0:4,"[{'box': [917.4662475585938, 269.1105651855469, 77.6571044921875, 212.60679626464844], 'conf': 0.85517514, 'label_id': 'person', 'sub_labels': 'other', 'sub_labels_conf': 0.9953641891479492, 'id': 1}, {'box': [269.55767822265625, 553.2960205078125, 130.76119995117188, 271.75689697265625], 'conf': 0.76490134, 'label_id': 'person', 'sub_labels': 'other', 'sub_labels_conf': 0.9999998807907104, 'id': 2}, {'box': [993.4849243164062, 370.46746826171875, 107.0377197265625, 254.00669860839844], 'conf': 0.8335115, 'label_id': 'person', 'sub_labels': 'other', 'sub_labels_conf': 0.9847012758255005, 'id': 4}, {'box': [320.5311584472656, 560.8866577148438, 117.19293212890625, 242.52102661132812], 'conf': 0.6551585, 'label_id': 'person', 'sub_labels': 'other', 'sub_labels_conf': 0.9999786615371704, 'id': 5}, {'box': [498.83245849609375, 502.1988525390625, 118.32022094726562, 313.4089660644531], 'conf': 0.54330087, 'label_id': 'person', 'sub_labels': 'other', 'sub_labels_conf': 0.9610275030136108, 'id': 8}, {'box': [180.19158935546875, 556.2889404296875, 98.66264343261719, 235.35321044921875], 'conf': 0.78940713, 'label_id': 'person', 'sub_labels': 'other', 'sub_labels_conf': 0.8907144665718079, 'id': 9}, {'box': [1275.758544921875, 418.9840087890625, 115.245849609375, 241.59188842773438], 'conf': 0.86903924, 'label_id': 'person', 'sub_labels': 'other', 'sub_labels_conf': 0.9999979734420776, 'id': 11}, {'box': [401.3423767089844, 502.30609130859375, 109.774169921875, 310.6409912109375], 'conf': 0.7212004, 'label_id': 'person', 'sub_labels': 'other', 'sub_labels_conf': 0.968080461025238, 'id': 12}, {'box': [1000.7745361328125, 227.36111450195312, 66.23455810546875, 100.62519836425781], 'conf': 0.7146658, 'label_id': 'person', 'sub_labels': 'other', 'sub_labels_conf': 0.9807877540588379, 'id': 13}, {'box': [1709.14013671875, 392.2179870605469, 74.3900146484375, 247.09307861328125], 'conf': 0.53953654, 'label_id': 'person', 'sub_labels': 'other', 'sub_labels_conf': 0.8742344379425049, 'id': 16}, {'box': [1187.4517822265625, 300.5732421875, 82.533935546875, 215.54446411132812], 'conf': 0.80572325, 'label_id': 'person', 'sub_labels': 'other', 'sub_labels_conf': 0.9988356232643127, 'id': 6}, {'box': [1614.529052734375, 362.2816162109375, 101.2091064453125, 192.20217895507812], 'conf': 0.6960584, 'label_id': 'person', 'sub_labels': 'other', 'sub_labels_conf': 0.9986081719398499, 'id': 15}, {'box': [1053.006103515625, 327.85272216796875, 76.65728759765625, 220.73104858398438], 'conf': 0.7843173, 'label_id': 'person', 'sub_labels': 'other', 'sub_labels_conf': 0.9985429048538208, 'id': 17}]"
114,2024/5/22 Wednesday 0:0:4,"[{'box': [917.2847900390625, 267.9398498535156, 76.99591064453125, 213.87168884277344], 'conf': 0.85285723, 'label_id': 'person', 'sub_labels': 'other', 'sub_labels_conf': 0.9936756491661072, 'id': 1}, {'box': [270.22393798828125, 553.352294921875, 131.11834716796875, 271.46343994140625], 'conf': 0.77442837, 'label_id': 'person', 'sub_labels': 'other', 'sub_labels_conf': 0.9999997615814209, 'id': 2}, {'box': [990.8450927734375, 368.55303955078125, 111.95904541015625, 257.470458984375], 'conf': 0.82347167, 'label_id': 'person', 'sub_labels': 'other', 'sub_labels_conf': 0.966529905796051, 'id': 4}, {'box': [319.17486572265625, 558.8974609375, 124.78411865234375, 243.34228515625], 'conf': 0.67786026, 'label_id': 'person', 'sub_labels': 'other', 'sub_labels_conf': 0.9999560117721558, 'id': 5}, {'box': [498.770263671875, 503.018310546875, 118.25521850585938, 313.4981689453125], 'conf': 0.5594088, 'label_id': 'person', 'sub_labels': 'other', 'sub_labels_conf': 0.9767885208129883, 'id': 8}, {'box': [180.58389282226562, 556.161376953125, 99.42800903320312, 235.34219360351562], 'conf': 0.77630323, 'label_id': 'person', 'sub_labels': 'other', 'sub_labels_conf': 0.8798609972000122, 'id': 9}, {'box': [1272.229248046875, 418.4532775878906, 114.332763671875, 241.76763916015625], 'conf': 0.8554474, 'label_id': 'person', 'sub_labels': 'other', 'sub_labels_conf': 0.9999985694885254, 'id': 11}, {'box': [402.0368957519531, 503.5198059082031, 109.02435302734375, 309.13653564453125], 'conf': 0.7163965, 'label_id': 'person', 'sub_labels': 'other', 'sub_labels_conf': 0.9165127277374268, 'id': 12}, {'box': [999.3870849609375, 226.11331176757812, 63.04595947265625, 97.56800842285156], 'conf': 0.69360805, 'label_id': 'person', 'sub_labels': 'other', 'sub_labels_conf': 0.9629939198493958, 'id': 13}, {'box': [1709.27587890625, 392.5166931152344, 74.6905517578125, 248.83026123046875], 'conf': 0.57746744, 'label_id': 'person', 'sub_labels': 'other', 'sub_labels_conf': 0.8915684819221497, 'id': 16}, {'box': [1187.474853515625, 300.5673522949219, 82.034423828125, 215.85870361328125], 'conf': 0.7989028, 'label_id': 'person', 'sub_labels': 'other', 'sub_labels_conf': 0.9987840056419373, 'id': 6}, {'box': [1614.3785400390625, 362.32904052734375, 101.039306640625, 192.23690795898438], 'conf': 0.6882358, 'label_id': 'person', 'sub_labels': 'other', 'sub_labels_conf': 0.9987180233001709, 'id': 15}, {'box': [1050.276123046875, 327.32305908203125, 78.63238525390625, 220.42233276367188], 'conf': 0.77980673, 'label_id': 'person', 'sub_labels': 'other', 'sub_labels_conf': 0.9971190690994263, 'id': 17}]"
115,2024/5/22 Wednesday 0:0:4,"[{'box': [917.1656494140625, 266.8639221191406, 76.91302490234375, 214.7554168701172], 'conf': 0.86192197, 'label_id': 'person', 'sub_labels': 'other', 'sub_labels_conf': 0.9920454025268555, 'id': 1}, {'box': [270.4673156738281, 553.43017578125, 130.8894805908203, 271.53717041015625], 'conf': 0.76312244, 'label_id': 'person', 'sub_labels': 'other', 'sub_labels_conf': 0.9999998807907104, 'id': 2}, {'box': [987.35595703125, 367.51519775390625, 120.20172119140625, 259.7398681640625], 'conf': 0.8326872, 'label_id': 'person', 'sub_labels': 'other', 'sub_labels_conf': 0.8974572420120239, 'id': 4}, {'box': [319.08160400390625, 557.4490356445312, 128.4499969482422, 243.88253784179688], 'conf': 0.66347605, 'label_id': 'person', 'sub_labels': 'other', 'sub_labels_conf': 0.9999514818191528, 'id': 5}, {'box': [498.807373046875, 502.92919921875, 118.64382934570312, 313.59814453125], 'conf': 0.55464137, 'label_id': 'person', 'sub_labels': 'other', 'sub_labels_conf': 0.9626632332801819, 'id': 8}, {'box': [180.51651000976562, 556.0120239257812, 100.40248107910156, 235.7633056640625], 'conf': 0.77302927, 'label_id': 'person', 'sub_labels': 'other', 'sub_labels_conf': 0.9246273636817932, 'id': 9}, {'box': [1268.4896240234375, 418.2609558105469, 109.771728515625, 241.48602294921875], 'conf': 0.86625284, 'label_id': 'person', 'sub_labels': 'other', 'sub_labels_conf': 0.9999994039535522, 'id': 11}, {'box': [402.3338623046875, 504.2369384765625, 108.39324951171875, 307.9819641113281], 'conf': 0.7164169, 'label_id': 'person', 'sub_labels': 'other', 'sub_labels_conf': 0.9780554175376892, 'id': 12}, {'box': [998.693603515625, 224.80340576171875, 62.3525390625, 94.63166809082031], 'conf': 0.59965426, 'label_id': 'person', 'sub_labels': 'other', 'sub_labels_conf': 0.9559244513511658, 'id': 13}, {'box': [1709.3544921875, 392.29150390625, 74.6129150390625, 250.40234375], 'conf': 0.5466376, 'label_id': 'person', 'sub_labels': 'other', 'sub_labels_conf': 0.875045120716095, 'id': 16}, {'box': [1186.552001953125, 300.346923828125, 82.94970703125, 215.46585083007812], 'conf': 0.79675305, 'label_id': 'person', 'sub_labels': 'other', 'sub_labels_conf': 0.9989008903503418, 'id': 6}, {'box': [1614.506103515625, 362.4666442871094, 101.0853271484375, 192.48004150390625], 'conf': 0.68032926, 'label_id': 'person', 'sub_labels': 'other', 'sub_labels_conf': 0.9988099336624146, 'id': 15}, {'box': [1047.8447265625, 325.07757568359375, 77.7957763671875, 216.58929443359375], 'conf': 0.79526514, 'label_id': 'person', 'sub_labels': 'other', 'sub_labels_conf': 0.9992875456809998, 'id': 17}]"
116,2024/5/22 Wednesday 0:0:4,"[{'box': [916.8080444335938, 264.9912414550781, 76.283447265625, 212.86415100097656], 'conf': 0.86337036, 'label_id': 'person', 'sub_labels': 'other', 'sub_labels_conf': 0.9938603639602661, 'id': 1}, {'box': [270.44879150390625, 553.467041015625, 130.09375, 271.90203857421875], 'conf': 0.78028595, 'label_id': 'person', 'sub_labels': 'other', 'sub_labels_conf': 0.9999998807907104, 'id': 2}, {'box': [982.7713623046875, 366.6455993652344, 119.01776123046875, 258.9422607421875], 'conf': 0.8319695, 'label_id': 'person', 'sub_labels': 'other', 'sub_labels_conf': 0.9527283310890198, 'id': 4}, {'box': [317.99267578125, 557.50634765625, 121.26382446289062, 242.96551513671875], 'conf': 0.65260905, 'label_id': 'person', 'sub_labels': 'other', 'sub_labels_conf': 0.9999738931655884, 'id': 5}, {'box': [499.0865173339844, 502.860107421875, 118.60443115234375, 312.6488037109375], 'conf': 0.52801824, 'label_id': 'person', 'sub_labels': 'other', 'sub_labels_conf': 0.9688194990158081, 'id': 8}, {'box': [180.36163330078125, 556.338623046875, 101.7967529296875, 235.27236938476562], 'conf': 0.7701321, 'label_id': 'person', 'sub_labels': 'other', 'sub_labels_conf': 0.9188393354415894, 'id': 9}, {'box': [1266.351806640625, 417.429443359375, 104.406982421875, 240.97067260742188], 'conf': 0.8728651, 'label_id': 'person', 'sub_labels': 'other', 'sub_labels_conf': 0.9999979734420776, 'id': 11}, {'box': [402.6258544921875, 504.61688232421875, 106.90536499023438, 306.6002197265625], 'conf': 0.76058704, 'label_id': 'person', 'sub_labels': 'other', 'sub_labels_conf': 0.9792342185974121, 'id': 12}, {'box': [997.9737548828125, 225.02780151367188, 64.32257080078125, 95.21165466308594], 'conf': 0.6741487, 'label_id': 'person', 'sub_labels': 'other', 'sub_labels_conf': 0.9840185046195984, 'id': 13}, {'box': [1709.260498046875, 392.32470703125, 74.5057373046875, 252.40158081054688], 'conf': 0.56168026, 'label_id': 'person', 'sub_labels': 'other', 'sub_labels_conf': 0.8635154366493225, 'id': 16}, {'box': [1185.959716796875, 300.0567626953125, 83.34375, 215.9136505126953], 'conf': 0.79654384, 'label_id': 'person', 'sub_labels': 'other', 'sub_labels_conf': 0.994921863079071, 'id': 6}, {'box': [1614.7376708984375, 362.6336669921875, 102.03564453125, 192.88388061523438], 'conf': 0.6987871, 'label_id': 'person', 'sub_labels': 'other', 'sub_labels_conf': 0.9991751313209534, 'id': 15}, {'box': [1045.793701171875, 327.007080078125, 78.0701904296875, 220.5211944580078], 'conf': 0.7838972, 'label_id': 'person', 'sub_labels': 'other', 'sub_labels_conf': 0.9969388246536255, 'id': 17}]"
117,2024/5/22 Wednesday 0:0:4,"[{'box': [916.7520751953125, 264.35589599609375, 76.00640869140625, 211.8375244140625], 'conf': 0.84105825, 'label_id': 'person', 'sub_labels': 'other', 'sub_labels_conf': 0.9911114573478699, 'id': 1}, {'box': [270.22357177734375, 553.5978393554688, 129.74502563476562, 272.229736328125], 'conf': 0.75797296, 'label_id': 'person', 'sub_labels': 'other', 'sub_labels_conf': 0.9999998807907104, 'id': 2}, {'box': [979.4644775390625, 363.1954650878906, 115.21002197265625, 253.31097412109375], 'conf': 0.8524476, 'label_id': 'person', 'sub_labels': 'other', 'sub_labels_conf': 0.9634952545166016, 'id': 4}, {'box': [314.0386962890625, 556.1116943359375, 107.4315185546875, 241.81045532226562], 'conf': 0.616348, 'label_id': 'person', 'sub_labels': 'other', 'sub_labels_conf': 0.9999793767929077, 'id': 5}, {'box': [499.27154541015625, 502.0770263671875, 118.55453491210938, 313.5250244140625], 'conf': 0.523032, 'label_id': 'person', 'sub_labels': 'other', 'sub_labels_conf': 0.9668079614639282, 'id': 8}, {'box': [180.08465576171875, 556.3587646484375, 102.13890075683594, 235.25338745117188], 'conf': 0.76968044, 'label_id': 'person', 'sub_labels': 'other', 'sub_labels_conf': 0.9296203851699829, 'id': 9}, {'box': [1264.499267578125, 415.2967529296875, 99.7489013671875, 242.12979125976562], 'conf': 0.8539277, 'label_id': 'person', 'sub_labels': 'other', 'sub_labels_conf': 0.9999998807907104, 'id': 11}, {'box': [403.0276184082031, 504.55322265625, 105.3004150390625, 305.94189453125], 'conf': 0.7894611, 'label_id': 'person', 'sub_labels': 'other', 'sub_labels_conf': 0.982178270816803, 'id': 12}, {'box': [997.67236328125, 224.56106567382812, 63.28509521484375, 94.17897033691406], 'conf': 0.45468178, 'label_id': 'person', 'sub_labels': 'other', 'sub_labels_conf': 0.9931930899620056, 'id': 13}, {'box': [1709.1431884765625, 392.9378662109375, 74.26708984375, 252.61630249023438], 'conf': 0.553705, 'label_id': 'person', 'sub_labels': 'other', 'sub_labels_conf': 0.8605093359947205, 'id': 16}, {'box': [1185.5948486328125, 301.1112365722656, 83.28955078125, 218.03924560546875], 'conf': 0.7951859, 'label_id': 'person', 'sub_labels': 'other', 'sub_labels_conf': 0.9967089891433716, 'id': 6}, {'box': [1615.421142578125, 362.56695556640625, 103.23291015625, 192.77877807617188], 'conf': 0.70025885, 'label_id': 'person', 'sub_labels': 'other', 'sub_labels_conf': 0.9988430738449097, 'id': 15}, {'box': [1043.4017333984375, 327.96746826171875, 74.97509765625, 223.46694946289062], 'conf': 0.8108053, 'label_id': 'person', 'sub_labels': 'other', 'sub_labels_conf': 0.9990118741989136, 'id': 17}]"
118,2024/5/22 Wednesday 0:0:4,"[{'box': [916.630859375, 258.3063659667969, 76.020751953125, 199.9316864013672], 'conf': 0.8428295, 'label_id': 'person', 'sub_labels': 'other', 'sub_labels_conf': 0.9952220320701599, 'id': 1}, {'box': [270.2967529296875, 553.553466796875, 129.66981506347656, 272.97528076171875], 'conf': 0.76792186, 'label_id': 'person', 'sub_labels': 'other', 'sub_labels_conf': 0.9999998807907104, 'id': 2}, {'box': [977.5094604492188, 357.31805419921875, 111.5843505859375, 248.52835083007812], 'conf': 0.83492845, 'label_id': 'person', 'sub_labels': 'other', 'sub_labels_conf': 0.9880526065826416, 'id': 4}, {'box': [313.64227294921875, 557.2141723632812, 103.96902465820312, 244.62136840820312], 'conf': 0.61728615, 'label_id': 'person', 'sub_labels': 'other', 'sub_labels_conf': 0.9999762773513794, 'id': 5}, {'box': [499.3754577636719, 501.2838134765625, 118.47967529296875, 314.7238464355469], 'conf': 0.51710564, 'label_id': 'person', 'sub_labels': 'other', 'sub_labels_conf': 0.9331730604171753, 'id': 8}, {'box': [180.2483367919922, 556.3770751953125, 103.47952270507812, 235.56158447265625], 'conf': 0.7492167, 'label_id': 'person', 'sub_labels': 'other', 'sub_labels_conf': 0.9072301983833313, 'id': 9}, {'box': [1263.456787109375, 413.283203125, 100.4957275390625, 238.9102783203125], 'conf': 0.8449303, 'label_id': 'person', 'sub_labels': 'other', 'sub_labels_conf': 0.9999991655349731, 'id': 11}, {'box': [402.9676513671875, 504.6221008300781, 104.77053833007812, 305.45928955078125], 'conf': 0.8028931, 'label_id': 'person', 'sub_labels': 'other', 'sub_labels_conf': 0.9896069169044495, 'id': 12}, {'box': [999.93798828125, 222.71478271484375, 61.77130126953125, 93.278564453125], 'conf': 0.4781149, 'label_id': 'person', 'sub_labels': 'other', 'sub_labels_conf': 0.9848023056983948, 'id': 13}, {'box': [1709.112548828125, 392.8613586425781, 73.9698486328125, 253.61224365234375], 'conf': 0.5433113, 'label_id': 'person', 'sub_labels': 'other', 'sub_labels_conf': 0.851850688457489, 'id': 16}, {'box': [1185.134765625, 301.8631591796875, 82.6776123046875, 218.93553161621094], 'conf': 0.7958083, 'label_id': 'person', 'sub_labels': 'other', 'sub_labels_conf': 0.9976612329483032, 'id': 6}, {'box': [1615.151123046875, 362.43572998046875, 102.7327880859375, 192.56622314453125], 'conf': 0.6899515, 'label_id': 'person', 'sub_labels': 'other', 'sub_labels_conf': 0.9989491105079651, 'id': 15}, {'box': [1041.4090576171875, 329.2618103027344, 72.73931884765625, 225.63539123535156], 'conf': 0.7324366, 'label_id': 'person', 'sub_labels': 'other', 'sub_labels_conf': 0.9980485439300537, 'id': 17}]"
119,2024/5/22 Wednesday 0:0:4,"[{'box': [916.5474853515625, 256.53912353515625, 76.4693603515625, 196.49554443359375], 'conf': 0.8452831, 'label_id': 'person', 'sub_labels': 'other', 'sub_labels_conf': 0.9962326884269714, 'id': 1}, {'box': [270.8836364746094, 554.1528930664062, 130.21905517578125, 272.3212585449219], 'conf': 0.71939784, 'label_id': 'person', 'sub_labels': 'other', 'sub_labels_conf': 0.9999997615814209, 'id': 2}, {'box': [976.0924072265625, 351.4244079589844, 106.94384765625, 243.0765380859375], 'conf': 0.85327953, 'label_id': 'person', 'sub_labels': 'other', 'sub_labels_conf': 0.9341681599617004, 'id': 4}, {'box': [310.69671630859375, 557.1243896484375, 98.40542602539062, 247.29086303710938], 'conf': 0.56979173, 'label_id': 'person', 'sub_labels': 'other', 'sub_labels_conf': 0.9999513626098633, 'id': 5}, {'box': [499.48870849609375, 500.8625793457031, 118.28158569335938, 314.82733154296875], 'conf': 0.541403, 'label_id': 'person', 'sub_labels': 'other', 'sub_labels_conf': 0.9115471839904785, 'id': 8}, {'box': [180.0442352294922, 556.4375, 103.46194458007812, 235.52410888671875], 'conf': 0.7572456, 'label_id': 'person', 'sub_labels': 'other', 'sub_labels_conf': 0.8960676193237305, 'id': 9}, {'box': [1260.96728515625, 410.7558288574219, 98.053955078125, 235.88043212890625], 'conf': 0.88406724, 'label_id': 'person', 'sub_labels': 'other', 'sub_labels_conf': 0.9999991655349731, 'id': 11}, {'box': [403.6358642578125, 504.1245422363281, 103.62863159179688, 305.37445068359375], 'conf': 0.7915029, 'label_id': 'person', 'sub_labels': 'other', 'sub_labels_conf': 0.9880591034889221, 'id': 12}, {'box': [1001.760498046875, 222.73440551757812, 67.311767578125, 94.71820068359375], 'conf': 0.58949107, 'label_id': 'person', 'sub_labels': 'other', 'sub_labels_conf': 0.9958529472351074, 'id': 13}, {'box': [1709.059326171875, 393.87939453125, 73.851318359375, 251.90597534179688], 'conf': 0.5437666, 'label_id': 'person', 'sub_labels': 'other', 'sub_labels_conf': 0.9047219157218933, 'id': 16}, {'box': [1185.1463623046875, 302.9858703613281, 82.505615234375, 220.9314422607422], 'conf': 0.8237587, 'label_id': 'person', 'sub_labels': 'other', 'sub_labels_conf': 0.998348593711853, 'id': 6}, {'box': [1614.40185546875, 362.373779296875, 101.1512451171875, 192.46444702148438], 'conf': 0.6761446, 'label_id': 'person', 'sub_labels': 'other', 'sub_labels_conf': 0.9990921020507812, 'id': 15}, {'box': [1040.822509765625, 327.5999755859375, 73.64630126953125, 228.13143920898438], 'conf': 0.74856097, 'label_id': 'person', 'sub_labels': 'other', 'sub_labels_conf': 0.9987488985061646, 'id': 17}]"
120,2024/5/22 Wednesday 0:0:4,"[{'box': [916.6052856445312, 252.10675048828125, 76.5633544921875, 187.43971252441406], 'conf': 0.81547415, 'label_id': 'person', 'sub_labels': 'other', 'sub_labels_conf': 0.9917156100273132, 'id': 1}, {'box': [268.5791320800781, 554.383544921875, 126.8463134765625, 273.72467041015625], 'conf': 0.6302852, 'label_id': 'person', 'sub_labels': 'other', 'sub_labels_conf': 0.9999996423721313, 'id': 2}, {'box': [974.1907348632812, 348.78887939453125, 102.3094482421875, 243.71987915039062], 'conf': 0.8618295, 'label_id': 'person', 'sub_labels': 'other', 'sub_labels_conf': 0.961936891078949, 'id': 4}, {'box': [315.215576171875, 556.2504272460938, 109.1668701171875, 248.76708984375], 'conf': 0.5893414, 'label_id': 'person', 'sub_labels': 'other', 'sub_labels_conf': 0.9999765157699585, 'id': 5}, {'box': [498.29681396484375, 499.4385986328125, 117.68673706054688, 315.7346496582031], 'conf': 0.7314809, 'label_id': 'person', 'sub_labels': 'other', 'sub_labels_conf': 0.9004151821136475, 'id': 8}, {'box': [180.7264862060547, 556.7010498046875, 101.94015502929688, 235.61483764648438], 'conf': 0.78933877, 'label_id': 'person', 'sub_labels': 'other', 'sub_labels_conf': 0.8895623087882996, 'id': 9}, {'box': [1258.31884765625, 409.43719482421875, 97.005859375, 231.78543090820312], 'conf': 0.84368336, 'label_id': 'person', 'sub_labels': 'other', 'sub_labels_conf': 0.9999974966049194, 'id': 11}, {'box': [405.1349792480469, 504.0577392578125, 100.2833251953125, 306.5732727050781], 'conf': 0.797278, 'label_id': 'person', 'sub_labels': 'other', 'sub_labels_conf': 0.9794974327087402, 'id': 12}, {'box': [1005.9409790039062, 222.68215942382812, 62.5106201171875, 95.01902770996094], 'conf': 0.54152447, 'label_id': 'person', 'sub_labels': 'other', 'sub_labels_conf': 0.9921398758888245, 'id': 13}, {'box': [1709.18017578125, 397.0390625, 73.515869140625, 245.7847900390625], 'conf': 0.5591165, 'label_id': 'person', 'sub_labels': 'other', 'sub_labels_conf': 0.759951651096344, 'id': 16}, {'box': [1184.5557861328125, 303.1318664550781, 82.81298828125, 221.28273010253906], 'conf': 0.8297911, 'label_id': 'person', 'sub_labels': 'other', 'sub_labels_conf': 0.991675615310669, 'id': 6}, {'box': [1615.83349609375, 361.6427917480469, 104.8062744140625, 193.65234375], 'conf': 0.6116323, 'label_id': 'person', 'sub_labels': 'other', 'sub_labels_conf': 0.9986358284950256, 'id': 15}, {'box': [1038.823486328125, 325.6512451171875, 73.42388916015625, 227.6917724609375], 'conf': 0.7548853, 'label_id': 'person', 'sub_labels': 'other', 'sub_labels_conf': 0.9991852641105652, 'id': 17}]"
121,2024/5/22 Wednesday 0:0:4,"[{'box': [916.6135864257812, 251.81707763671875, 76.948486328125, 188.0980224609375], 'conf': 0.81206656, 'label_id': 'person', 'sub_labels': 'other', 'sub_labels_conf': 0.9971131086349487, 'id': 1}, {'box': [267.9718017578125, 553.8614501953125, 126.01556396484375, 275.35797119140625], 'conf': 0.64863455, 'label_id': 'person', 'sub_labels': 'other', 'sub_labels_conf': 0.9999998807907104, 'id': 2}, {'box': [971.9375610351562, 346.9596862792969, 98.113037109375, 244.32952880859375], 'conf': 0.8252473, 'label_id': 'person', 'sub_labels': 'other', 'sub_labels_conf': 0.9801400303840637, 'id': 4}, {'box': [309.678466796875, 555.9220581054688, 101.69387817382812, 247.87271118164062], 'conf': 0.57145464, 'label_id': 'person', 'sub_labels': 'other', 'sub_labels_conf': 0.9999328851699829, 'id': 5}, {'box': [497.9369201660156, 498.6358642578125, 117.80584716796875, 316.50146484375], 'conf': 0.7387726, 'label_id': 'person', 'sub_labels': 'other', 'sub_labels_conf': 0.9602302312850952, 'id': 8}, {'box': [180.5591583251953, 556.8687744140625, 102.59420776367188, 235.80267333984375], 'conf': 0.7986657, 'label_id': 'person', 'sub_labels': 'other', 'sub_labels_conf': 0.9031569957733154, 'id': 9}, {'box': [1252.7513427734375, 409.67169189453125, 89.532958984375, 229.2332763671875], 'conf': 0.82894063, 'label_id': 'person', 'sub_labels': 'other', 'sub_labels_conf': 0.9999979734420776, 'id': 11}, {'box': [405.59454345703125, 504.1353759765625, 99.66110229492188, 306.0610046386719], 'conf': 0.7725432, 'label_id': 'person', 'sub_labels': 'other', 'sub_labels_conf': 0.9933300614356995, 'id': 12}, {'box': [1004.3968505859375, 221.29022216796875, 67.63507080078125, 96.53623962402344], 'conf': 0.5661018, 'label_id': 'person', 'sub_labels': 'other', 'sub_labels_conf': 0.9943863153457642, 'id': 13}, {'box': [1709.53466796875, 398.47265625, 73.220703125, 243.0765380859375], 'conf': 0.52880067, 'label_id': 'person', 'sub_labels': 'other', 'sub_labels_conf': 0.7136762738227844, 'id': 16}, {'box': [1183.875732421875, 303.21038818359375, 84.01123046875, 221.73199462890625], 'conf': 0.8193707, 'label_id': 'person', 'sub_labels': 'other', 'sub_labels_conf': 0.9901224970817566, 'id': 6}, {'box': [1616.180419921875, 361.5459899902344, 104.305908203125, 194.903564453125], 'conf': 0.6375015, 'label_id': 'person', 'sub_labels': 'other', 'sub_labels_conf': 0.998618483543396, 'id': 15}, {'box': [1036.807373046875, 325.2093200683594, 72.94158935546875, 228.5901336669922], 'conf': 0.73889995, 'label_id': 'person', 'sub_labels': 'other', 'sub_labels_conf': 0.999817430973053, 'id': 17}]"
122,2024/5/22 Wednesday 0:0:4,"[{'box': [917.073974609375, 253.15399169921875, 77.23040771484375, 190.86566162109375], 'conf': 0.8062283, 'label_id': 'person', 'sub_labels': 'other', 'sub_labels_conf': 0.9965470433235168, 'id': 1}, {'box': [267.6077880859375, 553.3922119140625, 124.91842651367188, 275.39642333984375], 'conf': 0.71024364, 'label_id': 'person', 'sub_labels': 'other', 'sub_labels_conf': 0.9999997615814209, 'id': 2}, {'box': [969.2041015625, 346.477783203125, 92.14971923828125, 244.95875549316406], 'conf': 0.81519985, 'label_id': 'person', 'sub_labels': 'other', 'sub_labels_conf': 0.9968313574790955, 'id': 4}, {'box': [314.36895751953125, 555.9992065429688, 106.44296264648438, 249.04367065429688], 'conf': 0.65993494, 'label_id': 'person', 'sub_labels': 'other', 'sub_labels_conf': 0.9999725818634033, 'id': 5}, {'box': [497.74041748046875, 498.493896484375, 117.88955688476562, 316.5631408691406], 'conf': 0.7325324, 'label_id': 'person', 'sub_labels': 'other', 'sub_labels_conf': 0.9614469408988953, 'id': 8}, {'box': [180.84658813476562, 556.8070068359375, 101.28715515136719, 235.91680908203125], 'conf': 0.787815, 'label_id': 'person', 'sub_labels': 'other', 'sub_labels_conf': 0.8967248201370239, 'id': 9}, {'box': [1250.67333984375, 407.637939453125, 82.3951416015625, 230.36349487304688], 'conf': 0.8164567, 'label_id': 'person', 'sub_labels': 'other', 'sub_labels_conf': 0.9999853372573853, 'id': 11}, {'box': [406.8729248046875, 504.3056640625, 97.16390991210938, 305.8406677246094], 'conf': 0.77609545, 'label_id': 'person', 'sub_labels': 'other', 'sub_labels_conf': 0.9905416369438171, 'id': 12}, {'box': [1003.4388427734375, 220.11585998535156, 67.68310546875, 96.11764526367188], 'conf': 0.67082185, 'label_id': 'person', 'sub_labels': 'other', 'sub_labels_conf': 0.9951667785644531, 'id': 13}, {'box': [1709.8056640625, 398.67327880859375, 72.815185546875, 242.30136108398438], 'conf': 0.5182424, 'label_id': 'person', 'sub_labels': 'other', 'sub_labels_conf': 0.7165791988372803, 'id': 16}, {'box': [1183.4852294921875, 303.01763916015625, 84.388916015625, 221.71319580078125], 'conf': 0.82052946, 'label_id': 'person', 'sub_labels': 'other', 'sub_labels_conf': 0.9923276305198669, 'id': 6}, {'box': [1615.765625, 362.0421447753906, 103.5821533203125, 194.6708984375], 'conf': 0.655779, 'label_id': 'person', 'sub_labels': 'other', 'sub_labels_conf': 0.9990052580833435, 'id': 15}, {'box': [1035.764892578125, 323.58782958984375, 72.404052734375, 226.3717498779297], 'conf': 0.71906805, 'label_id': 'person', 'sub_labels': 'other', 'sub_labels_conf': 0.9994939565658569, 'id': 17}]"
123,2024/5/22 Wednesday 0:0:4,"[{'box': [917.8516235351562, 247.36581420898438, 76.3564453125, 179.77923583984375], 'conf': 0.7357068, 'label_id': 'person', 'sub_labels': 'other', 'sub_labels_conf': 0.9980460405349731, 'id': 1}, {'box': [267.69219970703125, 553.2175903320312, 124.42549133300781, 275.7373962402344], 'conf': 0.70632464, 'label_id': 'person', 'sub_labels': 'other', 'sub_labels_conf': 0.9999995231628418, 'id': 2}, {'box': [967.5543212890625, 343.8779296875, 92.67230224609375, 239.66024780273438], 'conf': 0.82310414, 'label_id': 'person', 'sub_labels': 'other', 'sub_labels_conf': 0.9982580542564392, 'id': 4}, {'box': [317.1065368652344, 555.9376220703125, 112.46142578125, 249.26260375976562], 'conf': 0.64713234, 'label_id': 'person', 'sub_labels': 'other', 'sub_labels_conf': 0.9999866485595703, 'id': 5}, {'box': [497.841552734375, 498.35833740234375, 118.0823974609375, 316.1287841796875], 'conf': 0.71791196, 'label_id': 'person', 'sub_labels': 'other', 'sub_labels_conf': 0.9751898050308228, 'id': 8}, {'box': [180.3325653076172, 556.705322265625, 102.47976684570312, 236.03640747070312], 'conf': 0.7581123, 'label_id': 'person', 'sub_labels': 'other', 'sub_labels_conf': 0.9182941913604736, 'id': 9}, {'box': [1247.805908203125, 407.6131591796875, 79.883056640625, 232.5325927734375], 'conf': 0.81584775, 'label_id': 'person', 'sub_labels': 'other', 'sub_labels_conf': 0.9996181726455688, 'id': 11}, {'box': [406.8297119140625, 504.7774658203125, 97.39144897460938, 305.9341125488281], 'conf': 0.76636845, 'label_id': 'person', 'sub_labels': 'other', 'sub_labels_conf': 0.9902828931808472, 'id': 12}, {'box': [1003.599365234375, 218.90185546875, 70.20562744140625, 94.4923095703125], 'conf': 0.60943085, 'label_id': 'person', 'sub_labels': 'other', 'sub_labels_conf': 0.9989023208618164, 'id': 13}, {'box': [1710.00537109375, 398.0863037109375, 72.6405029296875, 243.23373413085938], 'conf': 0.50761706, 'label_id': 'person', 'sub_labels': 'other', 'sub_labels_conf': 0.7264138460159302, 'id': 16}, {'box': [1183.4671630859375, 302.9311218261719, 84.147216796875, 220.49359130859375], 'conf': 0.8132354, 'label_id': 'person', 'sub_labels': 'other', 'sub_labels_conf': 0.9917140603065491, 'id': 6}, {'box': [1614.888916015625, 362.21148681640625, 101.9061279296875, 194.6202392578125], 'conf': 0.683713, 'label_id': 'person', 'sub_labels': 'other', 'sub_labels_conf': 0.998683750629425, 'id': 15}, {'box': [1033.204833984375, 325.012939453125, 71.0457763671875, 217.07315063476562], 'conf': 0.6496542, 'label_id': 'person', 'sub_labels': 'other', 'sub_labels_conf': 0.9989809393882751, 'id': 17}]"
124,2024/5/22 Wednesday 0:0:4,"[{'box': [917.7476806640625, 246.8927001953125, 74.76129150390625, 179.61517333984375], 'conf': 0.7067854, 'label_id': 'person', 'sub_labels': 'other', 'sub_labels_conf': 0.9950768351554871, 'id': 1}, {'box': [268.740966796875, 552.3497314453125, 124.93557739257812, 275.09686279296875], 'conf': 0.72689927, 'label_id': 'person', 'sub_labels': 'other', 'sub_labels_conf': 0.9999998807907104, 'id': 2}, {'box': [965.2584228515625, 340.09613037109375, 93.13604736328125, 237.62857055664062], 'conf': 0.835629, 'label_id': 'person', 'sub_labels': 'other', 'sub_labels_conf': 0.9975084066390991, 'id': 4}, {'box': [316.9044189453125, 555.250244140625, 112.7767333984375, 248.43975830078125], 'conf': 0.6624987, 'label_id': 'person', 'sub_labels': 'other', 'sub_labels_conf': 0.9999904632568359, 'id': 5}, {'box': [497.8790283203125, 498.4371643066406, 117.846923828125, 315.79656982421875], 'conf': 0.7049775, 'label_id': 'person', 'sub_labels': 'other', 'sub_labels_conf': 0.9751887917518616, 'id': 8}, {'box': [179.63629150390625, 557.05078125, 103.91618347167969, 235.70840454101562], 'conf': 0.7469909, 'label_id': 'person', 'sub_labels': 'other', 'sub_labels_conf': 0.9449697732925415, 'id': 9}, {'box': [1246.7958984375, 407.4033203125, 78.5189208984375, 231.33181762695312], 'conf': 0.82153577, 'label_id': 'person', 'sub_labels': 'other', 'sub_labels_conf': 0.9988760352134705, 'id': 11}, {'box': [406.9852294921875, 505.011474609375, 97.22103881835938, 305.4205627441406], 'conf': 0.7628648, 'label_id': 'person', 'sub_labels': 'other', 'sub_labels_conf': 0.990159809589386, 'id': 12}, {'box': [1002.0089721679688, 216.3377685546875, 69.8214111328125, 94.29478454589844], 'conf': 0.66934425, 'label_id': 'person', 'sub_labels': 'other', 'sub_labels_conf': 0.999370276927948, 'id': 13}, {'box': [1710.5621337890625, 397.0949401855469, 73.02392578125, 244.99627685546875], 'conf': 0.5084133, 'label_id': 'person', 'sub_labels': 'other', 'sub_labels_conf': 0.71110600233078, 'id': 16}, {'box': [1183.629638671875, 303.4667663574219, 84.5411376953125, 220.3929443359375], 'conf': 0.8174619, 'label_id': 'person', 'sub_labels': 'other', 'sub_labels_conf': 0.99285489320755, 'id': 6}, {'box': [1614.70556640625, 362.1293640136719, 101.0384521484375, 195.8521728515625], 'conf': 0.6546386, 'label_id': 'person', 'sub_labels': 'other', 'sub_labels_conf': 0.9989849925041199, 'id': 15}, {'box': [1029.745849609375, 319.74285888671875, 70.0867919921875, 208.7228546142578], 'conf': 0.73599476, 'label_id': 'person', 'sub_labels': 'other', 'sub_labels_conf': 0.9987553358078003, 'id': 17}]"
125,2024/5/22 Wednesday 0:0:5,"[{'box': [917.0382690429688, 242.8646240234375, 71.9097900390625, 173.17311096191406], 'conf': 0.7015432, 'label_id': 'person', 'sub_labels': 'other', 'sub_labels_conf': 0.9768701791763306, 'id': 1}, {'box': [268.1459655761719, 552.4047241210938, 124.22831726074219, 275.9493408203125], 'conf': 0.7147576, 'label_id': 'person', 'sub_labels': 'other', 'sub_labels_conf': 0.9999998807907104, 'id': 2}, {'box': [960.94384765625, 337.83404541015625, 88.71112060546875, 237.708984375], 'conf': 0.8122631, 'label_id': 'person', 'sub_labels': 'other', 'sub_labels_conf': 0.9973708391189575, 'id': 4}, {'box': [318.06231689453125, 554.3319091796875, 113.38027954101562, 248.74874877929688], 'conf': 0.6618794, 'label_id': 'person', 'sub_labels': 'other', 'sub_labels_conf': 0.9999898672103882, 'id': 5}, {'box': [497.66748046875, 498.7127685546875, 117.71505737304688, 315.4399108886719], 'conf': 0.7105282, 'label_id': 'person', 'sub_labels': 'other', 'sub_labels_conf': 0.9743744730949402, 'id': 8}, {'box': [179.65602111816406, 557.019775390625, 103.73141479492188, 235.76351928710938], 'conf': 0.762879, 'label_id': 'person', 'sub_labels': 'other', 'sub_labels_conf': 0.9422808289527893, 'id': 9}, {'box': [1243.5936279296875, 407.23773193359375, 78.98583984375, 231.7218017578125], 'conf': 0.81474906, 'label_id': 'person', 'sub_labels': 'other', 'sub_labels_conf': 0.9988973140716553, 'id': 11}, {'box': [406.66644287109375, 505.441650390625, 97.80288696289062, 305.0657653808594], 'conf': 0.7578235, 'label_id': 'person', 'sub_labels': 'other', 'sub_labels_conf': 0.9897533655166626, 'id': 12}, {'box': [1001.8199462890625, 212.73532104492188, 69.644775390625, 90.0889892578125], 'conf': 0.57860464, 'label_id': 'person', 'sub_labels': 'other', 'sub_labels_conf': 0.9985652565956116, 'id': 13}, {'box': [1710.7578125, 396.0582275390625, 73.413330078125, 246.9183349609375], 'conf': 0.53450423, 'label_id': 'person', 'sub_labels': 'other', 'sub_labels_conf': 0.646625280380249, 'id': 16}, {'box': [1183.3592529296875, 303.59619140625, 84.874755859375, 221.08599853515625], 'conf': 0.8113002, 'label_id': 'person', 'sub_labels': 'other', 'sub_labels_conf': 0.9959237575531006, 'id': 6}, {'box': [1614.36962890625, 362.0057678222656, 100.2618408203125, 196.15093994140625], 'conf': 0.6707945, 'label_id': 'person', 'sub_labels': 'other', 'sub_labels_conf': 0.9990624785423279, 'id': 15}, {'box': [1027.86669921875, 317.4339599609375, 71.68328857421875, 203.27735900878906], 'conf': 0.7258462, 'label_id': 'person', 'sub_labels': 'other', 'sub_labels_conf': 0.9968085885047913, 'id': 17}]"
126,2024/5/22 Wednesday 0:0:5,"[{'box': [916.6531982421875, 231.76602172851562, 69.65277099609375, 154.79388427734375], 'conf': 0.67929643, 'label_id': 'person', 'sub_labels': 'other', 'sub_labels_conf': 0.997177243232727, 'id': 1}, {'box': [267.9389343261719, 552.1364135742188, 123.99110412597656, 276.4005126953125], 'conf': 0.69172156, 'label_id': 'person', 'sub_labels': 'other', 'sub_labels_conf': 0.9999997615814209, 'id': 2}, {'box': [957.6572875976562, 336.07635498046875, 87.3980712890625, 237.3693084716797], 'conf': 0.8220711, 'label_id': 'person', 'sub_labels': 'other', 'sub_labels_conf': 0.9985460042953491, 'id': 4}, {'box': [319.21307373046875, 554.0928955078125, 114.27255249023438, 248.74197387695312], 'conf': 0.6631945, 'label_id': 'person', 'sub_labels': 'other', 'sub_labels_conf': 0.9999853372573853, 'id': 5}, {'box': [497.5405578613281, 499.3958435058594, 117.79302978515625, 314.08148193359375], 'conf': 0.6926109, 'label_id': 'person', 'sub_labels': 'other', 'sub_labels_conf': 0.9780534505844116, 'id': 8}, {'box': [179.52676391601562, 556.3937377929688, 103.95634460449219, 236.96786499023438], 'conf': 0.7492725, 'label_id': 'person', 'sub_labels': 'other', 'sub_labels_conf': 0.9279053807258606, 'id': 9}, {'box': [1238.9156494140625, 405.5814208984375, 82.49658203125, 231.75927734375], 'conf': 0.8246879, 'label_id': 'person', 'sub_labels': 'other', 'sub_labels_conf': 0.9975365400314331, 'id': 11}, {'box': [406.162109375, 506.62982177734375, 98.71224975585938, 303.3901062011719], 'conf': 0.7349175, 'label_id': 'person', 'sub_labels': 'other', 'sub_labels_conf': 0.9855058193206787, 'id': 12}, {'box': [1001.300048828125, 210.52487182617188, 67.71612548828125, 87.38629150390625], 'conf': 0.45220008, 'label_id': 'person', 'sub_labels': 'other', 'sub_labels_conf': 0.9973878264427185, 'id': 13}, {'box': [1710.82666015625, 395.5762939453125, 73.5955810546875, 247.7576904296875], 'conf': 0.5540555, 'label_id': 'person', 'sub_labels': 'other', 'sub_labels_conf': 0.6347222328186035, 'id': 16}, {'box': [1183.8978271484375, 303.26220703125, 84.786376953125, 220.68243408203125], 'conf': 0.8106015, 'label_id': 'person', 'sub_labels': 'other', 'sub_labels_conf': 0.9959468245506287, 'id': 6}, {'box': [1614.5704345703125, 361.8818054199219, 100.45849609375, 196.0474853515625], 'conf': 0.6557189, 'label_id': 'person', 'sub_labels': 'other', 'sub_labels_conf': 0.9990725517272949, 'id': 15}, {'box': [1024.58935546875, 314.93975830078125, 71.83575439453125, 199.96392822265625], 'conf': 0.64700896, 'label_id': 'person', 'sub_labels': 'other', 'sub_labels_conf': 0.9957093000411987, 'id': 17}]"
127,2024/5/22 Wednesday 0:0:5,"[{'box': [917.6599731445312, 226.67959594726562, 70.089599609375, 146.57774353027344], 'conf': 0.5291592, 'label_id': 'person', 'sub_labels': 'other', 'sub_labels_conf': 0.9960188269615173, 'id': 1}, {'box': [267.80670166015625, 551.8299560546875, 123.54727172851562, 276.41339111328125], 'conf': 0.7086153, 'label_id': 'person', 'sub_labels': 'other', 'sub_labels_conf': 0.9999998807907104, 'id': 2}, {'box': [954.7152709960938, 334.04791259765625, 90.2222900390625, 235.50152587890625], 'conf': 0.8332739, 'label_id': 'person', 'sub_labels': 'other', 'sub_labels_conf': 0.9748514890670776, 'id': 4}, {'box': [319.4906311035156, 554.71435546875, 115.70660400390625, 249.44744873046875], 'conf': 0.66461885, 'label_id': 'person', 'sub_labels': 'other', 'sub_labels_conf': 0.9999862909317017, 'id': 5}, {'box': [498.04449462890625, 500.05224609375, 117.05661010742188, 315.63427734375], 'conf': 0.6653516, 'label_id': 'person', 'sub_labels': 'other', 'sub_labels_conf': 0.942577600479126, 'id': 8}, {'box': [180.48590087890625, 555.48583984375, 101.27346801757812, 238.97549438476562], 'conf': 0.7464072, 'label_id': 'person', 'sub_labels': 'other', 'sub_labels_conf': 0.9404432773590088, 'id': 9}, {'box': [1236.1396484375, 404.96099853515625, 80.8348388671875, 234.0040283203125], 'conf': 0.8116552, 'label_id': 'person', 'sub_labels': 'other', 'sub_labels_conf': 0.9975491166114807, 'id': 11}, {'box': [406.36724853515625, 507.14764404296875, 98.17477416992188, 301.2088623046875], 'conf': 0.75494736, 'label_id': 'person', 'sub_labels': 'other', 'sub_labels_conf': 0.991436779499054, 'id': 12}, {'box': [1000.62841796875, 208.3138427734375, 64.50567626953125, 88.38294982910156], 'conf': 0.49039668, 'label_id': 'person', 'sub_labels': 'other', 'sub_labels_conf': 0.9953553676605225, 'id': 13}, {'box': [1710.7486572265625, 395.52520751953125, 73.63818359375, 247.5819091796875], 'conf': 0.5370831, 'label_id': 'person', 'sub_labels': 'other', 'sub_labels_conf': 0.6469930410385132, 'id': 16}, {'box': [1184.05712890625, 303.49072265625, 84.9234619140625, 220.31240844726562], 'conf': 0.810068, 'label_id': 'person', 'sub_labels': 'other', 'sub_labels_conf': 0.9986000657081604, 'id': 6}, {'box': [1613.455810546875, 361.91680908203125, 98.5546875, 196.005615234375], 'conf': 0.66383266, 'label_id': 'person', 'sub_labels': 'other', 'sub_labels_conf': 0.9994499087333679, 'id': 15}, {'box': [1023.7105712890625, 310.8948974609375, 72.47161865234375, 202.63270568847656], 'conf': 0.7593247, 'label_id': 'person', 'sub_labels': 'other', 'sub_labels_conf': 0.9797666072845459, 'id': 17}]"
128,2024/5/22 Wednesday 0:0:5,"[{'box': [918.300537109375, 217.2957000732422, 69.37469482421875, 131.17221069335938], 'conf': 0.56353366, 'label_id': 'person', 'sub_labels': 'other', 'sub_labels_conf': 0.9972457885742188, 'id': 1}, {'box': [267.6155700683594, 551.6268310546875, 122.82489013671875, 276.2064208984375], 'conf': 0.7490876, 'label_id': 'person', 'sub_labels': 'other', 'sub_labels_conf': 0.9999998807907104, 'id': 2}, {'box': [949.5362548828125, 333.35992431640625, 90.92974853515625, 231.5804443359375], 'conf': 0.82729137, 'label_id': 'person', 'sub_labels': 'other', 'sub_labels_conf': 0.9938836693763733, 'id': 4}, {'box': [319.84002685546875, 555.9369506835938, 115.96554565429688, 248.59249877929688], 'conf': 0.71501064, 'label_id': 'person', 'sub_labels': 'other', 'sub_labels_conf': 0.999975323677063, 'id': 5}, {'box': [498.0538330078125, 499.91009521484375, 117.0174560546875, 317.6508483886719], 'conf': 0.67509323, 'label_id': 'person', 'sub_labels': 'other', 'sub_labels_conf': 0.9403735399246216, 'id': 8}, {'box': [181.1756591796875, 556.1051025390625, 99.31309509277344, 237.29449462890625], 'conf': 0.78653955, 'label_id': 'person', 'sub_labels': 'other', 'sub_labels_conf': 0.9088855385780334, 'id': 9}, {'box': [1233.609375, 404.8170166015625, 79.281982421875, 236.103515625], 'conf': 0.7989585, 'label_id': 'person', 'sub_labels': 'other', 'sub_labels_conf': 0.9978475570678711, 'id': 11}, {'box': [405.13885498046875, 507.28143310546875, 99.88314819335938, 302.0472717285156], 'conf': 0.7736239, 'label_id': 'person', 'sub_labels': 'other', 'sub_labels_conf': 0.9838751554489136, 'id': 12}, {'box': [999.9532470703125, 206.5857696533203, 61.75421142578125, 85.58489990234375], 'conf': 0.25474218, 'label_id': 'person', 'sub_labels': 'other', 'sub_labels_conf': 0.994150698184967, 'id': 13}, {'box': [1711.31689453125, 395.6885986328125, 73.9798583984375, 247.02304077148438], 'conf': 0.5828741, 'label_id': 'person', 'sub_labels': 'other', 'sub_labels_conf': 0.5699224472045898, 'id': 16}, {'box': [1183.5850830078125, 304.967041015625, 84.297607421875, 220.16897583007812], 'conf': 0.81950825, 'label_id': 'person', 'sub_labels': 'other', 'sub_labels_conf': 0.998318076133728, 'id': 6}, {'box': [1612.5106201171875, 361.7797546386719, 97.19970703125, 195.69549560546875], 'conf': 0.6905076, 'label_id': 'person', 'sub_labels': 'other', 'sub_labels_conf': 0.9987021684646606, 'id': 15}, {'box': [1020.874755859375, 308.94366455078125, 74.97052001953125, 206.3892364501953], 'conf': 0.7588631, 'label_id': 'person', 'sub_labels': 'other', 'sub_labels_conf': 0.9978006482124329, 'id': 17}]"
129,2024/5/22 Wednesday 0:0:5,"[{'box': [918.79931640625, 211.68658447265625, 70.3526611328125, 126.04026794433594], 'conf': 0.69284064, 'label_id': 'person', 'sub_labels': 'other', 'sub_labels_conf': 0.9991112351417542, 'id': 1}, {'box': [267.883056640625, 551.7972412109375, 123.06239318847656, 275.9779357910156], 'conf': 0.7659356, 'label_id': 'person', 'sub_labels': 'other', 'sub_labels_conf': 0.9999998807907104, 'id': 2}, {'box': [942.974365234375, 333.59490966796875, 94.75457763671875, 228.40867614746094], 'conf': 0.8242469, 'label_id': 'person', 'sub_labels': 'other', 'sub_labels_conf': 0.9837747812271118, 'id': 4}, {'box': [318.67303466796875, 557.247802734375, 115.59512329101562, 247.03704833984375], 'conf': 0.73356146, 'label_id': 'person', 'sub_labels': 'other', 'sub_labels_conf': 0.9999520778656006, 'id': 5}, {'box': [498.3135070800781, 500.810791015625, 116.01239013671875, 316.9622802734375], 'conf': 0.6625107, 'label_id': 'person', 'sub_labels': 'other', 'sub_labels_conf': 0.9569717049598694, 'id': 8}, {'box': [181.49110412597656, 556.6910400390625, 98.48712158203125, 236.71063232421875], 'conf': 0.7861581, 'label_id': 'person', 'sub_labels': 'other', 'sub_labels_conf': 0.9156787395477295, 'id': 9}, {'box': [1227.1719970703125, 406.5398254394531, 82.994140625, 235.02789306640625], 'conf': 0.79792136, 'label_id': 'person', 'sub_labels': 'other', 'sub_labels_conf': 0.9975542426109314, 'id': 11}, {'box': [406.25213623046875, 510.2568054199219, 97.40036010742188, 296.16168212890625], 'conf': 0.7291305, 'label_id': 'person', 'sub_labels': 'other', 'sub_labels_conf': 0.9655674695968628, 'id': 12}, {'box': [1000.9798583984375, 203.03814697265625, 59.805419921875, 79.20523071289062], 'conf': 0.32010168, 'label_id': 'person', 'sub_labels': 'other', 'sub_labels_conf': 0.9932112693786621, 'id': 13}, {'box': [1712.07421875, 395.420166015625, 75.9422607421875, 247.5159912109375], 'conf': 0.5193967, 'label_id': 'person', 'sub_labels': 'other', 'sub_labels_conf': 0.6391034126281738, 'id': 16}, {'box': [1183.512451171875, 305.674560546875, 84.38330078125, 220.07565307617188], 'conf': 0.8247793, 'label_id': 'person', 'sub_labels': 'other', 'sub_labels_conf': 0.9991521835327148, 'id': 6}, {'box': [1612.526611328125, 360.61810302734375, 96.9610595703125, 193.26394653320312], 'conf': 0.67296636, 'label_id': 'person', 'sub_labels': 'other', 'sub_labels_conf': 0.999405026435852, 'id': 15}, {'box': [1018.963623046875, 307.95928955078125, 73.92742919921875, 209.12747192382812], 'conf': 0.7709406, 'label_id': 'person', 'sub_labels': 'other', 'sub_labels_conf': 0.9984605312347412, 'id': 17}]"
130,2024/5/22 Wednesday 0:0:5,"[{'box': [919.02685546875, 210.0777587890625, 70.65643310546875, 124.71009826660156], 'conf': 0.67170155, 'label_id': 'person', 'sub_labels': 'other', 'sub_labels_conf': 0.9985396862030029, 'id': 1}, {'box': [267.9874267578125, 552.4247436523438, 123.60032653808594, 277.0696105957031], 'conf': 0.7681615, 'label_id': 'person', 'sub_labels': 'other', 'sub_labels_conf': 0.9999998807907104, 'id': 2}, {'box': [940.5576782226562, 333.7458801269531, 96.205810546875, 227.30360412597656], 'conf': 0.82380074, 'label_id': 'person', 'sub_labels': 'other', 'sub_labels_conf': 0.9831816554069519, 'id': 4}, {'box': [317.8115234375, 557.5789184570312, 115.77700805664062, 246.52841186523438], 'conf': 0.7367204, 'label_id': 'person', 'sub_labels': 'other', 'sub_labels_conf': 0.9999743700027466, 'id': 5}, {'box': [498.30072021484375, 502.40435791015625, 115.07699584960938, 313.6371154785156], 'conf': 0.652652, 'label_id': 'person', 'sub_labels': 'other', 'sub_labels_conf': 0.9344434142112732, 'id': 8}, {'box': [182.4801483154297, 557.0068969726562, 98.95651245117188, 235.171630859375], 'conf': 0.7684782, 'label_id': 'person', 'sub_labels': 'other', 'sub_labels_conf': 0.922984778881073, 'id': 9}, {'box': [1225.0484619140625, 407.14788818359375, 84.521240234375, 234.942626953125], 'conf': 0.79630804, 'label_id': 'person', 'sub_labels': 'other', 'sub_labels_conf': 0.9985349178314209, 'id': 11}, {'box': [407.10858154296875, 517.472412109375, 95.26934814453125, 281.39129638671875], 'conf': 0.6886901, 'label_id': 'person', 'sub_labels': 'other', 'sub_labels_conf': 0.9635319113731384, 'id': 12}, {'box': [1001.3887939453125, 201.85142517089844, 58.99932861328125, 77.18667602539062], 'conf': 0.32431814, 'label_id': 'person', 'sub_labels': 'other', 'sub_labels_conf': 0.9868345856666565, 'id': 13}, {'box': [1712.357177734375, 395.785888671875, 75.975341796875, 246.9610595703125], 'conf': 0.5074569, 'label_id': 'person', 'sub_labels': 'other', 'sub_labels_conf': 0.6766127347946167, 'id': 16}, {'box': [1183.3677978515625, 305.83685302734375, 84.07861328125, 219.59075927734375], 'conf': 0.8351863, 'label_id': 'person', 'sub_labels': 'other', 'sub_labels_conf': 0.9989027976989746, 'id': 6}, {'box': [1612.3817138671875, 360.01324462890625, 96.6357421875, 191.67977905273438], 'conf': 0.6674813, 'label_id': 'person', 'sub_labels': 'other', 'sub_labels_conf': 0.9993613362312317, 'id': 15}, {'box': [1018.3534545898438, 307.60406494140625, 73.5316162109375, 211.19146728515625], 'conf': 0.7690658, 'label_id': 'person', 'sub_labels': 'other', 'sub_labels_conf': 0.9988642930984497, 'id': 17}]"
131,2024/5/22 Wednesday 0:0:5,"[{'box': [918.80712890625, 208.59890747070312, 69.97393798828125, 123.26728820800781], 'conf': 0.64034355, 'label_id': 'person', 'sub_labels': 'other', 'sub_labels_conf': 0.998754620552063, 'id': 1}, {'box': [268.03173828125, 552.4515991210938, 123.52047729492188, 277.5214538574219], 'conf': 0.7869909, 'label_id': 'person', 'sub_labels': 'other', 'sub_labels_conf': 0.9999997615814209, 'id': 2}, {'box': [936.7867431640625, 333.1208190917969, 100.71240234375, 228.58026123046875], 'conf': 0.8239917, 'label_id': 'person', 'sub_labels': 'other', 'sub_labels_conf': 0.9913331866264343, 'id': 4}, {'box': [317.5938720703125, 558.0291748046875, 114.9471435546875, 247.338623046875], 'conf': 0.7456925, 'label_id': 'person', 'sub_labels': 'other', 'sub_labels_conf': 0.999961256980896, 'id': 5}, {'box': [498.72430419921875, 501.69586181640625, 115.1461181640625, 315.0683288574219], 'conf': 0.6940817, 'label_id': 'person', 'sub_labels': 'other', 'sub_labels_conf': 0.9490410685539246, 'id': 8}, {'box': [182.33721923828125, 557.1344604492188, 98.18013000488281, 233.78182983398438], 'conf': 0.7553809, 'label_id': 'person', 'sub_labels': 'other', 'sub_labels_conf': 0.9225133657455444, 'id': 9}, {'box': [1221.696533203125, 405.3017883300781, 84.6365966796875, 236.56158447265625], 'conf': 0.82656956, 'label_id': 'person', 'sub_labels': 'other', 'sub_labels_conf': 0.9997186064720154, 'id': 11}, {'box': [407.44525146484375, 513.970703125, 94.62863159179688, 287.9977722167969], 'conf': 0.72633374, 'label_id': 'person', 'sub_labels': 'other', 'sub_labels_conf': 0.9781344532966614, 'id': 12}, {'box': [1002.7667236328125, 199.1976318359375, 59.79052734375, 73.594482421875], 'conf': 0.23999718, 'label_id': 'person', 'sub_labels': 'other', 'sub_labels_conf': 0.9959723353385925, 'id': 13}, {'box': [1712.84375, 395.82470703125, 77.4422607421875, 246.794921875], 'conf': 0.53547174, 'label_id': 'person', 'sub_labels': 'other', 'sub_labels_conf': 0.7332947850227356, 'id': 16}, {'box': [1183.550048828125, 305.5685119628906, 84.5732421875, 218.9901580810547], 'conf': 0.8287835, 'label_id': 'person', 'sub_labels': 'other', 'sub_labels_conf': 0.9978873133659363, 'id': 6}, {'box': [1612.8994140625, 359.7807312011719, 97.01806640625, 191.23095703125], 'conf': 0.6707391, 'label_id': 'person', 'sub_labels': 'other', 'sub_labels_conf': 0.9990808963775635, 'id': 15}, {'box': [1016.4623413085938, 307.4153747558594, 73.8839111328125, 205.80572509765625], 'conf': 0.73479617, 'label_id': 'person', 'sub_labels': 'other', 'sub_labels_conf': 0.9990859031677246, 'id': 17}]"
132,2024/5/22 Wednesday 0:0:5,"[{'box': [920.3502197265625, 207.17820739746094, 70.08782958984375, 122.29629516601562], 'conf': 0.75692755, 'label_id': 'person', 'sub_labels': 'other', 'sub_labels_conf': 0.9985449314117432, 'id': 1}, {'box': [268.6084289550781, 552.6528930664062, 124.31761169433594, 278.3054504394531], 'conf': 0.8062292, 'label_id': 'person', 'sub_labels': 'other', 'sub_labels_conf': 0.9999998807907104, 'id': 2}, {'box': [933.37353515625, 332.4918518066406, 100.28106689453125, 225.70423889160156], 'conf': 0.8363848, 'label_id': 'person', 'sub_labels': 'other', 'sub_labels_conf': 0.9867718815803528, 'id': 4}, {'box': [316.7818298339844, 555.8440551757812, 113.90716552734375, 246.10256958007812], 'conf': 0.7135111, 'label_id': 'person', 'sub_labels': 'other', 'sub_labels_conf': 0.9999873638153076, 'id': 5}, {'box': [498.92523193359375, 501.1485290527344, 115.31680297851562, 315.06732177734375], 'conf': 0.68880033, 'label_id': 'person', 'sub_labels': 'other', 'sub_labels_conf': 0.9538578987121582, 'id': 8}, {'box': [182.50262451171875, 558.3513793945312, 99.59907531738281, 233.96908569335938], 'conf': 0.76589143, 'label_id': 'person', 'sub_labels': 'other', 'sub_labels_conf': 0.9064664244651794, 'id': 9}, {'box': [1219.6015625, 403.65478515625, 82.0726318359375, 235.9481201171875], 'conf': 0.82308257, 'label_id': 'person', 'sub_labels': 'other', 'sub_labels_conf': 0.9985376596450806, 'id': 11}, {'box': [407.9422607421875, 513.88525390625, 93.952392578125, 288.1253967285156], 'conf': 0.72267735, 'label_id': 'person', 'sub_labels': 'other', 'sub_labels_conf': 0.9308763146400452, 'id': 12}, {'box': [1003.8715209960938, 197.26620483398438, 58.9971923828125, 70.2154541015625], 'conf': 0.29307637, 'label_id': 'person', 'sub_labels': 'other', 'sub_labels_conf': 0.9937591552734375, 'id': 13}, {'box': [1712.612548828125, 395.918212890625, 77.0941162109375, 246.77133178710938], 'conf': 0.49677104, 'label_id': 'person', 'sub_labels': 'other', 'sub_labels_conf': 0.6502750515937805, 'id': 16}, {'box': [1184.0313720703125, 305.630126953125, 85.526123046875, 219.09921264648438], 'conf': 0.8231276, 'label_id': 'person', 'sub_labels': 'other', 'sub_labels_conf': 0.9966964721679688, 'id': 6}, {'box': [1613.2890625, 359.6988830566406, 97.5372314453125, 191.3564453125], 'conf': 0.659753, 'label_id': 'person', 'sub_labels': 'other', 'sub_labels_conf': 0.9970521926879883, 'id': 15}, {'box': [1013.934814453125, 301.61614990234375, 77.58062744140625, 220.04185485839844], 'conf': 0.75566566, 'label_id': 'person', 'sub_labels': 'other', 'sub_labels_conf': 0.999294638633728, 'id': 17}]"
133,2024/5/22 Wednesday 0:0:5,"[{'box': [921.6619873046875, 202.8680419921875, 71.24908447265625, 115.05238342285156], 'conf': 0.7859105, 'label_id': 'person', 'sub_labels': 'other', 'sub_labels_conf': 0.9984717965126038, 'id': 1}, {'box': [268.6983947753906, 552.644287109375, 124.64353942871094, 279.0060119628906], 'conf': 0.8030558, 'label_id': 'person', 'sub_labels': 'other', 'sub_labels_conf': 1.0, 'id': 2}, {'box': [930.010986328125, 333.06524658203125, 98.95770263671875, 222.51358032226562], 'conf': 0.8193775, 'label_id': 'person', 'sub_labels': 'other', 'sub_labels_conf': 0.9838334918022156, 'id': 4}, {'box': [315.8964538574219, 555.8824462890625, 113.94293212890625, 245.90036010742188], 'conf': 0.6973983, 'label_id': 'person', 'sub_labels': 'other', 'sub_labels_conf': 0.999991774559021, 'id': 5}, {'box': [499.03936767578125, 500.82080078125, 115.92764282226562, 315.3616638183594], 'conf': 0.69362086, 'label_id': 'person', 'sub_labels': 'other', 'sub_labels_conf': 0.7425451874732971, 'id': 8}, {'box': [182.70034790039062, 558.7039184570312, 100.48910522460938, 234.37582397460938], 'conf': 0.78297764, 'label_id': 'person', 'sub_labels': 'other', 'sub_labels_conf': 0.9103389978408813, 'id': 9}, {'box': [1218.627197265625, 402.6851501464844, 79.68115234375, 233.87078857421875], 'conf': 0.8281699, 'label_id': 'person', 'sub_labels': 'other', 'sub_labels_conf': 0.9958370923995972, 'id': 11}, {'box': [407.59136962890625, 511.6556396484375, 95.02389526367188, 292.5748291015625], 'conf': 0.7488534, 'label_id': 'person', 'sub_labels': 'other', 'sub_labels_conf': 0.9752540588378906, 'id': 12}, {'box': [1004.7802734375, 196.66317749023438, 61.722900390625, 71.10826110839844], 'conf': 0.340001, 'label_id': 'person', 'sub_labels': 'other', 'sub_labels_conf': 0.9960657954216003, 'id': 13}, {'box': [1712.1676025390625, 395.85015869140625, 76.168212890625, 246.95413208007812], 'conf': 0.45403877, 'label_id': 'person', 'sub_labels': 'other', 'sub_labels_conf': 0.7560140490531921, 'id': 16}, {'box': [1183.9622802734375, 305.0813903808594, 85.18212890625, 217.88189697265625], 'conf': 0.8374816, 'label_id': 'person', 'sub_labels': 'other', 'sub_labels_conf': 0.9966351389884949, 'id': 6}, {'box': [1613.8746337890625, 359.7906799316406, 99.22216796875, 191.53009033203125], 'conf': 0.70384914, 'label_id': 'person', 'sub_labels': 'other', 'sub_labels_conf': 0.9974952936172485, 'id': 15}, {'box': [1011.1720581054688, 303.6700744628906, 77.7623291015625, 217.64002990722656], 'conf': 0.71974754, 'label_id': 'person', 'sub_labels': 'other', 'sub_labels_conf': 0.9992764592170715, 'id': 17}]"
134,2024/5/22 Wednesday 0:0:5,"[{'box': [922.6346435546875, 199.64059448242188, 71.94732666015625, 109.70526123046875], 'conf': 0.78198296, 'label_id': 'person', 'sub_labels': 'other', 'sub_labels_conf': 0.9989506006240845, 'id': 1}, {'box': [268.8378601074219, 552.8154296875, 125.21321105957031, 279.5972595214844], 'conf': 0.80753785, 'label_id': 'person', 'sub_labels': 'other', 'sub_labels_conf': 0.9999998807907104, 'id': 2}, {'box': [928.235595703125, 330.1453552246094, 95.9359130859375, 220.39845275878906], 'conf': 0.81550884, 'label_id': 'person', 'sub_labels': 'other', 'sub_labels_conf': 0.9825818538665771, 'id': 4}, {'box': [314.9039306640625, 554.4873046875, 113.18386840820312, 244.56500244140625], 'conf': 0.7077188, 'label_id': 'person', 'sub_labels': 'other', 'sub_labels_conf': 0.9999735355377197, 'id': 5}, {'box': [499.2803649902344, 500.8973388671875, 116.35150146484375, 315.9486999511719], 'conf': 0.6954514, 'label_id': 'person', 'sub_labels': 'other', 'sub_labels_conf': 0.9080284237861633, 'id': 8}, {'box': [182.69769287109375, 559.369140625, 101.24690246582031, 234.46722412109375], 'conf': 0.7717161, 'label_id': 'person', 'sub_labels': 'other', 'sub_labels_conf': 0.9235234260559082, 'id': 9}, {'box': [1215.968505859375, 401.028076171875, 83.509033203125, 233.72775268554688], 'conf': 0.81277776, 'label_id': 'person', 'sub_labels': 'other', 'sub_labels_conf': 0.9988736510276794, 'id': 11}, {'box': [407.10845947265625, 511.01434326171875, 96.15234375, 295.3318176269531], 'conf': 0.7659215, 'label_id': 'person', 'sub_labels': 'other', 'sub_labels_conf': 0.9689940810203552, 'id': 12}, {'box': [1006.7496337890625, 194.99658203125, 64.658447265625, 70.56114196777344], 'conf': 0.41188237, 'label_id': 'person', 'sub_labels': 'other', 'sub_labels_conf': 0.9939728379249573, 'id': 13}, {'box': [1711.73486328125, 397.04095458984375, 75.1651611328125, 246.32601928710938], 'conf': 0.45490953, 'label_id': 'person', 'sub_labels': 'other', 'sub_labels_conf': 0.7799011468887329, 'id': 16}, {'box': [1183.68359375, 303.89801025390625, 84.150146484375, 215.65176391601562], 'conf': 0.8096529, 'label_id': 'person', 'sub_labels': 'other', 'sub_labels_conf': 0.9957848191261292, 'id': 6}, {'box': [1614.3004150390625, 359.783203125, 100.529541015625, 191.55172729492188], 'conf': 0.67822814, 'label_id': 'person', 'sub_labels': 'other', 'sub_labels_conf': 0.9974049925804138, 'id': 15}, {'box': [1009.6226806640625, 300.8829345703125, 77.44281005859375, 226.72239685058594], 'conf': 0.7893522, 'label_id': 'person', 'sub_labels': 'other', 'sub_labels_conf': 0.999413251876831, 'id': 17}]"
135,2024/5/22 Wednesday 0:0:5,"[{'box': [923.20458984375, 197.9005126953125, 70.5328369140625, 106.00776672363281], 'conf': 0.78540736, 'label_id': 'person', 'sub_labels': 'other', 'sub_labels_conf': 0.9990409016609192, 'id': 1}, {'box': [268.290771484375, 552.4552612304688, 123.83203125, 279.9394836425781], 'conf': 0.77195555, 'label_id': 'person', 'sub_labels': 'other', 'sub_labels_conf': 0.9999997615814209, 'id': 2}, {'box': [925.9884033203125, 323.5300598144531, 90.2353515625, 214.0880126953125], 'conf': 0.8162903, 'label_id': 'person', 'sub_labels': 'other', 'sub_labels_conf': 0.8702850341796875, 'id': 4}, {'box': [313.101806640625, 552.6268920898438, 113.87167358398438, 243.55337524414062], 'conf': 0.6955744, 'label_id': 'person', 'sub_labels': 'other', 'sub_labels_conf': 0.9999759197235107, 'id': 5}, {'box': [500.2369384765625, 501.08209228515625, 116.30899047851562, 317.5106506347656], 'conf': 0.6702225, 'label_id': 'person', 'sub_labels': 'other', 'sub_labels_conf': 0.8742440938949585, 'id': 8}, {'box': [181.572021484375, 556.7222900390625, 99.98085021972656, 238.03594970703125], 'conf': 0.76487684, 'label_id': 'person', 'sub_labels': 'other', 'sub_labels_conf': 0.9509167075157166, 'id': 9}, {'box': [1216.16259765625, 399.85333251953125, 81.9178466796875, 231.9935302734375], 'conf': 0.82108885, 'label_id': 'person', 'sub_labels': 'other', 'sub_labels_conf': 0.9998828172683716, 'id': 11}, {'box': [406.19384765625, 510.1531677246094, 98.41238403320312, 298.02313232421875], 'conf': 0.76592416, 'label_id': 'person', 'sub_labels': 'other', 'sub_labels_conf': 0.9877153038978577, 'id': 12}, {'box': [1010.080322265625, 195.98255920410156, 68.73980712890625, 72.56692504882812], 'conf': 0.38159162, 'label_id': 'person', 'sub_labels': 'other', 'sub_labels_conf': 0.9830155968666077, 'id': 13}, {'box': [1711.44677734375, 400.41424560546875, 74.2598876953125, 240.33871459960938], 'conf': 0.5214542, 'label_id': 'person', 'sub_labels': 'other', 'sub_labels_conf': 0.9003512859344482, 'id': 16}, {'box': [1183.7144775390625, 303.2995910644531, 83.314208984375, 216.70030212402344], 'conf': 0.802263, 'label_id': 'person', 'sub_labels': 'other', 'sub_labels_conf': 0.996487021446228, 'id': 6}, {'box': [1614.7581787109375, 360.09490966796875, 101.457763671875, 192.42733764648438], 'conf': 0.68295765, 'label_id': 'person', 'sub_labels': 'other', 'sub_labels_conf': 0.9980383515357971, 'id': 15}, {'box': [1006.460205078125, 301.6265869140625, 78.481201171875, 226.73159790039062], 'conf': 0.81503093, 'label_id': 'person', 'sub_labels': 'other', 'sub_labels_conf': 0.9990904331207275, 'id': 17}]"
136,2024/5/22 Wednesday 0:0:5,"[{'box': [923.5189208984375, 197.28570556640625, 70.18353271484375, 105.88426208496094], 'conf': 0.7507266, 'label_id': 'person', 'sub_labels': 'other', 'sub_labels_conf': 0.9995416402816772, 'id': 1}, {'box': [268.0716857910156, 552.318115234375, 123.51695251464844, 280.02825927734375], 'conf': 0.78047705, 'label_id': 'person', 'sub_labels': 'other', 'sub_labels_conf': 0.9999997615814209, 'id': 2}, {'box': [923.5473022460938, 319.53936767578125, 87.7408447265625, 213.26327514648438], 'conf': 0.8135313, 'label_id': 'person', 'sub_labels': 'other', 'sub_labels_conf': 0.9553629159927368, 'id': 4}, {'box': [311.8341979980469, 552.01220703125, 112.72721862792969, 242.29617309570312], 'conf': 0.6884328, 'label_id': 'person', 'sub_labels': 'other', 'sub_labels_conf': 0.9999781847000122, 'id': 5}, {'box': [501.1834716796875, 501.56085205078125, 118.26779174804688, 319.5535888671875], 'conf': 0.6756665, 'label_id': 'person', 'sub_labels': 'other', 'sub_labels_conf': 0.884598433971405, 'id': 8}, {'box': [181.2140350341797, 555.7706909179688, 100.57742309570312, 240.45187377929688], 'conf': 0.7618418, 'label_id': 'person', 'sub_labels': 'other', 'sub_labels_conf': 0.9492976069450378, 'id': 9}, {'box': [1215.157958984375, 399.07769775390625, 85.192626953125, 228.08468627929688], 'conf': 0.8105977, 'label_id': 'person', 'sub_labels': 'other', 'sub_labels_conf': 0.9995008707046509, 'id': 11}, {'box': [406.1134033203125, 509.948486328125, 98.43917846679688, 298.9869079589844], 'conf': 0.7770664, 'label_id': 'person', 'sub_labels': 'other', 'sub_labels_conf': 0.9915876984596252, 'id': 12}, {'box': [1011.0084228515625, 196.41806030273438, 70.138671875, 73.89004516601562], 'conf': 0.33418646, 'label_id': 'person', 'sub_labels': 'other', 'sub_labels_conf': 0.9953024387359619, 'id': 13}, {'box': [1711.342529296875, 401.50213623046875, 74.0760498046875, 238.69363403320312], 'conf': 0.5101489, 'label_id': 'person', 'sub_labels': 'other', 'sub_labels_conf': 0.9048296809196472, 'id': 16}, {'box': [1183.55712890625, 303.1302185058594, 83.0184326171875, 216.67596435546875], 'conf': 0.81497675, 'label_id': 'person', 'sub_labels': 'other', 'sub_labels_conf': 0.9987043142318726, 'id': 6}, {'box': [1615.74365234375, 359.626708984375, 104.6185302734375, 190.47317504882812], 'conf': 0.69518197, 'label_id': 'person', 'sub_labels': 'other', 'sub_labels_conf': 0.9981820583343506, 'id': 15}, {'box': [1003.3106079101562, 301.758056640625, 81.1094970703125, 228.60614013671875], 'conf': 0.82735157, 'label_id': 'person', 'sub_labels': 'other', 'sub_labels_conf': 0.999024510383606, 'id': 17}]"
137,2024/5/22 Wednesday 0:0:5,"[{'box': [923.9052734375, 198.21615600585938, 69.54620361328125, 107.00386047363281], 'conf': 0.76938504, 'label_id': 'person', 'sub_labels': 'other', 'sub_labels_conf': 0.9975981116294861, 'id': 1}, {'box': [268.39764404296875, 551.0425415039062, 123.20831298828125, 278.1922607421875], 'conf': 0.775429, 'label_id': 'person', 'sub_labels': 'other', 'sub_labels_conf': 0.9999997615814209, 'id': 2}, {'box': [921.138427734375, 318.367431640625, 86.45574951171875, 215.80577087402344], 'conf': 0.84989387, 'label_id': 'person', 'sub_labels': 'other', 'sub_labels_conf': 0.9435704946517944, 'id': 4}, {'box': [311.05950927734375, 551.8084106445312, 112.76487731933594, 242.24179077148438], 'conf': 0.6865571, 'label_id': 'person', 'sub_labels': 'other', 'sub_labels_conf': 0.9999814033508301, 'id': 5}, {'box': [501.09979248046875, 502.16845703125, 118.1878662109375, 319.030029296875], 'conf': 0.67234844, 'label_id': 'person', 'sub_labels': 'other', 'sub_labels_conf': 0.9394155740737915, 'id': 8}, {'box': [181.22067260742188, 555.7846069335938, 100.85052490234375, 240.82913208007812], 'conf': 0.7611457, 'label_id': 'person', 'sub_labels': 'other', 'sub_labels_conf': 0.9537019729614258, 'id': 9}, {'box': [1213.388916015625, 396.41986083984375, 86.7999267578125, 228.56698608398438], 'conf': 0.8240921, 'label_id': 'person', 'sub_labels': 'other', 'sub_labels_conf': 0.999957799911499, 'id': 11}, {'box': [405.33990478515625, 509.8372802734375, 99.84396362304688, 299.4251403808594], 'conf': 0.78899485, 'label_id': 'person', 'sub_labels': 'other', 'sub_labels_conf': 0.9871447682380676, 'id': 12}, {'box': [1012.4315795898438, 197.18734741210938, 71.7308349609375, 76.06300354003906], 'conf': 0.34355956, 'label_id': 'person', 'sub_labels': 'other', 'sub_labels_conf': 0.9976182579994202, 'id': 13}, {'box': [1711.6781005859375, 401.1770324707031, 74.300048828125, 239.26629638671875], 'conf': 0.51657313, 'label_id': 'person', 'sub_labels': 'other', 'sub_labels_conf': 0.8787515759468079, 'id': 16}, {'box': [1183.338134765625, 302.72467041015625, 82.7509765625, 216.12744140625], 'conf': 0.81353474, 'label_id': 'person', 'sub_labels': 'other', 'sub_labels_conf': 0.9979923963546753, 'id': 6}, {'box': [1616.514892578125, 359.7440185546875, 107.0950927734375, 190.17556762695312], 'conf': 0.75513136, 'label_id': 'person', 'sub_labels': 'other', 'sub_labels_conf': 0.9977527260780334, 'id': 15}, {'box': [1000.6490478515625, 300.47027587890625, 80.71966552734375, 231.72320556640625], 'conf': 0.7996034, 'label_id': 'person', 'sub_labels': 'other', 'sub_labels_conf': 0.9988541603088379, 'id': 17}, {'box': [77.59783172607422, 649.6193237304688, 153.05690002441406, 269.06787109375], 'conf': 0.61558366, 'label_id': 'person', 'sub_labels': 'other', 'sub_labels_conf': 0.9916091561317444, 'id': 7}]"
138,2024/5/22 Wednesday 0:0:5,"[{'box': [925.3639526367188, 197.40135192871094, 66.3609619140625, 105.48605346679688], 'conf': 0.7646849, 'label_id': 'person', 'sub_labels': 'other', 'sub_labels_conf': 0.9990608096122742, 'id': 1}, {'box': [267.8821105957031, 551.6929931640625, 123.49957275390625, 279.6688537597656], 'conf': 0.77408636, 'label_id': 'person', 'sub_labels': 'other', 'sub_labels_conf': 0.9999997615814209, 'id': 2}, {'box': [919.0797729492188, 317.0081481933594, 86.5345458984375, 215.7713623046875], 'conf': 0.84157795, 'label_id': 'person', 'sub_labels': 'other', 'sub_labels_conf': 0.982980489730835, 'id': 4}, {'box': [311.93536376953125, 554.46337890625, 112.51187133789062, 239.70526123046875], 'conf': 0.7024395, 'label_id': 'person', 'sub_labels': 'other', 'sub_labels_conf': 0.9999773502349854, 'id': 5}, {'box': [500.54644775390625, 502.0928649902344, 117.00607299804688, 316.53643798828125], 'conf': 0.65676457, 'label_id': 'person', 'sub_labels': 'other', 'sub_labels_conf': 0.9037394523620605, 'id': 8}, {'box': [181.1004180908203, 556.494384765625, 100.48275756835938, 239.62704467773438], 'conf': 0.75598794, 'label_id': 'person', 'sub_labels': 'other', 'sub_labels_conf': 0.9418761730194092, 'id': 9}, {'box': [1212.7982177734375, 395.44091796875, 88.54150390625, 226.77175903320312], 'conf': 0.8293708, 'label_id': 'person', 'sub_labels': 'other', 'sub_labels_conf': 0.999833345413208, 'id': 11}, {'box': [404.8880615234375, 510.4594421386719, 100.81292724609375, 298.26385498046875], 'conf': 0.7894927, 'label_id': 'person', 'sub_labels': 'other', 'sub_labels_conf': 0.9884766340255737, 'id': 12}, {'box': [1018.5565185546875, 197.89129638671875, 60.79302978515625, 80.02203369140625], 'conf': 0.28992757, 'label_id': 'person', 'sub_labels': 'other', 'sub_labels_conf': 0.9872586131095886, 'id': 13}, {'box': [1711.84033203125, 403.8576354980469, 74.1400146484375, 234.04571533203125], 'conf': 0.52018034, 'label_id': 'person', 'sub_labels': 'other', 'sub_labels_conf': 0.9285251498222351, 'id': 16}, {'box': [1183.38818359375, 302.6995849609375, 82.9398193359375, 215.62586975097656], 'conf': 0.81714827, 'label_id': 'person', 'sub_labels': 'other', 'sub_labels_conf': 0.9965918064117432, 'id': 6}, {'box': [1615.7421875, 359.5439453125, 105.86474609375, 189.54519653320312], 'conf': 0.76894915, 'label_id': 'person', 'sub_labels': 'other', 'sub_labels_conf': 0.9982548356056213, 'id': 15}, {'box': [998.513427734375, 299.902587890625, 81.451904296875, 231.0069580078125], 'conf': 0.82053345, 'label_id': 'person', 'sub_labels': 'other', 'sub_labels_conf': 0.9986683130264282, 'id': 17}, {'box': [77.5246353149414, 648.4612426757812, 152.6422576904297, 270.341796875], 'conf': 0.6976099, 'label_id': 'person', 'sub_labels': 'other', 'sub_labels_conf': 0.9901838898658752, 'id': 7}]"
139,2024/5/22 Wednesday 0:0:5,"[{'box': [926.443603515625, 197.743408203125, 64.60968017578125, 106.54258728027344], 'conf': 0.7329204, 'label_id': 'person', 'sub_labels': 'other', 'sub_labels_conf': 0.9996674060821533, 'id': 1}, {'box': [268.3486022949219, 551.136474609375, 123.43128967285156, 277.7215881347656], 'conf': 0.7693108, 'label_id': 'person', 'sub_labels': 'other', 'sub_labels_conf': 0.9999996423721313, 'id': 2}, {'box': [915.1497802734375, 315.7237854003906, 85.52606201171875, 217.68153381347656], 'conf': 0.839082, 'label_id': 'person', 'sub_labels': 'other', 'sub_labels_conf': 0.9834297895431519, 'id': 4}, {'box': [312.3497314453125, 556.0242919921875, 111.56039428710938, 238.4097900390625], 'conf': 0.7138037, 'label_id': 'person', 'sub_labels': 'other', 'sub_labels_conf': 0.9999099969863892, 'id': 5}, {'box': [500.35467529296875, 501.6324157714844, 116.47067260742188, 316.84014892578125], 'conf': 0.6110978, 'label_id': 'person', 'sub_labels': 'other', 'sub_labels_conf': 0.8855594396591187, 'id': 8}, {'box': [180.86123657226562, 556.1888427734375, 100.11396789550781, 240.16656494140625], 'conf': 0.7620448, 'label_id': 'person', 'sub_labels': 'other', 'sub_labels_conf': 0.8248080611228943, 'id': 9}, {'box': [1212.5, 394.513427734375, 89.6683349609375, 226.53598022460938], 'conf': 0.81907314, 'label_id': 'person', 'sub_labels': 'other', 'sub_labels_conf': 0.9998964071273804, 'id': 11}, {'box': [404.48541259765625, 510.1363525390625, 101.11135864257812, 299.4510498046875], 'conf': 0.791644, 'label_id': 'person', 'sub_labels': 'other', 'sub_labels_conf': 0.9899864792823792, 'id': 12}, {'box': [1021.1541137695312, 197.7052764892578, 55.1180419921875, 80.57577514648438], 'conf': 0.3096453, 'label_id': 'person', 'sub_labels': 'other', 'sub_labels_conf': 0.9743137955665588, 'id': 13}, {'box': [1712.306640625, 405.4331970214844, 73.6988525390625, 230.79205322265625], 'conf': 0.4967285, 'label_id': 'person', 'sub_labels': 'other', 'sub_labels_conf': 0.8814014792442322, 'id': 16}, {'box': [1183.306640625, 302.7626953125, 82.7691650390625, 215.78968811035156], 'conf': 0.8116267, 'label_id': 'person', 'sub_labels': 'other', 'sub_labels_conf': 0.9951633214950562, 'id': 6}, {'box': [1616.283447265625, 359.6218566894531, 105.9681396484375, 189.90478515625], 'conf': 0.7447048, 'label_id': 'person', 'sub_labels': 'other', 'sub_labels_conf': 0.9980218410491943, 'id': 15}, {'box': [996.7332153320312, 298.3369140625, 83.1480712890625, 227.8079376220703], 'conf': 0.817222, 'label_id': 'person', 'sub_labels': 'other', 'sub_labels_conf': 0.9988046884536743, 'id': 17}, {'box': [77.71461486816406, 648.272216796875, 152.40750122070312, 270.66119384765625], 'conf': 0.60116285, 'label_id': 'person', 'sub_labels': 'other', 'sub_labels_conf': 0.9803470373153687, 'id': 7}]"
140,2024/5/22 Wednesday 0:0:5,"[{'box': [928.0341796875, 199.25894165039062, 62.8067626953125, 109.34109497070312], 'conf': 0.6937198, 'label_id': 'person', 'sub_labels': 'other', 'sub_labels_conf': 0.9995654225349426, 'id': 1}, {'box': [268.7601013183594, 550.8850708007812, 123.7529296875, 277.1031799316406], 'conf': 0.7722619, 'label_id': 'person', 'sub_labels': 'other', 'sub_labels_conf': 0.9999997615814209, 'id': 2}, {'box': [913.968017578125, 314.75933837890625, 87.48907470703125, 216.73977661132812], 'conf': 0.8347484, 'label_id': 'person', 'sub_labels': 'other', 'sub_labels_conf': 0.9850249290466309, 'id': 4}, {'box': [313.2628173828125, 557.1212768554688, 112.59005737304688, 238.36959838867188], 'conf': 0.7162327, 'label_id': 'person', 'sub_labels': 'other', 'sub_labels_conf': 0.9998252987861633, 'id': 5}, {'box': [500.1508483886719, 501.01446533203125, 116.90435791015625, 318.014892578125], 'conf': 0.588609, 'label_id': 'person', 'sub_labels': 'other', 'sub_labels_conf': 0.8836652040481567, 'id': 8}, {'box': [180.85311889648438, 556.6737670898438, 99.70600891113281, 239.22891235351562], 'conf': 0.7666199, 'label_id': 'person', 'sub_labels': 'other', 'sub_labels_conf': 0.8249767422676086, 'id': 9}, {'box': [1210.35009765625, 394.55560302734375, 89.3360595703125, 225.99826049804688], 'conf': 0.8405519, 'label_id': 'person', 'sub_labels': 'other', 'sub_labels_conf': 0.999944806098938, 'id': 11}, {'box': [404.33343505859375, 509.331298828125, 101.60137939453125, 301.2264099121094], 'conf': 0.7836269, 'label_id': 'person', 'sub_labels': 'other', 'sub_labels_conf': 0.9820685982704163, 'id': 12}, {'box': [1022.396728515625, 204.37281799316406, 50.89385986328125, 95.01895141601562], 'conf': 0.36111918, 'label_id': 'person', 'sub_labels': 'other', 'sub_labels_conf': 0.9752187132835388, 'id': 13}, {'box': [1712.52978515625, 412.00738525390625, 72.9208984375, 216.39266967773438], 'conf': 0.5177624, 'label_id': 'person', 'sub_labels': 'other', 'sub_labels_conf': 0.8899294137954712, 'id': 16}, {'box': [1183.358154296875, 302.4363708496094, 83.0177001953125, 215.23541259765625], 'conf': 0.8083906, 'label_id': 'person', 'sub_labels': 'other', 'sub_labels_conf': 0.9977589845657349, 'id': 6}, {'box': [1615.8560791015625, 359.5833435058594, 104.68994140625, 189.9288330078125], 'conf': 0.7526079, 'label_id': 'person', 'sub_labels': 'other', 'sub_labels_conf': 0.9983705878257751, 'id': 15}, {'box': [995.2910766601562, 295.0453186035156, 81.7342529296875, 219.53477478027344], 'conf': 0.8144404, 'label_id': 'person', 'sub_labels': 'other', 'sub_labels_conf': 0.9963339567184448, 'id': 17}, {'box': [77.40496063232422, 647.396240234375, 151.7450714111328, 267.2835693359375], 'conf': 0.5922476, 'label_id': 'person', 'sub_labels': 'other', 'sub_labels_conf': 0.9580982327461243, 'id': 7}]"
141,2024/5/22 Wednesday 0:0:5,"[{'box': [928.841064453125, 199.11502075195312, 63.3704833984375, 109.75013732910156], 'conf': 0.7278885, 'label_id': 'person', 'sub_labels': 'other', 'sub_labels_conf': 0.9997469782829285, 'id': 1}, {'box': [268.5438232421875, 550.9738159179688, 123.49539184570312, 276.3939208984375], 'conf': 0.760206, 'label_id': 'person', 'sub_labels': 'other', 'sub_labels_conf': 0.9999998807907104, 'id': 2}, {'box': [911.0228271484375, 311.07275390625, 88.0462646484375, 219.25523376464844], 'conf': 0.8459937, 'label_id': 'person', 'sub_labels': 'other', 'sub_labels_conf': 0.9847965240478516, 'id': 4}, {'box': [313.3724365234375, 556.774169921875, 112.84463500976562, 241.08917236328125], 'conf': 0.71281433, 'label_id': 'person', 'sub_labels': 'other', 'sub_labels_conf': 0.9999057054519653, 'id': 5}, {'box': [500.1677551269531, 500.78131103515625, 117.13983154296875, 317.8821716308594], 'conf': 0.5870586, 'label_id': 'person', 'sub_labels': 'other', 'sub_labels_conf': 0.8411402106285095, 'id': 8}, {'box': [181.16305541992188, 557.8077392578125, 99.23200988769531, 236.65249633789062], 'conf': 0.77668446, 'label_id': 'person', 'sub_labels': 'other', 'sub_labels_conf': 0.8620072603225708, 'id': 9}, {'box': [1211.388427734375, 394.1128234863281, 87.7779541015625, 224.64935302734375], 'conf': 0.8449242, 'label_id': 'person', 'sub_labels': 'other', 'sub_labels_conf': 0.9987252354621887, 'id': 11}, {'box': [404.9554443359375, 508.9169006347656, 100.40524291992188, 302.00311279296875], 'conf': 0.7732555, 'label_id': 'person', 'sub_labels': 'other', 'sub_labels_conf': 0.9876049757003784, 'id': 12}, {'box': [1023.5980224609375, 205.97640991210938, 48.96820068359375, 100.62348937988281], 'conf': 0.52305055, 'label_id': 'person', 'sub_labels': 'other', 'sub_labels_conf': 0.9885254502296448, 'id': 13}, {'box': [1712.9407958984375, 414.857666015625, 72.82177734375, 209.44241333007812], 'conf': 0.49715513, 'label_id': 'person', 'sub_labels': 'other', 'sub_labels_conf': 0.8987683653831482, 'id': 16}, {'box': [1183.001953125, 302.1689453125, 82.3311767578125, 214.96566772460938], 'conf': 0.79025304, 'label_id': 'person', 'sub_labels': 'other', 'sub_labels_conf': 0.9962276220321655, 'id': 6}, {'box': [1614.855712890625, 358.724609375, 103.2579345703125, 188.37991333007812], 'conf': 0.7787249, 'label_id': 'person', 'sub_labels': 'other', 'sub_labels_conf': 0.9996163845062256, 'id': 15}, {'box': [993.6112060546875, 293.5201721191406, 83.43658447265625, 216.099853515625], 'conf': 0.8187238, 'label_id': 'person', 'sub_labels': 'other', 'sub_labels_conf': 0.9974306225776672, 'id': 17}, {'box': [76.19051361083984, 644.6270751953125, 149.29368591308594, 265.69378662109375], 'conf': 0.5091253, 'label_id': 'person', 'sub_labels': 'other', 'sub_labels_conf': 0.994206428527832, 'id': 7}]"
142,2024/5/22 Wednesday 0:0:5,"[{'box': [929.2500610351562, 199.72274780273438, 62.8004150390625, 113.97308349609375], 'conf': 0.7078138, 'label_id': 'person', 'sub_labels': 'other', 'sub_labels_conf': 0.999675989151001, 'id': 1}, {'box': [268.4969177246094, 551.324951171875, 123.82078552246094, 275.727783203125], 'conf': 0.777225, 'label_id': 'person', 'sub_labels': 'other', 'sub_labels_conf': 0.9999997615814209, 'id': 2}, {'box': [908.13720703125, 309.4456481933594, 87.43524169921875, 221.93902587890625], 'conf': 0.85451907, 'label_id': 'person', 'sub_labels': 'other', 'sub_labels_conf': 0.9820581078529358, 'id': 4}, {'box': [313.269775390625, 555.79541015625, 112.98004150390625, 240.43563842773438], 'conf': 0.7088095, 'label_id': 'person', 'sub_labels': 'other', 'sub_labels_conf': 0.9999047517776489, 'id': 5}, {'box': [499.7635192871094, 500.68988037109375, 116.93377685546875, 317.18359375], 'conf': 0.5555011, 'label_id': 'person', 'sub_labels': 'other', 'sub_labels_conf': 0.9135945439338684, 'id': 8}, {'box': [181.31146240234375, 558.0538940429688, 98.23272705078125, 235.72677612304688], 'conf': 0.7940384, 'label_id': 'person', 'sub_labels': 'other', 'sub_labels_conf': 0.8276211023330688, 'id': 9}, {'box': [1210.150146484375, 392.56365966796875, 92.10107421875, 221.75259399414062], 'conf': 0.85065866, 'label_id': 'person', 'sub_labels': 'other', 'sub_labels_conf': 0.9999752044677734, 'id': 11}, {'box': [404.4839172363281, 509.3792724609375, 101.09808349609375, 301.3822021484375], 'conf': 0.7747978, 'label_id': 'person', 'sub_labels': 'other', 'sub_labels_conf': 0.9837530851364136, 'id': 12}, {'box': [1023.653076171875, 210.50393676757812, 48.86077880859375, 110.24418640136719], 'conf': 0.5084716, 'label_id': 'person', 'sub_labels': 'other', 'sub_labels_conf': 0.9803691506385803, 'id': 13}, {'box': [1713.3084716796875, 409.5654296875, 72.932861328125, 221.682861328125], 'conf': 0.4972053, 'label_id': 'person', 'sub_labels': 'other', 'sub_labels_conf': 0.891446053981781, 'id': 16}, {'box': [1182.9730224609375, 300.476806640625, 82.155029296875, 210.24249267578125], 'conf': 0.7676719, 'label_id': 'person', 'sub_labels': 'other', 'sub_labels_conf': 0.9673187136650085, 'id': 6}, {'box': [1614.0677490234375, 358.6485595703125, 102.741943359375, 187.79446411132812], 'conf': 0.7075611, 'label_id': 'person', 'sub_labels': 'other', 'sub_labels_conf': 0.9994927644729614, 'id': 15}, {'box': [992.4085693359375, 285.38543701171875, 83.02069091796875, 200.255126953125], 'conf': 0.801521, 'label_id': 'person', 'sub_labels': 'other', 'sub_labels_conf': 0.9998248219490051, 'id': 17}, {'box': [76.35421752929688, 646.621337890625, 149.46560668945312, 264.84808349609375], 'conf': 0.7380943, 'label_id': 'person', 'sub_labels': 'other', 'sub_labels_conf': 0.9654037952423096, 'id': 7}]"
143,2024/5/22 Wednesday 0:0:5,"[{'box': [930.099609375, 198.68505859375, 62.75457763671875, 113.29702758789062], 'conf': 0.6971323, 'label_id': 'person', 'sub_labels': 'other', 'sub_labels_conf': 0.9995896220207214, 'id': 1}, {'box': [268.4609375, 551.5025634765625, 124.73959350585938, 275.32635498046875], 'conf': 0.72671413, 'label_id': 'person', 'sub_labels': 'other', 'sub_labels_conf': 0.9999997615814209, 'id': 2}, {'box': [907.6585083007812, 308.06390380859375, 89.7587890625, 221.48423767089844], 'conf': 0.86179894, 'label_id': 'person', 'sub_labels': 'other', 'sub_labels_conf': 0.962378740310669, 'id': 4}, {'box': [314.111572265625, 554.1334228515625, 115.39089965820312, 238.45974731445312], 'conf': 0.6811086, 'label_id': 'person', 'sub_labels': 'other', 'sub_labels_conf': 0.999942421913147, 'id': 5}, {'box': [499.15679931640625, 501.7923583984375, 117.50521850585938, 314.87890625], 'conf': 0.43303847, 'label_id': 'person', 'sub_labels': 'other', 'sub_labels_conf': 0.9531174898147583, 'id': 8}, {'box': [181.42706298828125, 557.713134765625, 98.64404296875, 236.30364990234375], 'conf': 0.7910357, 'label_id': 'person', 'sub_labels': 'other', 'sub_labels_conf': 0.9059928059577942, 'id': 9}, {'box': [1208.5726318359375, 392.033203125, 93.59619140625, 221.495849609375], 'conf': 0.8369655, 'label_id': 'person', 'sub_labels': 'other', 'sub_labels_conf': 0.9999723434448242, 'id': 11}, {'box': [406.42071533203125, 509.615966796875, 97.90353393554688, 301.1504821777344], 'conf': 0.77399033, 'label_id': 'person', 'sub_labels': 'other', 'sub_labels_conf': 0.9918631315231323, 'id': 12}, {'box': [1023.643310546875, 213.51016235351562, 48.099853515625, 116.56587219238281], 'conf': 0.47863272, 'label_id': 'person', 'sub_labels': 'other', 'sub_labels_conf': 0.9898903369903564, 'id': 13}, {'box': [1713.82861328125, 408.7301025390625, 72.4940185546875, 223.9833984375], 'conf': 0.4974699, 'label_id': 'person', 'sub_labels': 'other', 'sub_labels_conf': 0.8746116161346436, 'id': 16}, {'box': [1182.47314453125, 300.5194091796875, 82.4610595703125, 210.9751739501953], 'conf': 0.7216009, 'label_id': 'person', 'sub_labels': 'other', 'sub_labels_conf': 0.9583373069763184, 'id': 6}, {'box': [1618.02734375, 359.3147888183594, 108.9444580078125, 191.1492919921875], 'conf': 0.64579976, 'label_id': 'person', 'sub_labels': 'other', 'sub_labels_conf': 0.9988049268722534, 'id': 15}, {'box': [992.3026733398438, 280.4424743652344, 82.2554931640625, 191.60462951660156], 'conf': 0.80555457, 'label_id': 'person', 'sub_labels': 'other', 'sub_labels_conf': 0.9994574189186096, 'id': 17}, {'box': [76.3555908203125, 645.5831298828125, 149.79721069335938, 267.53076171875], 'conf': 0.6692015, 'label_id': 'person', 'sub_labels': 'other', 'sub_labels_conf': 0.9794584512710571, 'id': 7}]"
144,2024/5/22 Wednesday 0:0:5,"[{'box': [931.3538818359375, 199.5905303955078, 62.88165283203125, 116.88449096679688], 'conf': 0.72848284, 'label_id': 'person', 'sub_labels': 'other', 'sub_labels_conf': 0.9989697933197021, 'id': 1}, {'box': [267.7149353027344, 552.02490234375, 125.38716125488281, 275.8294677734375], 'conf': 0.66499937, 'label_id': 'person', 'sub_labels': 'other', 'sub_labels_conf': 0.9999998807907104, 'id': 2}, {'box': [906.30126953125, 307.7086181640625, 91.8515625, 221.99232482910156], 'conf': 0.8551858, 'label_id': 'person', 'sub_labels': 'other', 'sub_labels_conf': 0.98052579164505, 'id': 4}, {'box': [312.7134704589844, 553.48974609375, 116.91252136230469, 239.45010375976562], 'conf': 0.6316195, 'label_id': 'person', 'sub_labels': 'other', 'sub_labels_conf': 0.9999133348464966, 'id': 5}, {'box': [498.2219543457031, 502.16619873046875, 116.52679443359375, 313.3179626464844], 'conf': 0.41337228, 'label_id': 'person', 'sub_labels': 'other', 'sub_labels_conf': 0.9740496277809143, 'id': 8}, {'box': [181.4024200439453, 557.5874633789062, 98.59130859375, 236.21609497070312], 'conf': 0.79707056, 'label_id': 'person', 'sub_labels': 'other', 'sub_labels_conf': 0.9108973741531372, 'id': 9}, {'box': [1208.7501220703125, 391.7955322265625, 96.036376953125, 220.72152709960938], 'conf': 0.8481688, 'label_id': 'person', 'sub_labels': 'other', 'sub_labels_conf': 0.9999904632568359, 'id': 11}, {'box': [404.9803771972656, 508.64111328125, 99.91424560546875, 303.0450744628906], 'conf': 0.7730776, 'label_id': 'person', 'sub_labels': 'other', 'sub_labels_conf': 0.9776709079742432, 'id': 12}, {'box': [1023.80712890625, 212.69631958007812, 49.37152099609375, 115.5728759765625], 'conf': 0.59230286, 'label_id': 'person', 'sub_labels': 'other', 'sub_labels_conf': 0.9847851991653442, 'id': 13}, {'box': [1715.005126953125, 411.53240966796875, 73.9638671875, 218.18710327148438], 'conf': 0.400944, 'label_id': 'person', 'sub_labels': 'other', 'sub_labels_conf': 0.8859242796897888, 'id': 16}, {'box': [1182.2540283203125, 299.640625, 82.304931640625, 208.73460388183594], 'conf': 0.72419107, 'label_id': 'person', 'sub_labels': 'other', 'sub_labels_conf': 0.9627876281738281, 'id': 6}, {'box': [1621.48876953125, 359.2382507324219, 115.5169677734375, 191.51702880859375], 'conf': 0.6028174, 'label_id': 'person', 'sub_labels': 'other', 'sub_labels_conf': 0.9986990690231323, 'id': 15}, {'box': [992.8409423828125, 283.624267578125, 80.84429931640625, 200.27670288085938], 'conf': 0.7470155, 'label_id': 'person', 'sub_labels': 'other', 'sub_labels_conf': 0.9993228912353516, 'id': 17}, {'box': [76.22574615478516, 645.02001953125, 149.58811950683594, 270.2776794433594], 'conf': 0.58521783, 'label_id': 'person', 'sub_labels': 'other', 'sub_labels_conf': 0.9762704968452454, 'id': 7}]"
145,2024/5/22 Wednesday 0:0:5,"[{'box': [931.890380859375, 199.11312866210938, 63.52935791015625, 118.45671081542969], 'conf': 0.7292998, 'label_id': 'person', 'sub_labels': 'other', 'sub_labels_conf': 0.9990816116333008, 'id': 1}, {'box': [267.467041015625, 552.0786743164062, 125.89195251464844, 276.08935546875], 'conf': 0.6097565, 'label_id': 'person', 'sub_labels': 'other', 'sub_labels_conf': 1.0, 'id': 2}, {'box': [905.7333984375, 306.6557922363281, 94.91900634765625, 220.81507873535156], 'conf': 0.8483066, 'label_id': 'person', 'sub_labels': 'other', 'sub_labels_conf': 0.9763630628585815, 'id': 4}, {'box': [314.0042724609375, 553.434326171875, 122.90945434570312, 240.18121337890625], 'conf': 0.6328144, 'label_id': 'person', 'sub_labels': 'other', 'sub_labels_conf': 0.9999604225158691, 'id': 5}, {'box': [497.74151611328125, 503.2721252441406, 116.32077026367188, 310.75738525390625], 'conf': 0.39416024, 'label_id': 'person', 'sub_labels': 'other', 'sub_labels_conf': 0.9799208045005798, 'id': 8}, {'box': [181.35577392578125, 557.5602416992188, 98.28866577148438, 236.278564453125], 'conf': 0.81170064, 'label_id': 'person', 'sub_labels': 'other', 'sub_labels_conf': 0.9170415997505188, 'id': 9}, {'box': [1208.1669921875, 391.5377197265625, 95.949951171875, 221.50726318359375], 'conf': 0.8244785, 'label_id': 'person', 'sub_labels': 'other', 'sub_labels_conf': 0.999985933303833, 'id': 11}, {'box': [405.43499755859375, 508.2447509765625, 98.85153198242188, 303.7037353515625], 'conf': 0.76970685, 'label_id': 'person', 'sub_labels': 'other', 'sub_labels_conf': 0.9773007035255432, 'id': 12}, {'box': [1023.7568359375, 216.90716552734375, 50.96502685546875, 124.28315734863281], 'conf': 0.61864305, 'label_id': 'person', 'sub_labels': 'other', 'sub_labels_conf': 0.9732040166854858, 'id': 13}, {'box': [1715.4041748046875, 416.0128173828125, 74.79931640625, 208.18673706054688], 'conf': 0.44425368, 'label_id': 'person', 'sub_labels': 'other', 'sub_labels_conf': 0.8588976860046387, 'id': 16}, {'box': [1182.2431640625, 289.7320556640625, 81.5330810546875, 187.52845764160156], 'conf': 0.7735619, 'label_id': 'person', 'sub_labels': 'other', 'sub_labels_conf': 0.9965527057647705, 'id': 6}, {'box': [1627.400146484375, 357.729736328125, 127.0406494140625, 188.75479125976562], 'conf': 0.57740515, 'label_id': 'person', 'sub_labels': 'other', 'sub_labels_conf': 0.9948503375053406, 'id': 15}, {'box': [992.7927856445312, 290.92095947265625, 79.8306884765625, 215.06610107421875], 'conf': 0.7032836, 'label_id': 'person', 'sub_labels': 'other', 'sub_labels_conf': 0.9985107779502869, 'id': 17}, {'box': [76.45457458496094, 643.3199462890625, 150.08682250976562, 271.157958984375], 'conf': 0.37250414, 'label_id': 'person', 'sub_labels': 'other', 'sub_labels_conf': 0.9739786386489868, 'id': 7}]"
146,2024/5/22 Wednesday 0:0:5,"[{'box': [932.9158325195312, 199.34405517578125, 63.54541015625, 120.73100280761719], 'conf': 0.7341363, 'label_id': 'person', 'sub_labels': 'other', 'sub_labels_conf': 0.9994576573371887, 'id': 1}, {'box': [267.50054931640625, 551.7566528320312, 125.93890380859375, 277.1067810058594], 'conf': 0.6263361, 'label_id': 'person', 'sub_labels': 'other', 'sub_labels_conf': 0.9999998807907104, 'id': 2}, {'box': [905.193359375, 305.5745849609375, 95.58587646484375, 220.31265258789062], 'conf': 0.8386884, 'label_id': 'person', 'sub_labels': 'other', 'sub_labels_conf': 0.9688131213188171, 'id': 4}, {'box': [312.419921875, 553.1019287109375, 121.24272155761719, 242.98614501953125], 'conf': 0.602517, 'label_id': 'person', 'sub_labels': 'other', 'sub_labels_conf': 0.9999704360961914, 'id': 5}, {'box': [497.036376953125, 503.7121887207031, 116.9915771484375, 309.76434326171875], 'conf': 0.35622957, 'label_id': 'person', 'sub_labels': 'other', 'sub_labels_conf': 0.9801590442657471, 'id': 8}, {'box': [181.2822265625, 556.38818359375, 97.99365234375, 238.61148071289062], 'conf': 0.8008122, 'label_id': 'person', 'sub_labels': 'other', 'sub_labels_conf': 0.9075515866279602, 'id': 9}, {'box': [1206.5374755859375, 389.53607177734375, 98.042724609375, 222.46170043945312], 'conf': 0.82587147, 'label_id': 'person', 'sub_labels': 'other', 'sub_labels_conf': 0.9999667406082153, 'id': 11}, {'box': [404.46563720703125, 507.7998046875, 100.974609375, 304.5059814453125], 'conf': 0.77200204, 'label_id': 'person', 'sub_labels': 'other', 'sub_labels_conf': 0.9818395972251892, 'id': 12}, {'box': [1023.1256103515625, 215.87860107421875, 50.169189453125, 122.96818542480469], 'conf': 0.56700903, 'label_id': 'person', 'sub_labels': 'other', 'sub_labels_conf': 0.9717670679092407, 'id': 13}, {'box': [1715.43798828125, 405.3318176269531, 77.1915283203125, 228.59649658203125], 'conf': 0.31016663, 'label_id': 'person', 'sub_labels': 'other', 'sub_labels_conf': 0.8837267160415649, 'id': 16}, {'box': [1181.6802978515625, 284.682861328125, 81.2158203125, 177.37588500976562], 'conf': 0.7624939, 'label_id': 'person', 'sub_labels': 'other', 'sub_labels_conf': 0.9952006340026855, 'id': 6}, {'box': [1631.20751953125, 357.2939147949219, 134.576171875, 187.83367919921875], 'conf': 0.59281826, 'label_id': 'person', 'sub_labels': 'other', 'sub_labels_conf': 0.9915995597839355, 'id': 15}, {'box': [992.639404296875, 294.9930419921875, 79.832275390625, 218.75804138183594], 'conf': 0.7292667, 'label_id': 'person', 'sub_labels': 'other', 'sub_labels_conf': 0.9882116913795471, 'id': 17}, {'box': [76.81063842773438, 642.7625732421875, 150.98468017578125, 268.2043151855469], 'conf': 0.41629627, 'label_id': 'person', 'sub_labels': 'other', 'sub_labels_conf': 0.9888265132904053, 'id': 7}]"
147,2024/5/22 Wednesday 0:0:5,"[{'box': [934.405517578125, 199.17245483398438, 64.72247314453125, 124.22993469238281], 'conf': 0.7140559, 'label_id': 'person', 'sub_labels': 'other', 'sub_labels_conf': 0.9992882609367371, 'id': 1}, {'box': [268.3577880859375, 551.453125, 126.20932006835938, 276.50177001953125], 'conf': 0.7309754, 'label_id': 'person', 'sub_labels': 'other', 'sub_labels_conf': 1.0, 'id': 2}, {'box': [905.6375122070312, 305.9241638183594, 95.36669921875, 221.65855407714844], 'conf': 0.8603187, 'label_id': 'person', 'sub_labels': 'other', 'sub_labels_conf': 0.9750396013259888, 'id': 4}, {'box': [310.40423583984375, 552.9939575195312, 117.53285217285156, 243.949462890625], 'conf': 0.6140679, 'label_id': 'person', 'sub_labels': 'other', 'sub_labels_conf': 0.9999814033508301, 'id': 5}, {'box': [496.9442138671875, 503.68408203125, 116.8170166015625, 310.3730163574219], 'conf': 0.37605065, 'label_id': 'person', 'sub_labels': 'other', 'sub_labels_conf': 0.977637767791748, 'id': 8}, {'box': [181.12869262695312, 555.891357421875, 97.66360473632812, 239.78167724609375], 'conf': 0.7971976, 'label_id': 'person', 'sub_labels': 'other', 'sub_labels_conf': 0.9795545339584351, 'id': 9}, {'box': [1205.578125, 383.7503662109375, 100.7266845703125, 234.58218383789062], 'conf': 0.8399059, 'label_id': 'person', 'sub_labels': 'other', 'sub_labels_conf': 0.9999582767486572, 'id': 11}, {'box': [404.11383056640625, 507.3421630859375, 101.53024291992188, 305.4684753417969], 'conf': 0.7871527, 'label_id': 'person', 'sub_labels': 'other', 'sub_labels_conf': 0.9835764765739441, 'id': 12}, {'box': [1022.882568359375, 215.30532836914062, 49.35479736328125, 124.85264587402344], 'conf': 0.607077, 'label_id': 'person', 'sub_labels': 'other', 'sub_labels_conf': 0.9687501192092896, 'id': 13}, {'box': [1717.3748779296875, 411.9852294921875, 73.720947265625, 213.25802612304688], 'conf': 0.41896954, 'label_id': 'person', 'sub_labels': 'other', 'sub_labels_conf': 0.7357269525527954, 'id': 16}, {'box': [1181.5693359375, 281.1002197265625, 79.6500244140625, 169.41648864746094], 'conf': 0.7765324, 'label_id': 'person', 'sub_labels': 'other', 'sub_labels_conf': 0.9969504475593567, 'id': 6}, {'box': [1620.8321533203125, 357.5027770996094, 115.5419921875, 186.154052734375], 'conf': 0.65918624, 'label_id': 'person', 'sub_labels': 'other', 'sub_labels_conf': 0.9980853796005249, 'id': 15}, {'box': [992.5470581054688, 297.6121520996094, 79.5030517578125, 221.59747314453125], 'conf': 0.7422401, 'label_id': 'person', 'sub_labels': 'other', 'sub_labels_conf': 0.9654112458229065, 'id': 17}, {'box': [77.58197021484375, 643.308837890625, 151.73492431640625, 269.72113037109375], 'conf': 0.39904395, 'label_id': 'person', 'sub_labels': 'other', 'sub_labels_conf': 0.9588460922241211, 'id': 7}]"
148,2024/5/22 Wednesday 0:0:5,"[{'box': [935.7227783203125, 196.94302368164062, 65.18035888671875, 121.90495300292969], 'conf': 0.6863175, 'label_id': 'person', 'sub_labels': 'other', 'sub_labels_conf': 0.9996021389961243, 'id': 1}, {'box': [268.9630126953125, 551.3662109375, 127.54365539550781, 276.39898681640625], 'conf': 0.7774458, 'label_id': 'person', 'sub_labels': 'other', 'sub_labels_conf': 0.9999998807907104, 'id': 2}, {'box': [906.4124755859375, 303.89666748046875, 93.0135498046875, 219.47731018066406], 'conf': 0.84443897, 'label_id': 'person', 'sub_labels': 'other', 'sub_labels_conf': 0.9674540162086487, 'id': 4}, {'box': [309.4693603515625, 552.5554809570312, 116.29696655273438, 244.25918579101562], 'conf': 0.5916242, 'label_id': 'person', 'sub_labels': 'other', 'sub_labels_conf': 0.9999731779098511, 'id': 5}, {'box': [497.4071044921875, 503.87640380859375, 118.17477416992188, 310.0701904296875], 'conf': 0.38974965, 'label_id': 'person', 'sub_labels': 'other', 'sub_labels_conf': 0.9744178056716919, 'id': 8}, {'box': [181.1123046875, 555.5841064453125, 97.51458740234375, 240.50067138671875], 'conf': 0.79113555, 'label_id': 'person', 'sub_labels': 'other', 'sub_labels_conf': 0.9696577191352844, 'id': 9}, {'box': [1205.9925537109375, 383.31158447265625, 99.97119140625, 232.96630859375], 'conf': 0.8318767, 'label_id': 'person', 'sub_labels': 'other', 'sub_labels_conf': 0.9999361038208008, 'id': 11}, {'box': [403.15618896484375, 507.4972229003906, 103.54766845703125, 305.82440185546875], 'conf': 0.7755159, 'label_id': 'person', 'sub_labels': 'other', 'sub_labels_conf': 0.9747233986854553, 'id': 12}, {'box': [1021.72216796875, 215.13433837890625, 50.25006103515625, 127.61578369140625], 'conf': 0.56187063, 'label_id': 'person', 'sub_labels': 'other', 'sub_labels_conf': 0.959900975227356, 'id': 13}, {'box': [1718.264404296875, 416.1436767578125, 75.9002685546875, 201.7484130859375], 'conf': 0.46583626, 'label_id': 'person', 'sub_labels': 'other', 'sub_labels_conf': 0.8685059547424316, 'id': 16}, {'box': [1181.425048828125, 277.70819091796875, 79.3265380859375, 162.6814422607422], 'conf': 0.7718787, 'label_id': 'person', 'sub_labels': 'other', 'sub_labels_conf': 0.9958019852638245, 'id': 6}, {'box': [1619.41552734375, 357.48577880859375, 111.201171875, 187.6866455078125], 'conf': 0.59781253, 'label_id': 'person', 'sub_labels': 'other', 'sub_labels_conf': 0.999293327331543, 'id': 15}, {'box': [992.3554077148438, 293.4870300292969, 79.5306396484375, 211.83653259277344], 'conf': 0.7625777, 'label_id': 'person', 'sub_labels': 'other', 'sub_labels_conf': 0.9817572236061096, 'id': 17}, {'box': [78.34222412109375, 642.6341552734375, 151.87579345703125, 272.57049560546875], 'conf': 0.4680823, 'label_id': 'person', 'sub_labels': 'other', 'sub_labels_conf': 0.9116368889808655, 'id': 7}]"
149,2024/5/22 Wednesday 0:0:5,"[{'box': [936.0401611328125, 193.9365234375, 65.12310791015625, 117.23280334472656], 'conf': 0.6621009, 'label_id': 'person', 'sub_labels': 'other', 'sub_labels_conf': 0.9997585415840149, 'id': 1}, {'box': [268.8482971191406, 551.5296630859375, 128.11524963378906, 275.9777526855469], 'conf': 0.7527345, 'label_id': 'person', 'sub_labels': 'other', 'sub_labels_conf': 0.9999997615814209, 'id': 2}, {'box': [906.8287963867188, 301.94976806640625, 91.8243408203125, 217.50180053710938], 'conf': 0.8372967, 'label_id': 'person', 'sub_labels': 'other', 'sub_labels_conf': 0.9430904984474182, 'id': 4}, {'box': [309.4656982421875, 552.1395874023438, 117.38993835449219, 242.7891845703125], 'conf': 0.6169665, 'label_id': 'person', 'sub_labels': 'other', 'sub_labels_conf': 0.9999635219573975, 'id': 5}, {'box': [497.4408264160156, 503.902587890625, 118.77508544921875, 310.7267761230469], 'conf': 0.3707075, 'label_id': 'person', 'sub_labels': 'other', 'sub_labels_conf': 0.9700804948806763, 'id': 8}, {'box': [180.90528869628906, 554.8662719726562, 96.94564819335938, 241.63412475585938], 'conf': 0.78344023, 'label_id': 'person', 'sub_labels': 'other', 'sub_labels_conf': 0.9281649589538574, 'id': 9}, {'box': [1205.985595703125, 382.2657165527344, 100.5950927734375, 232.71636962890625], 'conf': 0.82943594, 'label_id': 'person', 'sub_labels': 'other', 'sub_labels_conf': 0.9999150037765503, 'id': 11}, {'box': [403.332763671875, 507.7142333984375, 103.16122436523438, 305.8353271484375], 'conf': 0.7680041, 'label_id': 'person', 'sub_labels': 'other', 'sub_labels_conf': 0.9691656827926636, 'id': 12}, {'box': [1020.6931762695312, 217.717529296875, 49.3035888671875, 135.1892852783203], 'conf': 0.51103014, 'label_id': 'person', 'sub_labels': 'other', 'sub_labels_conf': 0.9542875289916992, 'id': 13}, {'box': [1718.4560546875, 417.1642150878906, 77.1199951171875, 199.32501220703125], 'conf': 0.5254031, 'label_id': 'person', 'sub_labels': 'other', 'sub_labels_conf': 0.807651162147522, 'id': 16}, {'box': [1181.5643310546875, 276.4134521484375, 78.750732421875, 159.81442260742188], 'conf': 0.7971137, 'label_id': 'person', 'sub_labels': 'other', 'sub_labels_conf': 0.9927029609680176, 'id': 6}, {'box': [1621.47900390625, 358.27020263671875, 115.427001953125, 189.86358642578125], 'conf': 0.5746569, 'label_id': 'person', 'sub_labels': 'other', 'sub_labels_conf': 0.9971574544906616, 'id': 15}, {'box': [991.3368530273438, 290.5819091796875, 79.9515380859375, 208.22650146484375], 'conf': 0.7450876, 'label_id': 'person', 'sub_labels': 'other', 'sub_labels_conf': 0.987296462059021, 'id': 17}, {'box': [78.85094451904297, 640.6986694335938, 153.1365509033203, 276.4626770019531], 'conf': 0.39883247, 'label_id': 'person', 'sub_labels': 'other', 'sub_labels_conf': 0.9693649411201477, 'id': 7}]"
150,2024/5/22 Wednesday 0:0:6,"[{'box': [937.3914794921875, 193.56369018554688, 64.67718505859375, 117.73509216308594], 'conf': 0.62003535, 'label_id': 'person', 'sub_labels': 'other', 'sub_labels_conf': 0.999778687953949, 'id': 1}, {'box': [268.1370544433594, 551.7347412109375, 128.4278106689453, 274.7240905761719], 'conf': 0.7104095, 'label_id': 'person', 'sub_labels': 'other', 'sub_labels_conf': 0.9999997615814209, 'id': 2}, {'box': [906.885986328125, 298.1679992675781, 91.30133056640625, 215.5158233642578], 'conf': 0.8518441, 'label_id': 'person', 'sub_labels': 'other', 'sub_labels_conf': 0.963779866695404, 'id': 4}, {'box': [309.45904541015625, 550.44873046875, 118.74038696289062, 238.7867431640625], 'conf': 0.6403497, 'label_id': 'person', 'sub_labels': 'other', 'sub_labels_conf': 0.9999678134918213, 'id': 5}, {'box': [498.09381103515625, 505.1554260253906, 116.539794921875, 308.82000732421875], 'conf': 0.5810146, 'label_id': 'person', 'sub_labels': 'other', 'sub_labels_conf': 0.9668875336647034, 'id': 8}, {'box': [179.79299926757812, 551.462158203125, 98.25599670410156, 248.72235107421875], 'conf': 0.7822272, 'label_id': 'person', 'sub_labels': 'other', 'sub_labels_conf': 0.9077141880989075, 'id': 9}, {'box': [1205.397705078125, 382.69580078125, 102.5491943359375, 235.59085083007812], 'conf': 0.8403977, 'label_id': 'person', 'sub_labels': 'other', 'sub_labels_conf': 0.9998413324356079, 'id': 11}, {'box': [406.4056396484375, 525.7521362304688, 96.630126953125, 269.2198791503906], 'conf': 0.72086096, 'label_id': 'person', 'sub_labels': 'other', 'sub_labels_conf': 0.9786353707313538, 'id': 12}, {'box': [1019.442626953125, 219.17727661132812, 48.426025390625, 143.47715759277344], 'conf': 0.5853992, 'label_id': 'person', 'sub_labels': 'other', 'sub_labels_conf': 0.9815384149551392, 'id': 13}, {'box': [1717.5546875, 422.50970458984375, 79.5167236328125, 192.20462036132812], 'conf': 0.5532225, 'label_id': 'person', 'sub_labels': 'other', 'sub_labels_conf': 0.5346817374229431, 'id': 16}, {'box': [1181.7760009765625, 275.32952880859375, 78.626220703125, 157.57521057128906], 'conf': 0.76052326, 'label_id': 'person', 'sub_labels': 'other', 'sub_labels_conf': 0.9936715364456177, 'id': 6}, {'box': [1616.4937744140625, 359.1766662597656, 107.371826171875, 189.17315673828125], 'conf': 0.7017838, 'label_id': 'person', 'sub_labels': 'other', 'sub_labels_conf': 0.999609649181366, 'id': 15}, {'box': [991.0427856445312, 286.6463623046875, 76.7784423828125, 205.78890991210938], 'conf': 0.73234683, 'label_id': 'person', 'sub_labels': 'other', 'sub_labels_conf': 0.9974151849746704, 'id': 17}, {'box': [80.41696166992188, 639.4234619140625, 155.25906372070312, 272.5750732421875], 'conf': 0.42098764, 'label_id': 'person', 'sub_labels': 'other', 'sub_labels_conf': 0.9845585227012634, 'id': 7}]"
151,2024/5/22 Wednesday 0:0:6,"[{'box': [938.3162231445312, 192.3853759765625, 64.45361328125, 115.91598510742188], 'conf': 0.5198187, 'label_id': 'person', 'sub_labels': 'other', 'sub_labels_conf': 0.9997069239616394, 'id': 1}, {'box': [267.2690124511719, 551.9281005859375, 128.06439208984375, 274.9129943847656], 'conf': 0.66771734, 'label_id': 'person', 'sub_labels': 'other', 'sub_labels_conf': 0.9999997615814209, 'id': 2}, {'box': [906.6222534179688, 293.8546142578125, 90.5091552734375, 212.8875274658203], 'conf': 0.8494359, 'label_id': 'person', 'sub_labels': 'other', 'sub_labels_conf': 0.9524935483932495, 'id': 4}, {'box': [309.3287353515625, 550.4345703125, 118.47215270996094, 237.73782348632812], 'conf': 0.65804136, 'label_id': 'person', 'sub_labels': 'other', 'sub_labels_conf': 0.9999672174453735, 'id': 5}, {'box': [498.5338134765625, 505.9082336425781, 115.41015625, 308.21575927734375], 'conf': 0.59805554, 'label_id': 'person', 'sub_labels': 'other', 'sub_labels_conf': 0.9625504612922668, 'id': 8}, {'box': [179.30087280273438, 549.9148559570312, 98.70889282226562, 252.1741943359375], 'conf': 0.77462596, 'label_id': 'person', 'sub_labels': 'other', 'sub_labels_conf': 0.9062792658805847, 'id': 9}, {'box': [1204.09716796875, 382.0104064941406, 100.6373291015625, 237.0062255859375], 'conf': 0.7998201, 'label_id': 'person', 'sub_labels': 'other', 'sub_labels_conf': 0.9998944997787476, 'id': 11}, {'box': [407.65863037109375, 532.8450317382812, 94.145751953125, 254.98764038085938], 'conf': 0.7320341, 'label_id': 'person', 'sub_labels': 'other', 'sub_labels_conf': 0.9909699559211731, 'id': 12}, {'box': [1019.9896240234375, 220.22865295410156, 46.58502197265625, 148.37564086914062], 'conf': 0.58502877, 'label_id': 'person', 'sub_labels': 'other', 'sub_labels_conf': 0.991129994392395, 'id': 13}, {'box': [1718.863525390625, 421.8225402832031, 77.8035888671875, 191.21038818359375], 'conf': 0.4987582, 'label_id': 'person', 'sub_labels': 'not_human', 'sub_labels_conf': 0.5249291062355042, 'id': 16}, {'box': [1181.505126953125, 273.7633056640625, 78.382080078125, 154.16217041015625], 'conf': 0.752966, 'label_id': 'person', 'sub_labels': 'other', 'sub_labels_conf': 0.9926030039787292, 'id': 6}, {'box': [1614.506591796875, 359.5440368652344, 104.033935546875, 188.867919921875], 'conf': 0.6783265, 'label_id': 'person', 'sub_labels': 'other', 'sub_labels_conf': 0.9994868040084839, 'id': 15}, {'box': [989.8653564453125, 283.1435546875, 74.66571044921875, 205.05642700195312], 'conf': 0.738782, 'label_id': 'person', 'sub_labels': 'other', 'sub_labels_conf': 0.9964633584022522, 'id': 17}, {'box': [80.54833984375, 638.7559204101562, 156.312744140625, 271.2699279785156], 'conf': 0.45369306, 'label_id': 'person', 'sub_labels': 'other', 'sub_labels_conf': 0.9809606075286865, 'id': 7}, {'box': [938.7816162109375, 220.8597869873047, 64.018310546875, 172.12509155273438], 'conf': 0.60585535, 'label_id': 'person', 'sub_labels': 'other', 'sub_labels_conf': 0.9991658926010132, 'id': 18}]"
152,2024/5/22 Wednesday 0:0:6,"[{'box': [939.2760620117188, 190.39767456054688, 64.1290283203125, 111.56683349609375], 'conf': 0.3183729, 'label_id': 'person', 'sub_labels': 'other', 'sub_labels_conf': 0.9995421171188354, 'id': 1}, {'box': [267.48504638671875, 551.96728515625, 128.76809692382812, 274.36041259765625], 'conf': 0.738833, 'label_id': 'person', 'sub_labels': 'other', 'sub_labels_conf': 0.9999997615814209, 'id': 2}, {'box': [905.57470703125, 288.73455810546875, 87.41192626953125, 208.37171936035156], 'conf': 0.8195051, 'label_id': 'person', 'sub_labels': 'other', 'sub_labels_conf': 0.983626663684845, 'id': 4}, {'box': [308.84124755859375, 549.663818359375, 118.31015014648438, 236.68597412109375], 'conf': 0.6672376, 'label_id': 'person', 'sub_labels': 'other', 'sub_labels_conf': 0.9999674558639526, 'id': 5}, {'box': [498.741943359375, 505.67626953125, 114.9368896484375, 309.2626647949219], 'conf': 0.6166268, 'label_id': 'person', 'sub_labels': 'other', 'sub_labels_conf': 0.9603877663612366, 'id': 8}, {'box': [178.9374237060547, 549.2109375, 98.88235473632812, 253.71820068359375], 'conf': 0.7661526, 'label_id': 'person', 'sub_labels': 'other', 'sub_labels_conf': 0.9259560108184814, 'id': 9}, {'box': [1203.4693603515625, 382.9246826171875, 100.312744140625, 235.87887573242188], 'conf': 0.8139206, 'label_id': 'person', 'sub_labels': 'other', 'sub_labels_conf': 0.9999035596847534, 'id': 11}, {'box': [408.299560546875, 534.8292846679688, 92.99630737304688, 251.01742553710938], 'conf': 0.73415667, 'label_id': 'person', 'sub_labels': 'other', 'sub_labels_conf': 0.9783844947814941, 'id': 12}, {'box': [1019.1994018554688, 220.68011474609375, 47.6112060546875, 150.85935974121094], 'conf': 0.56307155, 'label_id': 'person', 'sub_labels': 'other', 'sub_labels_conf': 0.9860388040542603, 'id': 13}, {'box': [1719.4989013671875, 423.6527404785156, 78.630859375, 188.94610595703125], 'conf': 0.4948716, 'label_id': 'person', 'sub_labels': 'not_human', 'sub_labels_conf': 0.5252251029014587, 'id': 16}, {'box': [1181.4345703125, 274.22735595703125, 78.5989990234375, 154.88882446289062], 'conf': 0.7039095, 'label_id': 'person', 'sub_labels': 'other', 'sub_labels_conf': 0.9935951828956604, 'id': 6}, {'box': [1613.358642578125, 359.5673828125, 102.1612548828125, 188.66390991210938], 'conf': 0.6755926, 'label_id': 'person', 'sub_labels': 'other', 'sub_labels_conf': 0.999568521976471, 'id': 15}, {'box': [989.0186157226562, 281.98187255859375, 74.8941650390625, 206.09213256835938], 'conf': 0.72584754, 'label_id': 'person', 'sub_labels': 'other', 'sub_labels_conf': 0.994787335395813, 'id': 17}, {'box': [80.51493072509766, 636.5222778320312, 155.3699188232422, 274.970703125], 'conf': 0.57609075, 'label_id': 'person', 'sub_labels': 'other', 'sub_labels_conf': 0.9934271574020386, 'id': 7}, {'box': [939.6587524414062, 221.2073211669922, 62.916748046875, 172.92465209960938], 'conf': 0.6371232, 'label_id': 'person', 'sub_labels': 'other', 'sub_labels_conf': 0.9993361830711365, 'id': 18}]"
153,2024/5/22 Wednesday 0:0:6,"[{'box': [939.359130859375, 186.94540405273438, 62.09381103515625, 104.37863159179688], 'conf': 0.37361947, 'label_id': 'person', 'sub_labels': 'other', 'sub_labels_conf': 0.99866783618927, 'id': 1}, {'box': [266.7972106933594, 552.3942260742188, 126.74137878417969, 273.1459045410156], 'conf': 0.7157659, 'label_id': 'person', 'sub_labels': 'other', 'sub_labels_conf': 0.9999996423721313, 'id': 2}, {'box': [907.23291015625, 283.3961486816406, 90.2110595703125, 202.5216522216797], 'conf': 0.8513079, 'label_id': 'person', 'sub_labels': 'other', 'sub_labels_conf': 0.9859465956687927, 'id': 4}, {'box': [308.66754150390625, 549.5784912109375, 119.40267944335938, 236.85162353515625], 'conf': 0.66037524, 'label_id': 'person', 'sub_labels': 'other', 'sub_labels_conf': 0.9999644756317139, 'id': 5}, {'box': [498.51263427734375, 505.532470703125, 114.20947265625, 309.7294616699219], 'conf': 0.6381871, 'label_id': 'person', 'sub_labels': 'other', 'sub_labels_conf': 0.9573817849159241, 'id': 8}, {'box': [178.74774169921875, 548.932373046875, 99.05064392089844, 254.396484375], 'conf': 0.73824424, 'label_id': 'person', 'sub_labels': 'other', 'sub_labels_conf': 0.9515678286552429, 'id': 9}, {'box': [1202.52294921875, 384.0382385253906, 97.261474609375, 233.8526611328125], 'conf': 0.798579, 'label_id': 'person', 'sub_labels': 'other', 'sub_labels_conf': 0.9998416900634766, 'id': 11}, {'box': [408.59075927734375, 535.3388671875, 92.31436157226562, 248.98565673828125], 'conf': 0.73055154, 'label_id': 'person', 'sub_labels': 'other', 'sub_labels_conf': 0.9795467257499695, 'id': 12}, {'box': [1013.993408203125, 219.3459930419922, 57.94769287109375, 151.78598022460938], 'conf': 0.5763152, 'label_id': 'person', 'sub_labels': 'other', 'sub_labels_conf': 0.9892745614051819, 'id': 13}, {'box': [1720.4434814453125, 426.39642333984375, 77.99169921875, 184.07522583007812], 'conf': 0.5166942, 'label_id': 'person', 'sub_labels': 'not_human', 'sub_labels_conf': 0.5096766948699951, 'id': 16}, {'box': [1181.329833984375, 276.4284362792969, 78.5675048828125, 159.2078857421875], 'conf': 0.6122429, 'label_id': 'person', 'sub_labels': 'other', 'sub_labels_conf': 0.9905679821968079, 'id': 6}, {'box': [1613.463134765625, 360.10760498046875, 101.0399169921875, 191.186279296875], 'conf': 0.65778303, 'label_id': 'person', 'sub_labels': 'other', 'sub_labels_conf': 0.9994614720344543, 'id': 15}, {'box': [989.8367919921875, 279.822509765625, 74.89154052734375, 206.3525848388672], 'conf': 0.7415198, 'label_id': 'person', 'sub_labels': 'other', 'sub_labels_conf': 0.9930824041366577, 'id': 17}, {'box': [79.08153533935547, 635.7282104492188, 152.9945526123047, 275.0415344238281], 'conf': 0.5715596, 'label_id': 'person', 'sub_labels': 'other', 'sub_labels_conf': 0.9846397638320923, 'id': 7}, {'box': [939.902099609375, 221.6253204345703, 61.0662841796875, 174.20535278320312], 'conf': 0.5842881, 'label_id': 'person', 'sub_labels': 'other', 'sub_labels_conf': 0.9995818734169006, 'id': 18}]"
154,2024/5/22 Wednesday 0:0:6,"[{'box': [939.1387939453125, 182.27017211914062, 58.88916015625, 94.821533203125], 'conf': 0.34864753, 'label_id': 'person', 'sub_labels': 'other', 'sub_labels_conf': 0.9973422884941101, 'id': 1}, {'box': [267.1883239746094, 551.825439453125, 128.3347930908203, 274.5926208496094], 'conf': 0.7427014, 'label_id': 'person', 'sub_labels': 'other', 'sub_labels_conf': 0.9999997615814209, 'id': 2}, {'box': [907.3785400390625, 279.75030517578125, 89.62677001953125, 199.7681884765625], 'conf': 0.8353993, 'label_id': 'person', 'sub_labels': 'other', 'sub_labels_conf': 0.9767104983329773, 'id': 4}, {'box': [308.9605712890625, 549.9970703125, 120.09083557128906, 237.96914672851562], 'conf': 0.6950663, 'label_id': 'person', 'sub_labels': 'other', 'sub_labels_conf': 0.999963641166687, 'id': 5}, {'box': [498.4339599609375, 504.2152099609375, 113.98837280273438, 312.1429748535156], 'conf': 0.6444236, 'label_id': 'person', 'sub_labels': 'other', 'sub_labels_conf': 0.9584940671920776, 'id': 8}, {'box': [178.48513793945312, 547.8742065429688, 99.50732421875, 256.5481872558594], 'conf': 0.70485103, 'label_id': 'person', 'sub_labels': 'other', 'sub_labels_conf': 0.8990418314933777, 'id': 9}, {'box': [1202.05029296875, 385.68841552734375, 95.9888916015625, 230.9461669921875], 'conf': 0.79796356, 'label_id': 'person', 'sub_labels': 'other', 'sub_labels_conf': 0.9998990297317505, 'id': 11}, {'box': [408.3868713378906, 535.1702880859375, 92.49444580078125, 248.95404052734375], 'conf': 0.73287857, 'label_id': 'person', 'sub_labels': 'other', 'sub_labels_conf': 0.9802670478820801, 'id': 12}, {'box': [1015.9007568359375, 218.16912841796875, 54.18463134765625, 150.7932891845703], 'conf': 0.5801607, 'label_id': 'person', 'sub_labels': 'other', 'sub_labels_conf': 0.9963487386703491, 'id': 13}, {'box': [1719.65380859375, 427.8262634277344, 80.5279541015625, 181.53204345703125], 'conf': 0.5591433, 'label_id': 'person', 'sub_labels': 'not_human', 'sub_labels_conf': 0.5320523977279663, 'id': 16}, {'box': [1181.64306640625, 279.65673828125, 78.6832275390625, 165.4532012939453], 'conf': 0.66106147, 'label_id': 'person', 'sub_labels': 'other', 'sub_labels_conf': 0.9964607357978821, 'id': 6}, {'box': [1613.91455078125, 360.1484375, 100.8104248046875, 190.73324584960938], 'conf': 0.68869454, 'label_id': 'person', 'sub_labels': 'other', 'sub_labels_conf': 0.9994476437568665, 'id': 15}, {'box': [990.0343017578125, 277.10052490234375, 73.16558837890625, 206.6870880126953], 'conf': 0.74603933, 'label_id': 'person', 'sub_labels': 'other', 'sub_labels_conf': 0.9983769655227661, 'id': 17}, {'box': [79.75244903564453, 635.6204833984375, 154.6940155029297, 280.2547912597656], 'conf': 0.5838746, 'label_id': 'person', 'sub_labels': 'other', 'sub_labels_conf': 0.9905319213867188, 'id': 7}, {'box': [939.3500366210938, 220.4222412109375, 57.596923828125, 172.1818084716797], 'conf': 0.5608341, 'label_id': 'person', 'sub_labels': 'other', 'sub_labels_conf': 0.9984127283096313, 'id': 18}]"
155,2024/5/22 Wednesday 0:0:6,"[{'box': [938.681396484375, 178.93008422851562, 56.62237548828125, 87.82859802246094], 'conf': 0.4151291, 'label_id': 'person', 'sub_labels': 'other', 'sub_labels_conf': 0.9967076778411865, 'id': 1}, {'box': [267.2840576171875, 551.6463623046875, 129.86178588867188, 275.3057556152344], 'conf': 0.8084114, 'label_id': 'person', 'sub_labels': 'other', 'sub_labels_conf': 0.9999996423721313, 'id': 2}, {'box': [906.4068603515625, 277.5828857421875, 93.50140380859375, 200.39955139160156], 'conf': 0.8501401, 'label_id': 'person', 'sub_labels': 'other', 'sub_labels_conf': 0.9822028875350952, 'id': 4}, {'box': [309.25311279296875, 547.74951171875, 117.05758666992188, 238.59271240234375], 'conf': 0.501586, 'label_id': 'person', 'sub_labels': 'other', 'sub_labels_conf': 0.9998977184295654, 'id': 5}, {'box': [498.524658203125, 505.1953125, 113.64614868164062, 309.2901611328125], 'conf': 0.5766662, 'label_id': 'person', 'sub_labels': 'other', 'sub_labels_conf': 0.9531127214431763, 'id': 8}, {'box': [178.14691162109375, 547.41796875, 100.37098693847656, 257.5201416015625], 'conf': 0.70694715, 'label_id': 'person', 'sub_labels': 'other', 'sub_labels_conf': 0.8941493630409241, 'id': 9}, {'box': [1202.2265625, 382.4358825683594, 94.777099609375, 236.21600341796875], 'conf': 0.79526544, 'label_id': 'person', 'sub_labels': 'other', 'sub_labels_conf': 0.9998912811279297, 'id': 11}, {'box': [408.11865234375, 534.9096069335938, 93.03836059570312, 249.48916625976562], 'conf': 0.7359766, 'label_id': 'person', 'sub_labels': 'other', 'sub_labels_conf': 0.9818496108055115, 'id': 12}, {'box': [1013.534423828125, 216.50672912597656, 58.14642333984375, 148.47500610351562], 'conf': 0.52582115, 'label_id': 'person', 'sub_labels': 'other', 'sub_labels_conf': 0.9950879216194153, 'id': 13}, {'box': [1719.528564453125, 426.60198974609375, 81.3414306640625, 184.12161254882812], 'conf': 0.45150572, 'label_id': 'person', 'sub_labels': 'not_human', 'sub_labels_conf': 0.5424211621284485, 'id': 16}, {'box': [1181.380615234375, 278.84674072265625, 78.46435546875, 163.81015014648438], 'conf': 0.62648135, 'label_id': 'person', 'sub_labels': 'other', 'sub_labels_conf': 0.9975034594535828, 'id': 6}, {'box': [1613.74951171875, 360.2263488769531, 100.4505615234375, 190.2034912109375], 'conf': 0.7226713, 'label_id': 'person', 'sub_labels': 'other', 'sub_labels_conf': 0.9997168183326721, 'id': 15}, {'box': [989.0717163085938, 275.714599609375, 78.1270751953125, 203.615478515625], 'conf': 0.75014275, 'label_id': 'person', 'sub_labels': 'other', 'sub_labels_conf': 0.9987605810165405, 'id': 17}, {'box': [80.02914428710938, 636.57861328125, 153.6815185546875, 282.1897888183594], 'conf': 0.5662077, 'label_id': 'person', 'sub_labels': 'other', 'sub_labels_conf': 0.9929925203323364, 'id': 7}, {'box': [938.7368774414062, 221.25146484375, 55.7362060546875, 173.27447509765625], 'conf': 0.42687422, 'label_id': 'person', 'sub_labels': 'other', 'sub_labels_conf': 0.9973142743110657, 'id': 18}]"
156,2024/5/22 Wednesday 0:0:6,"[{'box': [938.72607421875, 177.97714233398438, 55.23663330078125, 86.77717590332031], 'conf': 0.2390454, 'label_id': 'person', 'sub_labels': 'other', 'sub_labels_conf': 0.9940104484558105, 'id': 1}, {'box': [267.01031494140625, 551.8851318359375, 130.86582946777344, 275.291015625], 'conf': 0.79955333, 'label_id': 'person', 'sub_labels': 'other', 'sub_labels_conf': 0.9999996423721313, 'id': 2}, {'box': [906.2518310546875, 275.98260498046875, 95.568115234375, 202.83119201660156], 'conf': 0.8549445, 'label_id': 'person', 'sub_labels': 'other', 'sub_labels_conf': 0.9826809763908386, 'id': 4}, {'box': [309.9397888183594, 547.5571899414062, 117.44963073730469, 238.5877685546875], 'conf': 0.582991, 'label_id': 'person', 'sub_labels': 'other', 'sub_labels_conf': 0.9999508857727051, 'id': 5}, {'box': [498.38287353515625, 505.3387756347656, 113.71072387695312, 308.27886962890625], 'conf': 0.5929674, 'label_id': 'person', 'sub_labels': 'other', 'sub_labels_conf': 0.9563453197479248, 'id': 8}, {'box': [178.34201049804688, 547.620361328125, 100.35493469238281, 257.00653076171875], 'conf': 0.71679175, 'label_id': 'person', 'sub_labels': 'other', 'sub_labels_conf': 0.9211764931678772, 'id': 9}, {'box': [1203.416015625, 382.8365478515625, 95.7049560546875, 234.65548706054688], 'conf': 0.8131192, 'label_id': 'person', 'sub_labels': 'other', 'sub_labels_conf': 0.9999632835388184, 'id': 11}, {'box': [407.86126708984375, 535.168701171875, 93.66973876953125, 249.00863647460938], 'conf': 0.7350985, 'label_id': 'person', 'sub_labels': 'other', 'sub_labels_conf': 0.9787111878395081, 'id': 12}, {'box': [1016.596923828125, 215.50955200195312, 51.202392578125, 147.81199645996094], 'conf': 0.5781331, 'label_id': 'person', 'sub_labels': 'other', 'sub_labels_conf': 0.9689081311225891, 'id': 13}, {'box': [1719.615966796875, 425.14215087890625, 81.3756103515625, 186.982177734375], 'conf': 0.47933775, 'label_id': 'person', 'sub_labels': 'not_human', 'sub_labels_conf': 0.5207381844520569, 'id': 16}, {'box': [1181.33251953125, 276.73028564453125, 78.5753173828125, 159.66831970214844], 'conf': 0.62608254, 'label_id': 'person', 'sub_labels': 'other', 'sub_labels_conf': 0.9947528839111328, 'id': 6}, {'box': [1613.771484375, 359.9881591796875, 100.6925048828125, 190.35888671875], 'conf': 0.7387308, 'label_id': 'person', 'sub_labels': 'other', 'sub_labels_conf': 0.9993934631347656, 'id': 15}, {'box': [988.809814453125, 275.5241394042969, 79.62640380859375, 204.05421447753906], 'conf': 0.7494704, 'label_id': 'person', 'sub_labels': 'other', 'sub_labels_conf': 0.9996882677078247, 'id': 17}, {'box': [80.23304748535156, 637.799072265625, 155.54977416992188, 279.4612121582031], 'conf': 0.5793267, 'label_id': 'person', 'sub_labels': 'other', 'sub_labels_conf': 0.9910377264022827, 'id': 7}, {'box': [938.6769409179688, 220.61724853515625, 54.67529296875, 172.4945526123047], 'conf': 0.4908549, 'label_id': 'person', 'sub_labels': 'other', 'sub_labels_conf': 0.9989925026893616, 'id': 18}]"
157,2024/5/22 Wednesday 0:0:6,"[{'box': [938.3695068359375, 176.8976593017578, 54.40386962890625, 86.134033203125], 'conf': 0.20368534, 'label_id': 'person', 'sub_labels': 'other', 'sub_labels_conf': 0.9920105934143066, 'id': 1}, {'box': [266.665283203125, 551.9444580078125, 131.380859375, 275.8056945800781], 'conf': 0.8088266, 'label_id': 'person', 'sub_labels': 'other', 'sub_labels_conf': 0.9999997615814209, 'id': 2}, {'box': [906.3878173828125, 275.04583740234375, 95.83599853515625, 203.53684997558594], 'conf': 0.8538715, 'label_id': 'person', 'sub_labels': 'other', 'sub_labels_conf': 0.991360604763031, 'id': 4}, {'box': [311.7818603515625, 547.995849609375, 116.37017822265625, 238.2718505859375], 'conf': 0.66151386, 'label_id': 'person', 'sub_labels': 'other', 'sub_labels_conf': 0.9999427795410156, 'id': 5}, {'box': [498.40789794921875, 505.894287109375, 114.12442016601562, 306.9941711425781], 'conf': 0.5701382, 'label_id': 'person', 'sub_labels': 'other', 'sub_labels_conf': 0.9569703936576843, 'id': 8}, {'box': [178.88616943359375, 548.0245971679688, 99.45648193359375, 256.1849670410156], 'conf': 0.7036985, 'label_id': 'person', 'sub_labels': 'other', 'sub_labels_conf': 0.9528384804725647, 'id': 9}, {'box': [1202.48486328125, 383.0980529785156, 93.9776611328125, 229.113037109375], 'conf': 0.8298575, 'label_id': 'person', 'sub_labels': 'other', 'sub_labels_conf': 0.9998794794082642, 'id': 11}, {'box': [408.0791931152344, 535.319580078125, 93.7965087890625, 248.67904663085938], 'conf': 0.7297452, 'label_id': 'person', 'sub_labels': 'other', 'sub_labels_conf': 0.9803839325904846, 'id': 12}, {'box': [1018.6467895507812, 215.9930419921875, 46.0821533203125, 149.25437927246094], 'conf': 0.5742213, 'label_id': 'person', 'sub_labels': 'other', 'sub_labels_conf': 0.919191837310791, 'id': 13}, {'box': [1719.572509765625, 425.2183837890625, 81.0330810546875, 186.56002807617188], 'conf': 0.5327843, 'label_id': 'person', 'sub_labels': 'not_human', 'sub_labels_conf': 0.6826280951499939, 'id': 16}, {'box': [1181.342529296875, 274.10540771484375, 78.496826171875, 154.53958129882812], 'conf': 0.6858261, 'label_id': 'person', 'sub_labels': 'other', 'sub_labels_conf': 0.9944602251052856, 'id': 6}, {'box': [1612.41748046875, 359.58160400390625, 99.9647216796875, 189.51083374023438], 'conf': 0.7292537, 'label_id': 'person', 'sub_labels': 'other', 'sub_labels_conf': 0.9996696710586548, 'id': 15}, {'box': [987.6298828125, 274.4399719238281, 79.99212646484375, 203.03131103515625], 'conf': 0.78321475, 'label_id': 'person', 'sub_labels': 'other', 'sub_labels_conf': 0.9998406171798706, 'id': 17}, {'box': [80.74771881103516, 636.282470703125, 156.0028839111328, 279.8957214355469], 'conf': 0.6864465, 'label_id': 'person', 'sub_labels': 'other', 'sub_labels_conf': 0.9975762963294983, 'id': 7}, {'box': [938.3578491210938, 218.64251708984375, 53.871826171875, 175.0939483642578], 'conf': 0.45904928, 'label_id': 'person', 'sub_labels': 'other', 'sub_labels_conf': 0.9985276460647583, 'id': 18}]"
158,2024/5/22 Wednesday 0:0:6,"[{'box': [938.484619140625, 181.05816650390625, 54.5064697265625, 96.12382507324219], 'conf': 0.24617292, 'label_id': 'person', 'sub_labels': 'other', 'sub_labels_conf': 0.9964562058448792, 'id': 1}, {'box': [265.8682861328125, 551.4998168945312, 131.82247924804688, 276.8348083496094], 'conf': 0.80667216, 'label_id': 'person', 'sub_labels': 'other', 'sub_labels_conf': 0.9999991655349731, 'id': 2}, {'box': [906.4352416992188, 274.6370544433594, 94.60546875, 204.46302795410156], 'conf': 0.8640923, 'label_id': 'person', 'sub_labels': 'other', 'sub_labels_conf': 0.9909936785697937, 'id': 4}, {'box': [313.89764404296875, 548.76953125, 117.218505859375, 237.86093139648438], 'conf': 0.7457397, 'label_id': 'person', 'sub_labels': 'other', 'sub_labels_conf': 0.9998687505722046, 'id': 5}, {'box': [498.68292236328125, 504.9938049316406, 113.83859252929688, 308.72186279296875], 'conf': 0.60288674, 'label_id': 'person', 'sub_labels': 'other', 'sub_labels_conf': 0.9566084146499634, 'id': 8}, {'box': [179.15234375, 548.30419921875, 99.33052062988281, 255.82095336914062], 'conf': 0.7133881, 'label_id': 'person', 'sub_labels': 'other', 'sub_labels_conf': 0.9057426452636719, 'id': 9}, {'box': [1202.4991455078125, 383.1776428222656, 94.1318359375, 227.10064697265625], 'conf': 0.83900094, 'label_id': 'person', 'sub_labels': 'other', 'sub_labels_conf': 0.9999839067459106, 'id': 11}, {'box': [407.8960876464844, 535.8545532226562, 93.82415771484375, 247.848876953125], 'conf': 0.7244172, 'label_id': 'person', 'sub_labels': 'other', 'sub_labels_conf': 0.9863970875740051, 'id': 12}, {'box': [1019.7911376953125, 214.30267333984375, 43.54833984375, 145.9512481689453], 'conf': 0.5571955, 'label_id': 'person', 'sub_labels': 'other', 'sub_labels_conf': 0.9712395071983337, 'id': 13}, {'box': [1718.5762939453125, 423.8899230957031, 82.93212890625, 187.75848388671875], 'conf': 0.52477616, 'label_id': 'person', 'sub_labels': 'other', 'sub_labels_conf': 0.49166515469551086, 'id': 16}, {'box': [1181.359130859375, 273.06683349609375, 78.56787109375, 152.77413940429688], 'conf': 0.67109185, 'label_id': 'person', 'sub_labels': 'other', 'sub_labels_conf': 0.9965761303901672, 'id': 6}, {'box': [1611.633544921875, 360.3209228515625, 97.7513427734375, 192.59271240234375], 'conf': 0.73161757, 'label_id': 'person', 'sub_labels': 'other', 'sub_labels_conf': 0.999758780002594, 'id': 15}, {'box': [988.9703979492188, 273.1056213378906, 80.9847412109375, 203.3295440673828], 'conf': 0.7926402, 'label_id': 'person', 'sub_labels': 'other', 'sub_labels_conf': 0.9995822310447693, 'id': 17}, {'box': [81.4374008178711, 635.6490478515625, 154.84986877441406, 279.19305419921875], 'conf': 0.7002594, 'label_id': 'person', 'sub_labels': 'other', 'sub_labels_conf': 0.9988749623298645, 'id': 7}, {'box': [938.5768432617188, 218.30508422851562, 54.706787109375, 171.9938201904297], 'conf': 0.5117744, 'label_id': 'person', 'sub_labels': 'other', 'sub_labels_conf': 0.9966103434562683, 'id': 18}]"
159,2024/5/22 Wednesday 0:0:6,"[{'box': [938.2490234375, 182.83221435546875, 54.7645263671875, 102.05171203613281], 'conf': 0.2815618, 'label_id': 'person', 'sub_labels': 'other', 'sub_labels_conf': 0.9985585808753967, 'id': 1}, {'box': [265.0281066894531, 551.0413818359375, 132.89210510253906, 277.672119140625], 'conf': 0.81053704, 'label_id': 'person', 'sub_labels': 'other', 'sub_labels_conf': 0.9999995231628418, 'id': 2}, {'box': [907.063720703125, 274.8912658691406, 92.48992919921875, 204.5111083984375], 'conf': 0.86761475, 'label_id': 'person', 'sub_labels': 'other', 'sub_labels_conf': 0.9900034070014954, 'id': 4}, {'box': [315.9180908203125, 549.163330078125, 118.64639282226562, 238.47354125976562], 'conf': 0.7556774, 'label_id': 'person', 'sub_labels': 'other', 'sub_labels_conf': 0.9998008608818054, 'id': 5}, {'box': [498.46466064453125, 505.25830078125, 113.3797607421875, 307.9208068847656], 'conf': 0.6375157, 'label_id': 'person', 'sub_labels': 'other', 'sub_labels_conf': 0.9526230692863464, 'id': 8}, {'box': [179.59774780273438, 549.127197265625, 98.25177001953125, 253.98281860351562], 'conf': 0.720799, 'label_id': 'person', 'sub_labels': 'other', 'sub_labels_conf': 0.7968217730522156, 'id': 9}, {'box': [1201.183349609375, 382.6518249511719, 92.0572509765625, 227.5509033203125], 'conf': 0.8191656, 'label_id': 'person', 'sub_labels': 'other', 'sub_labels_conf': 0.9999300241470337, 'id': 11}, {'box': [408.1368713378906, 535.7171630859375, 94.3028564453125, 248.18673706054688], 'conf': 0.712931, 'label_id': 'person', 'sub_labels': 'other', 'sub_labels_conf': 0.9875571727752686, 'id': 12}, {'box': [1019.9754638671875, 213.31622314453125, 42.53411865234375, 144.9002685546875], 'conf': 0.47408587, 'label_id': 'person', 'sub_labels': 'other', 'sub_labels_conf': 0.963330090045929, 'id': 13}, {'box': [1717.378173828125, 424.00579833984375, 83.9127197265625, 186.0609130859375], 'conf': 0.5301895, 'label_id': 'person', 'sub_labels': 'not_human', 'sub_labels_conf': 0.5963221788406372, 'id': 16}, {'box': [1181.24951171875, 272.65130615234375, 78.3067626953125, 152.1062774658203], 'conf': 0.6942259, 'label_id': 'person', 'sub_labels': 'other', 'sub_labels_conf': 0.9928049445152283, 'id': 6}, {'box': [1610.917236328125, 360.2552490234375, 96.167236328125, 193.19265747070312], 'conf': 0.71094364, 'label_id': 'person', 'sub_labels': 'other', 'sub_labels_conf': 0.9996943473815918, 'id': 15}, {'box': [989.7623291015625, 271.8221740722656, 80.28570556640625, 205.8472442626953], 'conf': 0.7797198, 'label_id': 'person', 'sub_labels': 'other', 'sub_labels_conf': 0.9915930032730103, 'id': 17}, {'box': [81.7981185913086, 637.7421875, 155.0600128173828, 274.28082275390625], 'conf': 0.7330721, 'label_id': 'person', 'sub_labels': 'other', 'sub_labels_conf': 0.9983813762664795, 'id': 7}, {'box': [938.3731079101562, 217.52105712890625, 54.8533935546875, 171.3492889404297], 'conf': 0.49666092, 'label_id': 'person', 'sub_labels': 'other', 'sub_labels_conf': 0.9944795370101929, 'id': 18}]"
160,2024/5/22 Wednesday 0:0:6,"[{'box': [938.3580932617188, 186.57272338867188, 55.6143798828125, 111.47926330566406], 'conf': 0.23939405, 'label_id': 'person', 'sub_labels': 'other', 'sub_labels_conf': 0.9986407160758972, 'id': 1}, {'box': [264.8148193359375, 550.6807861328125, 133.77786254882812, 278.45697021484375], 'conf': 0.81573164, 'label_id': 'person', 'sub_labels': 'other', 'sub_labels_conf': 0.9999992847442627, 'id': 2}, {'box': [906.8367919921875, 275.2357482910156, 88.89520263671875, 205.75291442871094], 'conf': 0.8522584, 'label_id': 'person', 'sub_labels': 'other', 'sub_labels_conf': 0.9910515546798706, 'id': 4}, {'box': [317.3358154296875, 549.5852661132812, 119.05221557617188, 238.9285888671875], 'conf': 0.7634538, 'label_id': 'person', 'sub_labels': 'other', 'sub_labels_conf': 0.9997908473014832, 'id': 5}, {'box': [498.4737548828125, 505.74334716796875, 113.323974609375, 306.9951171875], 'conf': 0.6281905, 'label_id': 'person', 'sub_labels': 'other', 'sub_labels_conf': 0.949386477470398, 'id': 8}, {'box': [180.02020263671875, 549.900634765625, 97.71014404296875, 252.2449951171875], 'conf': 0.71294785, 'label_id': 'person', 'sub_labels': 'other', 'sub_labels_conf': 0.9589171409606934, 'id': 9}, {'box': [1200.3486328125, 382.768798828125, 92.3961181640625, 226.80368041992188], 'conf': 0.831073, 'label_id': 'person', 'sub_labels': 'other', 'sub_labels_conf': 0.9999643564224243, 'id': 11}, {'box': [408.45111083984375, 535.6122436523438, 94.4268798828125, 248.02621459960938], 'conf': 0.7184188, 'label_id': 'person', 'sub_labels': 'other', 'sub_labels_conf': 0.9821840524673462, 'id': 12}, {'box': [1020.3189697265625, 211.6378631591797, 42.47967529296875, 142.77731323242188], 'conf': 0.3661355, 'label_id': 'person', 'sub_labels': 'other', 'sub_labels_conf': 0.8302925825119019, 'id': 13}, {'box': [1716.72509765625, 424.78851318359375, 82.9344482421875, 183.94027709960938], 'conf': 0.54148585, 'label_id': 'person', 'sub_labels': 'other', 'sub_labels_conf': 0.5495902299880981, 'id': 16}, {'box': [1181.197998046875, 272.8570556640625, 78.2445068359375, 152.35617065429688], 'conf': 0.7424367, 'label_id': 'person', 'sub_labels': 'other', 'sub_labels_conf': 0.9949305653572083, 'id': 6}, {'box': [1610.45849609375, 360.18804931640625, 95.9901123046875, 191.65652465820312], 'conf': 0.71456605, 'label_id': 'person', 'sub_labels': 'other', 'sub_labels_conf': 0.999796450138092, 'id': 15}, {'box': [991.03515625, 271.0391540527344, 78.73345947265625, 207.9867401123047], 'conf': 0.79373384, 'label_id': 'person', 'sub_labels': 'other', 'sub_labels_conf': 0.9925454258918762, 'id': 17}, {'box': [83.35440063476562, 636.3876342773438, 151.68594360351562, 273.5404968261719], 'conf': 0.7613916, 'label_id': 'person', 'sub_labels': 'other', 'sub_labels_conf': 0.9970076680183411, 'id': 7}, {'box': [938.63037109375, 214.52981567382812, 55.526611328125, 166.61639404296875], 'conf': 0.53101987, 'label_id': 'person', 'sub_labels': 'other', 'sub_labels_conf': 0.9975128173828125, 'id': 18}]"
161,2024/5/22 Wednesday 0:0:6,"[{'box': [264.518310546875, 550.5791015625, 135.1596221923828, 278.90155029296875], 'conf': 0.8172659, 'label_id': 'person', 'sub_labels': 'other', 'sub_labels_conf': 0.9999990463256836, 'id': 2}, {'box': [906.2564697265625, 275.6424865722656, 86.0689697265625, 206.07835388183594], 'conf': 0.84407794, 'label_id': 'person', 'sub_labels': 'other', 'sub_labels_conf': 0.9914343357086182, 'id': 4}, {'box': [317.46380615234375, 550.031982421875, 118.795166015625, 238.1505126953125], 'conf': 0.77457213, 'label_id': 'person', 'sub_labels': 'other', 'sub_labels_conf': 0.9997324347496033, 'id': 5}, {'box': [498.49163818359375, 509.83770751953125, 113.262451171875, 297.9040222167969], 'conf': 0.63301724, 'label_id': 'person', 'sub_labels': 'other', 'sub_labels_conf': 0.9294963479042053, 'id': 8}, {'box': [180.29867553710938, 550.3445434570312, 98.12725830078125, 251.19979858398438], 'conf': 0.7107512, 'label_id': 'person', 'sub_labels': 'other', 'sub_labels_conf': 0.8741620779037476, 'id': 9}, {'box': [1200.8834228515625, 383.18408203125, 92.39697265625, 226.03353881835938], 'conf': 0.8427921, 'label_id': 'person', 'sub_labels': 'other', 'sub_labels_conf': 0.9998296499252319, 'id': 11}, {'box': [408.58197021484375, 536.0072021484375, 94.20632934570312, 247.04489135742188], 'conf': 0.7307278, 'label_id': 'person', 'sub_labels': 'other', 'sub_labels_conf': 0.9699645042419434, 'id': 12}, {'box': [1020.8861083984375, 208.4755859375, 43.22674560546875, 135.78416442871094], 'conf': 0.287801, 'label_id': 'person', 'sub_labels': 'other', 'sub_labels_conf': 0.6604079008102417, 'id': 13}, {'box': [1717.95263671875, 423.44049072265625, 78.9539794921875, 186.3978271484375], 'conf': 0.61911505, 'label_id': 'person', 'sub_labels': 'other', 'sub_labels_conf': 0.5416114926338196, 'id': 16}, {'box': [1181.13427734375, 272.6959533691406, 78.510986328125, 151.7589111328125], 'conf': 0.72820073, 'label_id': 'person', 'sub_labels': 'other', 'sub_labels_conf': 0.9932824373245239, 'id': 6}, {'box': [1609.2904052734375, 360.4495849609375, 94.08349609375, 191.083984375], 'conf': 0.69984686, 'label_id': 'person', 'sub_labels': 'other', 'sub_labels_conf': 0.99985671043396, 'id': 15}, {'box': [991.4120483398438, 270.61480712890625, 77.9788818359375, 209.0594024658203], 'conf': 0.78035414, 'label_id': 'person', 'sub_labels': 'other', 'sub_labels_conf': 0.9928213953971863, 'id': 17}, {'box': [84.29505920410156, 635.1785888671875, 150.78091430664062, 273.1761169433594], 'conf': 0.7553412, 'label_id': 'person', 'sub_labels': 'other', 'sub_labels_conf': 0.9978988170623779, 'id': 7}, {'box': [938.1009521484375, 209.92514038085938, 55.28106689453125, 160.52392578125], 'conf': 0.65768623, 'label_id': 'person', 'sub_labels': 'other', 'sub_labels_conf': 0.9905823469161987, 'id': 18}]"
162,2024/5/22 Wednesday 0:0:6,"[{'box': [263.0771179199219, 550.486083984375, 134.6189727783203, 279.4884338378906], 'conf': 0.8159981, 'label_id': 'person', 'sub_labels': 'other', 'sub_labels_conf': 0.9999995231628418, 'id': 2}, {'box': [906.761474609375, 275.5948486328125, 85.3291015625, 205.26211547851562], 'conf': 0.8384539, 'label_id': 'person', 'sub_labels': 'other', 'sub_labels_conf': 0.9785265922546387, 'id': 4}, {'box': [317.4671630859375, 551.0679931640625, 118.37332153320312, 237.15902709960938], 'conf': 0.7724217, 'label_id': 'person', 'sub_labels': 'other', 'sub_labels_conf': 0.9997864365577698, 'id': 5}, {'box': [498.7120056152344, 509.2668151855469, 114.27227783203125, 298.38922119140625], 'conf': 0.61178637, 'label_id': 'person', 'sub_labels': 'other', 'sub_labels_conf': 0.9430505037307739, 'id': 8}, {'box': [180.5960693359375, 550.8295288085938, 98.39680480957031, 250.06411743164062], 'conf': 0.71116716, 'label_id': 'person', 'sub_labels': 'other', 'sub_labels_conf': 0.7997235059738159, 'id': 9}, {'box': [1199.8519287109375, 383.953857421875, 89.984375, 227.11447143554688], 'conf': 0.8235199, 'label_id': 'person', 'sub_labels': 'other', 'sub_labels_conf': 0.999743640422821, 'id': 11}, {'box': [407.9617614746094, 537.020263671875, 94.6424560546875, 245.60406494140625], 'conf': 0.72114116, 'label_id': 'person', 'sub_labels': 'other', 'sub_labels_conf': 0.9668154120445251, 'id': 12}, {'box': [1021.5322265625, 210.52255249023438, 43.95062255859375, 140.2252197265625], 'conf': 0.26896185, 'label_id': 'person', 'sub_labels': 'other', 'sub_labels_conf': 0.6317320466041565, 'id': 13}, {'box': [1719.0714111328125, 425.2201843261719, 75.697509765625, 184.66412353515625], 'conf': 0.6249207, 'label_id': 'person', 'sub_labels': 'other', 'sub_labels_conf': 0.736599326133728, 'id': 16}, {'box': [1181.057861328125, 272.8721008300781, 78.77490234375, 151.8692169189453], 'conf': 0.69325435, 'label_id': 'person', 'sub_labels': 'other', 'sub_labels_conf': 0.991251528263092, 'id': 6}, {'box': [1609.633544921875, 360.12860107421875, 95.3834228515625, 191.0428466796875], 'conf': 0.66508985, 'label_id': 'person', 'sub_labels': 'other', 'sub_labels_conf': 0.9997552037239075, 'id': 15}, {'box': [992.472412109375, 269.4231262207031, 77.30572509765625, 208.2904052734375], 'conf': 0.7821522, 'label_id': 'person', 'sub_labels': 'other', 'sub_labels_conf': 0.9956105351448059, 'id': 17}, {'box': [83.51570129394531, 636.327880859375, 152.42825317382812, 269.0895080566406], 'conf': 0.7680864, 'label_id': 'person', 'sub_labels': 'other', 'sub_labels_conf': 0.9937198162078857, 'id': 7}, {'box': [938.0154418945312, 207.1015625, 55.6195068359375, 158.18797302246094], 'conf': 0.7503803, 'label_id': 'person', 'sub_labels': 'other', 'sub_labels_conf': 0.9863558411598206, 'id': 18}]"
163,2024/5/22 Wednesday 0:0:6,"[{'box': [262.3957824707031, 550.5106201171875, 135.2999725341797, 279.54644775390625], 'conf': 0.8246089, 'label_id': 'person', 'sub_labels': 'other', 'sub_labels_conf': 0.999998927116394, 'id': 2}, {'box': [905.9569091796875, 275.0896301269531, 82.76116943359375, 203.54071044921875], 'conf': 0.83580226, 'label_id': 'person', 'sub_labels': 'other', 'sub_labels_conf': 0.9743731021881104, 'id': 4}, {'box': [317.98065185546875, 551.217529296875, 119.002685546875, 237.04998779296875], 'conf': 0.79000455, 'label_id': 'person', 'sub_labels': 'other', 'sub_labels_conf': 0.9997805953025818, 'id': 5}, {'box': [498.8472900390625, 509.01519775390625, 114.45974731445312, 298.5910339355469], 'conf': 0.614637, 'label_id': 'person', 'sub_labels': 'other', 'sub_labels_conf': 0.9469919204711914, 'id': 8}, {'box': [181.06887817382812, 551.70166015625, 98.17979431152344, 248.15185546875], 'conf': 0.7351644, 'label_id': 'person', 'sub_labels': 'other', 'sub_labels_conf': 0.8681206107139587, 'id': 9}, {'box': [1198.811279296875, 384.4548645019531, 88.5482177734375, 227.34100341796875], 'conf': 0.8110132, 'label_id': 'person', 'sub_labels': 'other', 'sub_labels_conf': 0.999734103679657, 'id': 11}, {'box': [408.0179443359375, 537.6444091796875, 94.01785278320312, 247.67800903320312], 'conf': 0.74751323, 'label_id': 'person', 'sub_labels': 'other', 'sub_labels_conf': 0.9789472818374634, 'id': 12}, {'box': [1021.667236328125, 204.81309509277344, 44.918701171875, 130.73281860351562], 'conf': 0.3802216, 'label_id': 'person', 'sub_labels': 'other', 'sub_labels_conf': 0.7180649042129517, 'id': 13}, {'box': [1720.216552734375, 425.1663818359375, 72.55908203125, 183.6002197265625], 'conf': 0.5787142, 'label_id': 'person', 'sub_labels': 'other', 'sub_labels_conf': 0.779762864112854, 'id': 16}, {'box': [1180.756103515625, 273.0431213378906, 78.66259765625, 151.8887939453125], 'conf': 0.66046363, 'label_id': 'person', 'sub_labels': 'other', 'sub_labels_conf': 0.9952844977378845, 'id': 6}, {'box': [1609.6585693359375, 359.6426696777344, 96.657470703125, 190.67138671875], 'conf': 0.6810337, 'label_id': 'person', 'sub_labels': 'other', 'sub_labels_conf': 0.9998173117637634, 'id': 15}, {'box': [994.710205078125, 269.1033630371094, 75.5751953125, 207.1581268310547], 'conf': 0.7818226, 'label_id': 'person', 'sub_labels': 'other', 'sub_labels_conf': 0.9467058181762695, 'id': 17}, {'box': [84.54170989990234, 637.046630859375, 149.8414764404297, 267.6468200683594], 'conf': 0.7883931, 'label_id': 'person', 'sub_labels': 'other', 'sub_labels_conf': 0.9973143935203552, 'id': 7}, {'box': [938.181884765625, 206.53924560546875, 56.81719970703125, 158.4173583984375], 'conf': 0.7939527, 'label_id': 'person', 'sub_labels': 'other', 'sub_labels_conf': 0.9833860993385315, 'id': 18}]"
164,2024/5/22 Wednesday 0:0:6,"[{'box': [262.00531005859375, 550.4493408203125, 136.65113830566406, 279.44305419921875], 'conf': 0.8221245, 'label_id': 'person', 'sub_labels': 'other', 'sub_labels_conf': 0.9999991655349731, 'id': 2}, {'box': [906.3133544921875, 274.68646240234375, 84.07879638671875, 204.34695434570312], 'conf': 0.8448274, 'label_id': 'person', 'sub_labels': 'other', 'sub_labels_conf': 0.9729487895965576, 'id': 4}, {'box': [318.5094909667969, 551.3865356445312, 121.76885986328125, 237.72421264648438], 'conf': 0.78938633, 'label_id': 'person', 'sub_labels': 'other', 'sub_labels_conf': 0.9998611211776733, 'id': 5}, {'box': [498.71868896484375, 507.3786315917969, 114.98086547851562, 301.94268798828125], 'conf': 0.6042979, 'label_id': 'person', 'sub_labels': 'other', 'sub_labels_conf': 0.9166125655174255, 'id': 8}, {'box': [181.17532348632812, 551.993408203125, 98.13462829589844, 246.90036010742188], 'conf': 0.7406978, 'label_id': 'person', 'sub_labels': 'other', 'sub_labels_conf': 0.8229942917823792, 'id': 9}, {'box': [1197.701416015625, 384.63677978515625, 86.185546875, 227.68966674804688], 'conf': 0.8001983, 'label_id': 'person', 'sub_labels': 'other', 'sub_labels_conf': 0.9995237588882446, 'id': 11}, {'box': [408.0200500488281, 538.5314331054688, 94.51361083984375, 249.76773071289062], 'conf': 0.7197477, 'label_id': 'person', 'sub_labels': 'other', 'sub_labels_conf': 0.9838900566101074, 'id': 12}, {'box': [1021.7249755859375, 198.77792358398438, 45.31024169921875, 120.25897216796875], 'conf': 0.48413616, 'label_id': 'person', 'sub_labels': 'other', 'sub_labels_conf': 0.8458759784698486, 'id': 13}, {'box': [1717.87255859375, 419.66351318359375, 73.3033447265625, 192.84774780273438], 'conf': 0.41507706, 'label_id': 'person', 'sub_labels': 'other', 'sub_labels_conf': 0.5608716011047363, 'id': 16}, {'box': [1180.353759765625, 273.83306884765625, 78.275634765625, 153.10931396484375], 'conf': 0.5916128, 'label_id': 'person', 'sub_labels': 'other', 'sub_labels_conf': 0.992243230342865, 'id': 6}, {'box': [1611.582275390625, 358.79400634765625, 99.8311767578125, 188.56698608398438], 'conf': 0.67203295, 'label_id': 'person', 'sub_labels': 'other', 'sub_labels_conf': 0.9994908571243286, 'id': 15}, {'box': [995.0438842773438, 266.7852783203125, 76.1397705078125, 202.7786865234375], 'conf': 0.7513756, 'label_id': 'person', 'sub_labels': 'other', 'sub_labels_conf': 0.9934085607528687, 'id': 17}, {'box': [85.43651580810547, 638.0542602539062, 148.68809509277344, 268.0669860839844], 'conf': 0.7968728, 'label_id': 'person', 'sub_labels': 'other', 'sub_labels_conf': 0.9974494576454163, 'id': 7}, {'box': [938.9215087890625, 206.55178833007812, 58.22296142578125, 158.8172607421875], 'conf': 0.77627754, 'label_id': 'person', 'sub_labels': 'other', 'sub_labels_conf': 0.9775457978248596, 'id': 18}]"
165,2024/5/22 Wednesday 0:0:6,"[{'box': [262.4442138671875, 551.1016845703125, 139.42007446289062, 278.52911376953125], 'conf': 0.8164243, 'label_id': 'person', 'sub_labels': 'other', 'sub_labels_conf': 0.999995231628418, 'id': 2}, {'box': [905.732177734375, 271.44927978515625, 83.41253662109375, 201.25723266601562], 'conf': 0.83043003, 'label_id': 'person', 'sub_labels': 'other', 'sub_labels_conf': 0.9371578693389893, 'id': 4}, {'box': [318.0574951171875, 550.2268676757812, 124.06097412109375, 237.2196044921875], 'conf': 0.77387625, 'label_id': 'person', 'sub_labels': 'other', 'sub_labels_conf': 0.99935382604599, 'id': 5}, {'box': [498.9921875, 503.23065185546875, 114.26248168945312, 309.4006652832031], 'conf': 0.6508465, 'label_id': 'person', 'sub_labels': 'other', 'sub_labels_conf': 0.9566315412521362, 'id': 8}, {'box': [182.05191040039062, 554.4378051757812, 96.93305969238281, 240.8782958984375], 'conf': 0.7647037, 'label_id': 'person', 'sub_labels': 'other', 'sub_labels_conf': 0.7720369100570679, 'id': 9}, {'box': [1197.604736328125, 384.7536926269531, 89.8968505859375, 228.50775146484375], 'conf': 0.8183251, 'label_id': 'person', 'sub_labels': 'other', 'sub_labels_conf': 0.9994009733200073, 'id': 11}, {'box': [406.6086730957031, 527.661376953125, 96.39849853515625, 276.0435791015625], 'conf': 0.7331265, 'label_id': 'person', 'sub_labels': 'other', 'sub_labels_conf': 0.9839782118797302, 'id': 12}, {'box': [1021.849609375, 199.37710571289062, 46.11761474609375, 122.16151428222656], 'conf': 0.5645451, 'label_id': 'person', 'sub_labels': 'other', 'sub_labels_conf': 0.9627842307090759, 'id': 13}, {'box': [1716.797119140625, 420.736083984375, 73.8946533203125, 190.62966918945312], 'conf': 0.51661897, 'label_id': 'person', 'sub_labels': 'other', 'sub_labels_conf': 0.5756017565727234, 'id': 16}, {'box': [1180.2337646484375, 272.9612731933594, 78.23583984375, 150.83656311035156], 'conf': 0.78307605, 'label_id': 'person', 'sub_labels': 'other', 'sub_labels_conf': 0.9959514141082764, 'id': 6}, {'box': [1611.0972900390625, 358.16204833984375, 98.939697265625, 187.177001953125], 'conf': 0.63485056, 'label_id': 'person', 'sub_labels': 'other', 'sub_labels_conf': 0.998992383480072, 'id': 15}, {'box': [994.5272216796875, 258.1876220703125, 74.01629638671875, 186.25308227539062], 'conf': 0.76194596, 'label_id': 'person', 'sub_labels': 'other', 'sub_labels_conf': 0.996396005153656, 'id': 17}, {'box': [84.8337173461914, 635.904296875, 148.6392364501953, 263.63519287109375], 'conf': 0.7974921, 'label_id': 'person', 'sub_labels': 'other', 'sub_labels_conf': 0.9983583092689514, 'id': 7}, {'box': [939.3457641601562, 206.63619995117188, 59.6646728515625, 162.42877197265625], 'conf': 0.7639474, 'label_id': 'person', 'sub_labels': 'other', 'sub_labels_conf': 0.9891716837882996, 'id': 18}]"
166,2024/5/22 Wednesday 0:0:6,"[{'box': [263.3358459472656, 551.1569213867188, 141.19496154785156, 277.6039123535156], 'conf': 0.8172942, 'label_id': 'person', 'sub_labels': 'other', 'sub_labels_conf': 0.9999972581863403, 'id': 2}, {'box': [904.5805053710938, 269.71282958984375, 86.843017578125, 200.79818725585938], 'conf': 0.8498559, 'label_id': 'person', 'sub_labels': 'other', 'sub_labels_conf': 0.9708237051963806, 'id': 4}, {'box': [317.9983825683594, 549.486328125, 124.57037353515625, 236.70550537109375], 'conf': 0.7456992, 'label_id': 'person', 'sub_labels': 'other', 'sub_labels_conf': 0.99883633852005, 'id': 5}, {'box': [499.245849609375, 501.7489318847656, 113.6739501953125, 312.32952880859375], 'conf': 0.66038615, 'label_id': 'person', 'sub_labels': 'other', 'sub_labels_conf': 0.888176441192627, 'id': 8}, {'box': [182.3560028076172, 555.437744140625, 96.36163330078125, 238.04440307617188], 'conf': 0.75275147, 'label_id': 'person', 'sub_labels': 'other', 'sub_labels_conf': 0.8117537498474121, 'id': 9}, {'box': [1196.95263671875, 385.6741943359375, 91.6602783203125, 227.204833984375], 'conf': 0.8149104, 'label_id': 'person', 'sub_labels': 'other', 'sub_labels_conf': 0.9996992349624634, 'id': 11}, {'box': [406.56689453125, 535.3207397460938, 95.39614868164062, 266.76806640625], 'conf': 0.7258217, 'label_id': 'person', 'sub_labels': 'other', 'sub_labels_conf': 0.985750675201416, 'id': 12}, {'box': [1021.3139038085938, 196.3876190185547, 46.1942138671875, 120.23220825195312], 'conf': 0.4381356, 'label_id': 'person', 'sub_labels': 'other', 'sub_labels_conf': 0.9815989136695862, 'id': 13}, {'box': [1714.8360595703125, 424.3812255859375, 76.622314453125, 184.59716796875], 'conf': 0.6944918, 'label_id': 'person', 'sub_labels': 'other', 'sub_labels_conf': 0.5735644102096558, 'id': 16}, {'box': [1180.141357421875, 272.5496826171875, 78.2635498046875, 149.58566284179688], 'conf': 0.7879089, 'label_id': 'person', 'sub_labels': 'other', 'sub_labels_conf': 0.9965296387672424, 'id': 6}, {'box': [1610.6787109375, 357.9036560058594, 99.3065185546875, 185.0888671875], 'conf': 0.6567993, 'label_id': 'person', 'sub_labels': 'other', 'sub_labels_conf': 0.9992744326591492, 'id': 15}, {'box': [994.4589233398438, 261.5313415527344, 77.0740966796875, 193.07960510253906], 'conf': 0.767968, 'label_id': 'person', 'sub_labels': 'other', 'sub_labels_conf': 0.9991222023963928, 'id': 17}, {'box': [85.2584228515625, 634.5693969726562, 151.76373291015625, 256.4108581542969], 'conf': 0.81559813, 'label_id': 'person', 'sub_labels': 'other', 'sub_labels_conf': 0.9978245496749878, 'id': 7}, {'box': [940.0617065429688, 205.91783142089844, 61.07373046875, 162.49990844726562], 'conf': 0.70581996, 'label_id': 'person', 'sub_labels': 'other', 'sub_labels_conf': 0.997955322265625, 'id': 18}]"
167,2024/5/22 Wednesday 0:0:6,"[{'box': [262.89703369140625, 551.501220703125, 141.14474487304688, 277.5267028808594], 'conf': 0.80901074, 'label_id': 'person', 'sub_labels': 'other', 'sub_labels_conf': 0.9999954700469971, 'id': 2}, {'box': [904.8668212890625, 267.2857666015625, 91.27716064453125, 196.76876831054688], 'conf': 0.8458623, 'label_id': 'person', 'sub_labels': 'other', 'sub_labels_conf': 0.9692040085792542, 'id': 4}, {'box': [318.46356201171875, 550.171875, 123.82418823242188, 235.70770263671875], 'conf': 0.7303272, 'label_id': 'person', 'sub_labels': 'other', 'sub_labels_conf': 0.99898761510849, 'id': 5}, {'box': [499.3593444824219, 501.12786865234375, 115.01153564453125, 313.9912414550781], 'conf': 0.6695345, 'label_id': 'person', 'sub_labels': 'other', 'sub_labels_conf': 0.8409709930419922, 'id': 8}, {'box': [182.42486572265625, 555.6348876953125, 95.81001281738281, 236.5537109375], 'conf': 0.74249476, 'label_id': 'person', 'sub_labels': 'other', 'sub_labels_conf': 0.5925232172012329, 'id': 9}, {'box': [1194.8154296875, 385.6663818359375, 88.9696044921875, 227.66973876953125], 'conf': 0.7876021, 'label_id': 'person', 'sub_labels': 'other', 'sub_labels_conf': 0.9991051554679871, 'id': 11}, {'box': [406.1212158203125, 526.2330322265625, 94.47402954101562, 291.05316162109375], 'conf': 0.7483702, 'label_id': 'person', 'sub_labels': 'other', 'sub_labels_conf': 0.9887040257453918, 'id': 12}, {'box': [1021.0224609375, 199.50340270996094, 47.470703125, 127.16140747070312], 'conf': 0.51547164, 'label_id': 'person', 'sub_labels': 'other', 'sub_labels_conf': 0.9837693572044373, 'id': 13}, {'box': [1713.260986328125, 404.3824462890625, 77.4410400390625, 226.7357177734375], 'conf': 0.46561328, 'label_id': 'person', 'sub_labels': 'other', 'sub_labels_conf': 0.8283914923667908, 'id': 16}, {'box': [1180.1090087890625, 270.53863525390625, 78.094970703125, 145.62142944335938], 'conf': 0.7985253, 'label_id': 'person', 'sub_labels': 'other', 'sub_labels_conf': 0.9968359470367432, 'id': 6}, {'box': [1610.8564453125, 358.3305969238281, 101.7559814453125, 187.16326904296875], 'conf': 0.6233332, 'label_id': 'person', 'sub_labels': 'other', 'sub_labels_conf': 0.9989972710609436, 'id': 15}, {'box': [994.8463134765625, 260.16864013671875, 76.13116455078125, 190.83912658691406], 'conf': 0.7632389, 'label_id': 'person', 'sub_labels': 'other', 'sub_labels_conf': 0.9989305138587952, 'id': 17}, {'box': [87.05490112304688, 633.2830810546875, 154.84136962890625, 252.83099365234375], 'conf': 0.80634713, 'label_id': 'person', 'sub_labels': 'other', 'sub_labels_conf': 0.9977865219116211, 'id': 7}, {'box': [939.8622436523438, 204.86419677734375, 60.6563720703125, 162.05604553222656], 'conf': 0.7004143, 'label_id': 'person', 'sub_labels': 'other', 'sub_labels_conf': 0.9979593753814697, 'id': 18}]"
168,2024/5/22 Wednesday 0:0:6,"[{'box': [262.18243408203125, 553.020751953125, 141.62918090820312, 274.70654296875], 'conf': 0.8043613, 'label_id': 'person', 'sub_labels': 'other', 'sub_labels_conf': 0.999996542930603, 'id': 2}, {'box': [905.3551025390625, 263.4425048828125, 94.47857666015625, 192.64468383789062], 'conf': 0.8522536, 'label_id': 'person', 'sub_labels': 'other', 'sub_labels_conf': 0.9703571200370789, 'id': 4}, {'box': [318.3089904785156, 551.0428466796875, 123.959716796875, 235.08953857421875], 'conf': 0.73033804, 'label_id': 'person', 'sub_labels': 'other', 'sub_labels_conf': 0.9986956715583801, 'id': 5}, {'box': [499.705810546875, 501.65277099609375, 115.51791381835938, 315.6271667480469], 'conf': 0.68184495, 'label_id': 'person', 'sub_labels': 'other', 'sub_labels_conf': 0.9062473773956299, 'id': 8}, {'box': [182.48733520507812, 555.2638549804688, 95.99208068847656, 236.6248779296875], 'conf': 0.71089137, 'label_id': 'person', 'sub_labels': 'other', 'sub_labels_conf': 0.8698925375938416, 'id': 9}, {'box': [1193.4327392578125, 385.5403137207031, 88.49169921875, 228.2685546875], 'conf': 0.81327564, 'label_id': 'person', 'sub_labels': 'other', 'sub_labels_conf': 0.999380350112915, 'id': 11}, {'box': [406.19085693359375, 528.6464233398438, 93.12234497070312, 288.4200439453125], 'conf': 0.66792893, 'label_id': 'person', 'sub_labels': 'other', 'sub_labels_conf': 0.9840008020401001, 'id': 12}, {'box': [1020.93896484375, 199.27658081054688, 47.63775634765625, 127.35459899902344], 'conf': 0.5265032, 'label_id': 'person', 'sub_labels': 'other', 'sub_labels_conf': 0.9950681924819946, 'id': 13}, {'box': [1712.8060302734375, 397.83837890625, 75.68115234375, 240.6324462890625], 'conf': 0.49883816, 'label_id': 'person', 'sub_labels': 'other', 'sub_labels_conf': 0.8798391222953796, 'id': 16}, {'box': [1179.94287109375, 271.51959228515625, 78.1898193359375, 147.9168701171875], 'conf': 0.76151955, 'label_id': 'person', 'sub_labels': 'other', 'sub_labels_conf': 0.9976449608802795, 'id': 6}, {'box': [1608.5400390625, 358.0024719238281, 99.9334716796875, 186.1915283203125], 'conf': 0.6107679, 'label_id': 'person', 'sub_labels': 'other', 'sub_labels_conf': 0.9997714161872864, 'id': 15}, {'box': [995.1043701171875, 258.2670593261719, 75.769775390625, 189.9327850341797], 'conf': 0.7539693, 'label_id': 'person', 'sub_labels': 'other', 'sub_labels_conf': 0.9994157552719116, 'id': 17}, {'box': [88.61495208740234, 634.311279296875, 157.4276885986328, 248.92279052734375], 'conf': 0.83358496, 'label_id': 'person', 'sub_labels': 'other', 'sub_labels_conf': 0.9978148937225342, 'id': 7}, {'box': [940.09716796875, 203.38694763183594, 61.89105224609375, 159.56619262695312], 'conf': 0.69628847, 'label_id': 'person', 'sub_labels': 'other', 'sub_labels_conf': 0.9973388314247131, 'id': 18}]"
169,2024/5/22 Wednesday 0:0:6,"[{'box': [262.51837158203125, 553.5496826171875, 142.3252410888672, 271.94610595703125], 'conf': 0.8042584, 'label_id': 'person', 'sub_labels': 'other', 'sub_labels_conf': 0.9999935626983643, 'id': 2}, {'box': [904.7492065429688, 260.6160583496094, 94.3309326171875, 188.07862854003906], 'conf': 0.83505446, 'label_id': 'person', 'sub_labels': 'other', 'sub_labels_conf': 0.9648805856704712, 'id': 4}, {'box': [317.66754150390625, 551.6368408203125, 126.03305053710938, 235.26736450195312], 'conf': 0.7265773, 'label_id': 'person', 'sub_labels': 'other', 'sub_labels_conf': 0.9991620779037476, 'id': 5}, {'box': [499.8667297363281, 502.4686279296875, 115.97540283203125, 315.3868408203125], 'conf': 0.6695859, 'label_id': 'person', 'sub_labels': 'other', 'sub_labels_conf': 0.9609329104423523, 'id': 8}, {'box': [182.64967346191406, 555.2806396484375, 96.5408935546875, 236.76138305664062], 'conf': 0.68677735, 'label_id': 'person', 'sub_labels': 'other', 'sub_labels_conf': 0.7413415908813477, 'id': 9}, {'box': [1193.944580078125, 385.32354736328125, 90.4573974609375, 229.02853393554688], 'conf': 0.8017614, 'label_id': 'person', 'sub_labels': 'other', 'sub_labels_conf': 0.999657154083252, 'id': 11}, {'box': [406.795654296875, 536.52880859375, 93.816650390625, 274.3551025390625], 'conf': 0.6863726, 'label_id': 'person', 'sub_labels': 'other', 'sub_labels_conf': 0.982348620891571, 'id': 12}, {'box': [1020.7687377929688, 199.06375122070312, 47.8072509765625, 129.46604919433594], 'conf': 0.5125737, 'label_id': 'person', 'sub_labels': 'other', 'sub_labels_conf': 0.9902616143226624, 'id': 13}, {'box': [1711.9248046875, 412.8601379394531, 75.8250732421875, 209.55352783203125], 'conf': 0.44767717, 'label_id': 'person', 'sub_labels': 'other', 'sub_labels_conf': 0.6224638819694519, 'id': 16}, {'box': [1179.9202880859375, 272.1195373535156, 78.226806640625, 149.4205322265625], 'conf': 0.71115476, 'label_id': 'person', 'sub_labels': 'other', 'sub_labels_conf': 0.9973958730697632, 'id': 6}, {'box': [1607.498291015625, 357.4222412109375, 99.7335205078125, 185.43902587890625], 'conf': 0.59474975, 'label_id': 'person', 'sub_labels': 'other', 'sub_labels_conf': 0.9996819496154785, 'id': 15}, {'box': [994.8168334960938, 258.73358154296875, 75.7174072265625, 190.03054809570312], 'conf': 0.7585141, 'label_id': 'person', 'sub_labels': 'other', 'sub_labels_conf': 0.9965547323226929, 'id': 17}, {'box': [89.32330322265625, 635.7713623046875, 158.043212890625, 248.18008422851562], 'conf': 0.8345982, 'label_id': 'person', 'sub_labels': 'other', 'sub_labels_conf': 0.99785977602005, 'id': 7}, {'box': [939.9722900390625, 203.8971405029297, 61.945556640625, 160.01242065429688], 'conf': 0.5928938, 'label_id': 'person', 'sub_labels': 'other', 'sub_labels_conf': 0.9986409544944763, 'id': 18}]"
170,2024/5/22 Wednesday 0:0:6,"[{'box': [262.67828369140625, 556.7694091796875, 143.4124755859375, 265.2315979003906], 'conf': 0.8103202, 'label_id': 'person', 'sub_labels': 'other', 'sub_labels_conf': 0.9999399185180664, 'id': 2}, {'box': [904.1605834960938, 256.9317626953125, 95.6121826171875, 183.54298400878906], 'conf': 0.8172747, 'label_id': 'person', 'sub_labels': 'other', 'sub_labels_conf': 0.9790399074554443, 'id': 4}, {'box': [316.6243896484375, 551.691650390625, 127.07353210449219, 234.83645629882812], 'conf': 0.7439317, 'label_id': 'person', 'sub_labels': 'other', 'sub_labels_conf': 0.9985731840133667, 'id': 5}, {'box': [500.1143798828125, 504.6590576171875, 116.91067504882812, 312.9707336425781], 'conf': 0.6113162, 'label_id': 'person', 'sub_labels': 'other', 'sub_labels_conf': 0.9543645977973938, 'id': 8}, {'box': [182.60789489746094, 554.9295654296875, 96.5157470703125, 237.103271484375], 'conf': 0.62382555, 'label_id': 'person', 'sub_labels': 'other', 'sub_labels_conf': 0.5598177313804626, 'id': 9}, {'box': [1192.6357421875, 384.6085205078125, 87.9073486328125, 228.30126953125], 'conf': 0.786924, 'label_id': 'person', 'sub_labels': 'other', 'sub_labels_conf': 0.999545156955719, 'id': 11}, {'box': [407.4233093261719, 538.5738525390625, 94.873291015625, 261.047119140625], 'conf': 0.73535347, 'label_id': 'person', 'sub_labels': 'other', 'sub_labels_conf': 0.990319013595581, 'id': 12}, {'box': [1020.586669921875, 198.6116180419922, 48.031005859375, 129.91189575195312], 'conf': 0.4980201, 'label_id': 'person', 'sub_labels': 'other', 'sub_labels_conf': 0.995134174823761, 'id': 13}, {'box': [1711.3848876953125, 399.06439208984375, 74.8486328125, 238.08084106445312], 'conf': 0.41017133, 'label_id': 'person', 'sub_labels': 'other', 'sub_labels_conf': 0.8939403891563416, 'id': 16}, {'box': [1179.992919921875, 271.87860107421875, 78.4039306640625, 148.86239624023438], 'conf': 0.7114819, 'label_id': 'person', 'sub_labels': 'other', 'sub_labels_conf': 0.9977408647537231, 'id': 6}, {'box': [1606.402099609375, 357.17547607421875, 97.8214111328125, 185.25955200195312], 'conf': 0.58777404, 'label_id': 'person', 'sub_labels': 'other', 'sub_labels_conf': 0.9995474219322205, 'id': 15}, {'box': [994.8696899414062, 253.40625, 76.2227783203125, 181.36216735839844], 'conf': 0.73375, 'label_id': 'person', 'sub_labels': 'other', 'sub_labels_conf': 0.9994853734970093, 'id': 17}, {'box': [89.29904174804688, 635.7220458984375, 158.27536010742188, 248.50979614257812], 'conf': 0.82064885, 'label_id': 'person', 'sub_labels': 'other', 'sub_labels_conf': 0.9980924725532532, 'id': 7}, {'box': [940.3658447265625, 204.94308471679688, 62.90264892578125, 162.04632568359375], 'conf': 0.5895922, 'label_id': 'person', 'sub_labels': 'other', 'sub_labels_conf': 0.9991224408149719, 'id': 18}]"
171,2024/5/22 Wednesday 0:0:6,"[{'box': [262.5556640625, 557.5565185546875, 143.5399169921875, 263.82061767578125], 'conf': 0.79795295, 'label_id': 'person', 'sub_labels': 'other', 'sub_labels_conf': 0.9999401569366455, 'id': 2}, {'box': [905.7435913085938, 254.86273193359375, 97.8096923828125, 184.80181884765625], 'conf': 0.7978824, 'label_id': 'person', 'sub_labels': 'other', 'sub_labels_conf': 0.9822857975959778, 'id': 4}, {'box': [315.8691101074219, 551.0294799804688, 129.0983428955078, 236.13198852539062], 'conf': 0.7072468, 'label_id': 'person', 'sub_labels': 'other', 'sub_labels_conf': 0.9987853169441223, 'id': 5}, {'box': [500.156005859375, 504.31829833984375, 115.86392211914062, 311.9942932128906], 'conf': 0.6701261, 'label_id': 'person', 'sub_labels': 'other', 'sub_labels_conf': 0.9441655874252319, 'id': 8}, {'box': [182.52667236328125, 554.9379272460938, 96.44548034667969, 237.45272827148438], 'conf': 0.61039406, 'label_id': 'person', 'sub_labels': 'cashier', 'sub_labels_conf': 0.5411717891693115, 'id': 9}, {'box': [1192.2998046875, 383.74298095703125, 87.978759765625, 229.39035034179688], 'conf': 0.7922189, 'label_id': 'person', 'sub_labels': 'other', 'sub_labels_conf': 0.9976715445518494, 'id': 11}, {'box': [406.4618835449219, 543.9241943359375, 102.435302734375, 267.5615234375], 'conf': 0.7684535, 'label_id': 'person', 'sub_labels': 'other', 'sub_labels_conf': 0.985572874546051, 'id': 12}, {'box': [1020.3436279296875, 199.23080444335938, 50.16656494140625, 131.24586486816406], 'conf': 0.61704755, 'label_id': 'person', 'sub_labels': 'other', 'sub_labels_conf': 0.9922983050346375, 'id': 13}, {'box': [1711.127197265625, 395.00994873046875, 74.3651123046875, 246.23440551757812], 'conf': 0.44060388, 'label_id': 'person', 'sub_labels': 'other', 'sub_labels_conf': 0.8760250210762024, 'id': 16}, {'box': [1180.0361328125, 270.7915344238281, 78.637451171875, 146.7693634033203], 'conf': 0.6549968, 'label_id': 'person', 'sub_labels': 'other', 'sub_labels_conf': 0.9969621300697327, 'id': 6}, {'box': [1605.408447265625, 356.9373779296875, 96.1292724609375, 185.18682861328125], 'conf': 0.5862059, 'label_id': 'person', 'sub_labels': 'other', 'sub_labels_conf': 0.9992973804473877, 'id': 15}, {'box': [993.9276123046875, 250.6901397705078, 74.27191162109375, 177.91488647460938], 'conf': 0.6854326, 'label_id': 'person', 'sub_labels': 'other', 'sub_labels_conf': 0.9988491535186768, 'id': 17}, {'box': [88.24111938476562, 635.4663696289062, 154.87277221679688, 248.64041137695312], 'conf': 0.817432, 'label_id': 'person', 'sub_labels': 'other', 'sub_labels_conf': 0.9978942275047302, 'id': 7}, {'box': [940.0250244140625, 205.7216033935547, 61.51788330078125, 164.65689086914062], 'conf': 0.564945, 'label_id': 'person', 'sub_labels': 'other', 'sub_labels_conf': 0.9964034557342529, 'id': 18}]"
172,2024/5/22 Wednesday 0:0:6,"[{'box': [262.520263671875, 557.6340942382812, 143.55838012695312, 264.1800231933594], 'conf': 0.7885264, 'label_id': 'person', 'sub_labels': 'other', 'sub_labels_conf': 0.9999502897262573, 'id': 2}, {'box': [908.4171142578125, 252.98098754882812, 91.77276611328125, 186.76625061035156], 'conf': 0.76166385, 'label_id': 'person', 'sub_labels': 'other', 'sub_labels_conf': 0.9702703356742859, 'id': 4}, {'box': [315.58343505859375, 550.390625, 129.7692413330078, 237.30450439453125], 'conf': 0.70520306, 'label_id': 'person', 'sub_labels': 'other', 'sub_labels_conf': 0.9987732768058777, 'id': 5}, {'box': [500.2230224609375, 505.876708984375, 116.39566040039062, 308.0108642578125], 'conf': 0.6829821, 'label_id': 'person', 'sub_labels': 'other', 'sub_labels_conf': 0.9612734913825989, 'id': 8}, {'box': [182.8037872314453, 555.13330078125, 96.89511108398438, 237.50921630859375], 'conf': 0.6463257, 'label_id': 'person', 'sub_labels': 'other', 'sub_labels_conf': 0.6204342246055603, 'id': 9}, {'box': [1192.677978515625, 384.0353698730469, 91.266845703125, 228.337890625], 'conf': 0.7879033, 'label_id': 'person', 'sub_labels': 'other', 'sub_labels_conf': 0.9960267543792725, 'id': 11}, {'box': [407.8367919921875, 547.0892333984375, 104.52029418945312, 271.09063720703125], 'conf': 0.7769646, 'label_id': 'person', 'sub_labels': 'other', 'sub_labels_conf': 0.9836161732673645, 'id': 12}, {'box': [1020.263427734375, 201.47055053710938, 52.11798095703125, 135.9679412841797], 'conf': 0.62648034, 'label_id': 'person', 'sub_labels': 'other', 'sub_labels_conf': 0.9894920587539673, 'id': 13}, {'box': [1710.7655029296875, 394.48089599609375, 74.2421875, 247.3048095703125], 'conf': 0.5321159, 'label_id': 'person', 'sub_labels': 'other', 'sub_labels_conf': 0.6588819622993469, 'id': 16}, {'box': [1180.143310546875, 268.92236328125, 78.5089111328125, 142.9379425048828], 'conf': 0.67847043, 'label_id': 'person', 'sub_labels': 'other', 'sub_labels_conf': 0.993245542049408, 'id': 6}, {'box': [1605.745849609375, 357.2900390625, 96.450927734375, 186.17446899414062], 'conf': 0.5865282, 'label_id': 'person', 'sub_labels': 'other', 'sub_labels_conf': 0.9995356798171997, 'id': 15}, {'box': [991.1598510742188, 248.7725830078125, 69.1988525390625, 176.25433349609375], 'conf': 0.728105, 'label_id': 'person', 'sub_labels': 'other', 'sub_labels_conf': 0.9997205138206482, 'id': 17}, {'box': [88.89885711669922, 633.9913330078125, 155.03138732910156, 250.03741455078125], 'conf': 0.79328513, 'label_id': 'person', 'sub_labels': 'other', 'sub_labels_conf': 0.9927957653999329, 'id': 7}, {'box': [939.5914306640625, 205.07635498046875, 59.28070068359375, 164.34324645996094], 'conf': 0.61064243, 'label_id': 'person', 'sub_labels': 'other', 'sub_labels_conf': 0.9984812140464783, 'id': 18}]"
173,2024/5/22 Wednesday 0:0:6,"[{'box': [262.54852294921875, 556.7325439453125, 143.76803588867188, 266.87701416015625], 'conf': 0.7932532, 'label_id': 'person', 'sub_labels': 'other', 'sub_labels_conf': 0.9999731779098511, 'id': 2}, {'box': [910.5087890625, 252.05267333984375, 92.46722412109375, 186.79124450683594], 'conf': 0.7559396, 'label_id': 'person', 'sub_labels': 'other', 'sub_labels_conf': 0.974697470664978, 'id': 4}, {'box': [316.1788635253906, 550.4500732421875, 127.02412414550781, 236.73233032226562], 'conf': 0.78042436, 'label_id': 'person', 'sub_labels': 'other', 'sub_labels_conf': 0.9991490840911865, 'id': 5}, {'box': [500.86151123046875, 505.87176513671875, 118.44143676757812, 308.9679870605469], 'conf': 0.68635863, 'label_id': 'person', 'sub_labels': 'other', 'sub_labels_conf': 0.9564647674560547, 'id': 8}, {'box': [182.6893310546875, 555.162353515625, 96.45057678222656, 237.39279174804688], 'conf': 0.59760386, 'label_id': 'person', 'sub_labels': 'other', 'sub_labels_conf': 0.6198956966400146, 'id': 9}, {'box': [1192.766845703125, 384.45751953125, 93.44384765625, 227.96044921875], 'conf': 0.7967154, 'label_id': 'person', 'sub_labels': 'other', 'sub_labels_conf': 0.9981511235237122, 'id': 11}, {'box': [409.828125, 549.1787109375, 107.681396484375, 273.8116760253906], 'conf': 0.7770227, 'label_id': 'person', 'sub_labels': 'other', 'sub_labels_conf': 0.9849444031715393, 'id': 12}, {'box': [1019.9478759765625, 201.85000610351562, 54.205322265625, 137.17547607421875], 'conf': 0.6228627, 'label_id': 'person', 'sub_labels': 'other', 'sub_labels_conf': 0.9932417273521423, 'id': 13}, {'box': [1710.13134765625, 394.72802734375, 73.0216064453125, 246.7572021484375], 'conf': 0.44382563, 'label_id': 'person', 'sub_labels': 'other', 'sub_labels_conf': 0.7335204482078552, 'id': 16}, {'box': [1179.922119140625, 264.12579345703125, 78.7108154296875, 132.8784637451172], 'conf': 0.74144036, 'label_id': 'person', 'sub_labels': 'other', 'sub_labels_conf': 0.9882970452308655, 'id': 6}, {'box': [1605.89697265625, 357.05755615234375, 95.0, 186.00491333007812], 'conf': 0.60036814, 'label_id': 'person', 'sub_labels': 'other', 'sub_labels_conf': 0.9998264908790588, 'id': 15}, {'box': [989.357177734375, 247.40261840820312, 73.2265625, 177.3657989501953], 'conf': 0.7303376, 'label_id': 'person', 'sub_labels': 'other', 'sub_labels_conf': 0.9999480247497559, 'id': 17}, {'box': [86.88711547851562, 631.2781372070312, 151.29971313476562, 253.2294921875], 'conf': 0.5237033, 'label_id': 'person', 'sub_labels': 'other', 'sub_labels_conf': 0.9964346885681152, 'id': 7}, {'box': [938.8954467773438, 206.78041076660156, 56.64990234375, 168.32504272460938], 'conf': 0.516882, 'label_id': 'person', 'sub_labels': 'other', 'sub_labels_conf': 0.9900093078613281, 'id': 18}]"
174,2024/5/22 Wednesday 0:0:6,"[{'box': [262.5250549316406, 554.6458740234375, 143.8258514404297, 270.76898193359375], 'conf': 0.8013343, 'label_id': 'person', 'sub_labels': 'other', 'sub_labels_conf': 0.9999927282333374, 'id': 2}, {'box': [910.2481689453125, 251.91416931152344, 95.21490478515625, 186.64413452148438], 'conf': 0.7468724, 'label_id': 'person', 'sub_labels': 'other', 'sub_labels_conf': 0.9623613953590393, 'id': 4}, {'box': [316.81060791015625, 551.3829956054688, 126.15751647949219, 234.5263671875], 'conf': 0.7702341, 'label_id': 'person', 'sub_labels': 'other', 'sub_labels_conf': 0.9993323683738708, 'id': 5}, {'box': [499.4761962890625, 512.2434692382812, 117.0849609375, 313.4842224121094], 'conf': 0.6975606, 'label_id': 'person', 'sub_labels': 'other', 'sub_labels_conf': 0.940049946308136, 'id': 8}, {'box': [182.8328857421875, 555.5139770507812, 96.63368225097656, 237.00326538085938], 'conf': 0.6208059, 'label_id': 'person', 'sub_labels': 'other', 'sub_labels_conf': 0.6819735169410706, 'id': 9}, {'box': [1191.574462890625, 384.3395080566406, 91.6563720703125, 228.42767333984375], 'conf': 0.795268, 'label_id': 'person', 'sub_labels': 'other', 'sub_labels_conf': 0.997414231300354, 'id': 11}, {'box': [410.80279541015625, 549.6961669921875, 111.12466430664062, 271.3847351074219], 'conf': 0.73803765, 'label_id': 'person', 'sub_labels': 'other', 'sub_labels_conf': 0.9685571789741516, 'id': 12}, {'box': [1019.6068115234375, 202.6481170654297, 55.70159912109375, 139.69284057617188], 'conf': 0.6522383, 'label_id': 'person', 'sub_labels': 'other', 'sub_labels_conf': 0.9945185780525208, 'id': 13}, {'box': [1709.4842529296875, 396.7178955078125, 72.50830078125, 242.81396484375], 'conf': 0.53032416, 'label_id': 'person', 'sub_labels': 'other', 'sub_labels_conf': 0.7647555470466614, 'id': 16}, {'box': [1179.6142578125, 261.5915222167969, 78.5777587890625, 127.36415100097656], 'conf': 0.6881589, 'label_id': 'person', 'sub_labels': 'other', 'sub_labels_conf': 0.9916234612464905, 'id': 6}, {'box': [1606.549560546875, 357.192626953125, 94.4881591796875, 185.97378540039062], 'conf': 0.6356123, 'label_id': 'person', 'sub_labels': 'other', 'sub_labels_conf': 0.9998190999031067, 'id': 15}, {'box': [988.7347412109375, 246.09585571289062, 67.8856201171875, 178.36231994628906], 'conf': 0.7483161, 'label_id': 'person', 'sub_labels': 'other', 'sub_labels_conf': 0.9989175796508789, 'id': 17}, {'box': [88.5007553100586, 630.4295043945312, 152.63636779785156, 252.552001953125], 'conf': 0.5381536, 'label_id': 'person', 'sub_labels': 'other', 'sub_labels_conf': 0.990341067314148, 'id': 7}, {'box': [939.143310546875, 218.6331787109375, 55.6090087890625, 194.69264221191406], 'conf': 0.5415691, 'label_id': 'person', 'sub_labels': 'other', 'sub_labels_conf': 0.9796807765960693, 'id': 18}]"
175,2024/5/22 Wednesday 0:0:7,"[{'box': [262.95013427734375, 553.18603515625, 145.84828186035156, 273.21246337890625], 'conf': 0.7875294, 'label_id': 'person', 'sub_labels': 'other', 'sub_labels_conf': 0.9999939203262329, 'id': 2}, {'box': [912.517822265625, 251.50901794433594, 89.47845458984375, 185.68795776367188], 'conf': 0.73527443, 'label_id': 'person', 'sub_labels': 'other', 'sub_labels_conf': 0.9714206457138062, 'id': 4}, {'box': [316.1504211425781, 550.71630859375, 126.9554443359375, 233.82470703125], 'conf': 0.6050764, 'label_id': 'person', 'sub_labels': 'other', 'sub_labels_conf': 0.9994460940361023, 'id': 5}, {'box': [499.19317626953125, 515.216796875, 117.09567260742188, 316.05926513671875], 'conf': 0.6699573, 'label_id': 'person', 'sub_labels': 'other', 'sub_labels_conf': 0.9747364521026611, 'id': 8}, {'box': [183.05853271484375, 555.920654296875, 97.28160095214844, 236.16574096679688], 'conf': 0.59265906, 'label_id': 'person', 'sub_labels': 'other', 'sub_labels_conf': 0.963151216506958, 'id': 9}, {'box': [1191.142578125, 384.2730712890625, 91.565673828125, 230.62615966796875], 'conf': 0.80644447, 'label_id': 'person', 'sub_labels': 'other', 'sub_labels_conf': 0.997986912727356, 'id': 11}, {'box': [404.4179992675781, 545.862060546875, 122.81280517578125, 259.945556640625], 'conf': 0.7257391, 'label_id': 'person', 'sub_labels': 'other', 'sub_labels_conf': 0.8655306696891785, 'id': 12}, {'box': [1019.5294189453125, 201.28492736816406, 55.05523681640625, 138.74215698242188], 'conf': 0.6762308, 'label_id': 'person', 'sub_labels': 'other', 'sub_labels_conf': 0.9839097857475281, 'id': 13}, {'box': [1709.48486328125, 395.8169860839844, 73.0430908203125, 244.27044677734375], 'conf': 0.57934654, 'label_id': 'person', 'sub_labels': 'other', 'sub_labels_conf': 0.8674532771110535, 'id': 16}, {'box': [1179.27734375, 257.8155517578125, 78.09423828125, 119.55670166015625], 'conf': 0.69345003, 'label_id': 'person', 'sub_labels': 'other', 'sub_labels_conf': 0.9093183279037476, 'id': 6}, {'box': [1607.0220947265625, 357.19805908203125, 94.841796875, 185.97634887695312], 'conf': 0.6613233, 'label_id': 'person', 'sub_labels': 'other', 'sub_labels_conf': 0.9998639822006226, 'id': 15}, {'box': [988.4027099609375, 244.40818786621094, 62.2623291015625, 178.42904663085938], 'conf': 0.7395744, 'label_id': 'person', 'sub_labels': 'other', 'sub_labels_conf': 0.9983727931976318, 'id': 17}, {'box': [90.52161407470703, 631.8809204101562, 155.03648376464844, 253.16171264648438], 'conf': 0.6014396, 'label_id': 'person', 'sub_labels': 'other', 'sub_labels_conf': 0.9864822626113892, 'id': 7}, {'box': [939.4204711914062, 221.3409423828125, 53.103271484375, 201.18006896972656], 'conf': 0.56298745, 'label_id': 'person', 'sub_labels': 'other', 'sub_labels_conf': 0.9696369171142578, 'id': 18}]"
176,2024/5/22 Wednesday 0:0:7,"[{'box': [263.05364990234375, 552.829345703125, 145.20359802246094, 273.3539123535156], 'conf': 0.791735, 'label_id': 'person', 'sub_labels': 'other', 'sub_labels_conf': 0.9999971389770508, 'id': 2}, {'box': [911.9661865234375, 250.76864624023438, 82.6805419921875, 184.66546630859375], 'conf': 0.72679114, 'label_id': 'person', 'sub_labels': 'other', 'sub_labels_conf': 0.9497266411781311, 'id': 4}, {'box': [315.5850524902344, 549.2984008789062, 128.03916931152344, 235.41763305664062], 'conf': 0.54603416, 'label_id': 'person', 'sub_labels': 'other', 'sub_labels_conf': 0.9991451501846313, 'id': 5}, {'box': [499.64263916015625, 516.3067626953125, 117.57308959960938, 314.89654541015625], 'conf': 0.62972224, 'label_id': 'person', 'sub_labels': 'other', 'sub_labels_conf': 0.9671811461448669, 'id': 8}, {'box': [182.9019012451172, 556.1231079101562, 96.95159912109375, 235.316162109375], 'conf': 0.5132395, 'label_id': 'person', 'sub_labels': 'other', 'sub_labels_conf': 0.7205987572669983, 'id': 9}, {'box': [1190.531982421875, 384.4917297363281, 91.5181884765625, 230.996826171875], 'conf': 0.80873376, 'label_id': 'person', 'sub_labels': 'other', 'sub_labels_conf': 0.9988769888877869, 'id': 11}, {'box': [402.30859375, 540.840576171875, 117.4722900390625, 250.19989013671875], 'conf': 0.6972665, 'label_id': 'person', 'sub_labels': 'other', 'sub_labels_conf': 0.9510763883590698, 'id': 12}, {'box': [1020.0152587890625, 201.83523559570312, 53.75701904296875, 141.10789489746094], 'conf': 0.67894244, 'label_id': 'person', 'sub_labels': 'other', 'sub_labels_conf': 0.9924396276473999, 'id': 13}, {'box': [1709.5087890625, 394.95196533203125, 73.0718994140625, 246.2061767578125], 'conf': 0.57895786, 'label_id': 'person', 'sub_labels': 'other', 'sub_labels_conf': 0.8751838803291321, 'id': 16}, {'box': [1178.967529296875, 256.3121337890625, 77.87548828125, 116.35200500488281], 'conf': 0.7423013, 'label_id': 'person', 'sub_labels': 'other', 'sub_labels_conf': 0.9331985116004944, 'id': 6}, {'box': [1607.553955078125, 357.62530517578125, 94.5107421875, 187.00299072265625], 'conf': 0.68428916, 'label_id': 'person', 'sub_labels': 'other', 'sub_labels_conf': 0.9998692274093628, 'id': 15}, {'box': [988.2282104492188, 243.28347778320312, 61.9617919921875, 177.62342834472656], 'conf': 0.7857104, 'label_id': 'person', 'sub_labels': 'other', 'sub_labels_conf': 0.9991981387138367, 'id': 17}, {'box': [92.29486083984375, 633.2993774414062, 156.78143310546875, 252.321533203125], 'conf': 0.63313985, 'label_id': 'person', 'sub_labels': 'other', 'sub_labels_conf': 0.9876168370246887, 'id': 7}, {'box': [940.1485595703125, 213.99493408203125, 53.07208251953125, 188.11553955078125], 'conf': 0.58149624, 'label_id': 'person', 'sub_labels': 'other', 'sub_labels_conf': 0.9816746115684509, 'id': 18}]"
177,2024/5/22 Wednesday 0:0:7,"[{'box': [262.2806091308594, 552.1451416015625, 144.206298828125, 273.9890441894531], 'conf': 0.7921839, 'label_id': 'person', 'sub_labels': 'other', 'sub_labels_conf': 0.9999953508377075, 'id': 2}, {'box': [914.2295532226562, 250.57626342773438, 76.3804931640625, 184.83245849609375], 'conf': 0.77856046, 'label_id': 'person', 'sub_labels': 'other', 'sub_labels_conf': 0.9845729470252991, 'id': 4}, {'box': [315.8866882324219, 549.04833984375, 127.89836120605469, 236.5032958984375], 'conf': 0.61328757, 'label_id': 'person', 'sub_labels': 'other', 'sub_labels_conf': 0.9992485642433167, 'id': 5}, {'box': [500.22711181640625, 512.197509765625, 117.07614135742188, 316.51983642578125], 'conf': 0.6358157, 'label_id': 'person', 'sub_labels': 'other', 'sub_labels_conf': 0.923360288143158, 'id': 8}, {'box': [182.6268310546875, 556.0074462890625, 96.60780334472656, 235.80184936523438], 'conf': 0.5772344, 'label_id': 'person', 'sub_labels': 'other', 'sub_labels_conf': 0.7233250141143799, 'id': 9}, {'box': [1189.106201171875, 383.83489990234375, 93.2117919921875, 232.06607055664062], 'conf': 0.8101569, 'label_id': 'person', 'sub_labels': 'other', 'sub_labels_conf': 0.9992510676383972, 'id': 11}, {'box': [398.67559814453125, 541.3438720703125, 119.79953002929688, 242.70025634765625], 'conf': 0.6883194, 'label_id': 'person', 'sub_labels': 'other', 'sub_labels_conf': 0.9350194931030273, 'id': 12}, {'box': [1020.396728515625, 202.4539794921875, 51.74688720703125, 143.5188446044922], 'conf': 0.6822803, 'label_id': 'person', 'sub_labels': 'other', 'sub_labels_conf': 0.9903327822685242, 'id': 13}, {'box': [1709.5372314453125, 394.33990478515625, 72.869873046875, 247.609619140625], 'conf': 0.5729572, 'label_id': 'person', 'sub_labels': 'other', 'sub_labels_conf': 0.8679167628288269, 'id': 16}, {'box': [1178.689208984375, 255.62828063964844, 78.0606689453125, 114.26242065429688], 'conf': 0.77592945, 'label_id': 'person', 'sub_labels': 'other', 'sub_labels_conf': 0.9656549692153931, 'id': 6}, {'box': [1608.7822265625, 357.85302734375, 94.4239501953125, 187.26425170898438], 'conf': 0.69487274, 'label_id': 'person', 'sub_labels': 'other', 'sub_labels_conf': 0.9998555183410645, 'id': 15}, {'box': [987.445556640625, 243.15594482421875, 60.04510498046875, 177.6822509765625], 'conf': 0.7856378, 'label_id': 'person', 'sub_labels': 'other', 'sub_labels_conf': 0.9998975992202759, 'id': 17}, {'box': [92.0308837890625, 633.3648071289062, 156.22747802734375, 253.00369262695312], 'conf': 0.5664931, 'label_id': 'person', 'sub_labels': 'other', 'sub_labels_conf': 0.9795348048210144, 'id': 7}, {'box': [941.7516479492188, 202.02426147460938, 52.9703369140625, 165.3013458251953], 'conf': 0.5823863, 'label_id': 'person', 'sub_labels': 'other', 'sub_labels_conf': 0.9726961851119995, 'id': 18}]"
178,2024/5/22 Wednesday 0:0:7,"[{'box': [261.21240234375, 551.8965454101562, 142.4032440185547, 272.5951232910156], 'conf': 0.7966729, 'label_id': 'person', 'sub_labels': 'other', 'sub_labels_conf': 0.9999912977218628, 'id': 2}, {'box': [911.93896484375, 249.4440155029297, 74.32037353515625, 182.52706909179688], 'conf': 0.74017406, 'label_id': 'person', 'sub_labels': 'other', 'sub_labels_conf': 0.9526000022888184, 'id': 4}, {'box': [316.92999267578125, 550.877685546875, 129.26919555664062, 235.07809448242188], 'conf': 0.7723042, 'label_id': 'person', 'sub_labels': 'other', 'sub_labels_conf': 0.9992669224739075, 'id': 5}, {'box': [500.2026672363281, 508.1523132324219, 113.57586669921875, 318.29449462890625], 'conf': 0.60292524, 'label_id': 'person', 'sub_labels': 'other', 'sub_labels_conf': 0.9525763392448425, 'id': 8}, {'box': [182.1992645263672, 554.4595336914062, 96.56802368164062, 238.6878662109375], 'conf': 0.55004436, 'label_id': 'person', 'sub_labels': 'other', 'sub_labels_conf': 0.7672618627548218, 'id': 9}, {'box': [1190.127197265625, 384.1433410644531, 94.0252685546875, 232.795166015625], 'conf': 0.8062028, 'label_id': 'person', 'sub_labels': 'other', 'sub_labels_conf': 0.9993163347244263, 'id': 11}, {'box': [401.4259033203125, 520.9173583984375, 114.06759643554688, 274.26995849609375], 'conf': 0.57864547, 'label_id': 'person', 'sub_labels': 'other', 'sub_labels_conf': 0.8651362061500549, 'id': 12}, {'box': [1020.990478515625, 202.9228057861328, 49.52972412109375, 144.99417114257812], 'conf': 0.6525396, 'label_id': 'person', 'sub_labels': 'other', 'sub_labels_conf': 0.9539967775344849, 'id': 13}, {'box': [1710.02490234375, 398.55633544921875, 71.8680419921875, 238.996337890625], 'conf': 0.58973545, 'label_id': 'person', 'sub_labels': 'other', 'sub_labels_conf': 0.7895482778549194, 'id': 16}, {'box': [1178.582275390625, 255.13546752929688, 78.2403564453125, 112.11155700683594], 'conf': 0.78724355, 'label_id': 'person', 'sub_labels': 'other', 'sub_labels_conf': 0.97212153673172, 'id': 6}, {'box': [1609.962890625, 357.88641357421875, 95.7911376953125, 187.36923217773438], 'conf': 0.6854492, 'label_id': 'person', 'sub_labels': 'other', 'sub_labels_conf': 0.9999172687530518, 'id': 15}, {'box': [986.9259033203125, 242.04641723632812, 59.875, 175.79969787597656], 'conf': 0.7626449, 'label_id': 'person', 'sub_labels': 'other', 'sub_labels_conf': 0.9991710186004639, 'id': 17}, {'box': [93.306884765625, 633.6197509765625, 158.192626953125, 256.33636474609375], 'conf': 0.5611536, 'label_id': 'person', 'sub_labels': 'other', 'sub_labels_conf': 0.9893226027488708, 'id': 7}, {'box': [942.4827270507812, 196.98974609375, 53.1595458984375, 157.51068115234375], 'conf': 0.66196966, 'label_id': 'person', 'sub_labels': 'other', 'sub_labels_conf': 0.9917150139808655, 'id': 18}]"
179,2024/5/22 Wednesday 0:0:7,"[{'box': [260.06219482421875, 552.7280883789062, 141.76638793945312, 273.5889587402344], 'conf': 0.8114145, 'label_id': 'person', 'sub_labels': 'other', 'sub_labels_conf': 0.9999802112579346, 'id': 2}, {'box': [914.4434204101562, 246.07884216308594, 70.1630859375, 177.45700073242188], 'conf': 0.64662033, 'label_id': 'person', 'sub_labels': 'other', 'sub_labels_conf': 0.9789519309997559, 'id': 4}, {'box': [316.44439697265625, 551.2861328125, 129.83802795410156, 231.9317626953125], 'conf': 0.6623164, 'label_id': 'person', 'sub_labels': 'other', 'sub_labels_conf': 0.9987540245056152, 'id': 5}, {'box': [500.402099609375, 510.4661865234375, 114.44900512695312, 326.7306823730469], 'conf': 0.65814877, 'label_id': 'person', 'sub_labels': 'other', 'sub_labels_conf': 0.9128318428993225, 'id': 8}, {'box': [181.88848876953125, 552.3643188476562, 96.90809631347656, 240.931640625], 'conf': 0.23894517, 'label_id': 'person', 'sub_labels': 'other', 'sub_labels_conf': 0.7728282809257507, 'id': 9}, {'box': [1190.3720703125, 382.68310546875, 95.773193359375, 235.89852905273438], 'conf': 0.8023893, 'label_id': 'person', 'sub_labels': 'other', 'sub_labels_conf': 0.9997565150260925, 'id': 11}, {'box': [400.2376708984375, 531.9441528320312, 112.37936401367188, 247.67782592773438], 'conf': 0.6978607, 'label_id': 'person', 'sub_labels': 'other', 'sub_labels_conf': 0.9552966356277466, 'id': 12}, {'box': [1018.9840698242188, 203.37693786621094, 47.8441162109375, 146.55361938476562], 'conf': 0.64157665, 'label_id': 'person', 'sub_labels': 'other', 'sub_labels_conf': 0.9849927425384521, 'id': 13}, {'box': [1709.891845703125, 402.99395751953125, 71.4842529296875, 229.46548461914062], 'conf': 0.6475796, 'label_id': 'person', 'sub_labels': 'other', 'sub_labels_conf': 0.7445970773696899, 'id': 16}, {'box': [1178.40771484375, 254.904052734375, 78.4154052734375, 111.30424499511719], 'conf': 0.74631834, 'label_id': 'person', 'sub_labels': 'other', 'sub_labels_conf': 0.9746232628822327, 'id': 6}, {'box': [1609.749755859375, 358.25579833984375, 95.5960693359375, 187.2371826171875], 'conf': 0.6921962, 'label_id': 'person', 'sub_labels': 'other', 'sub_labels_conf': 0.9998074173927307, 'id': 15}, {'box': [987.273193359375, 240.72357177734375, 58.00738525390625, 173.8717041015625], 'conf': 0.778422, 'label_id': 'person', 'sub_labels': 'other', 'sub_labels_conf': 0.998883068561554, 'id': 17}, {'box': [93.49478149414062, 637.6724243164062, 158.7801513671875, 251.54611206054688], 'conf': 0.6220208, 'label_id': 'person', 'sub_labels': 'other', 'sub_labels_conf': 0.9908101558685303, 'id': 7}, {'box': [942.2440185546875, 206.09950256347656, 54.67510986328125, 178.53244018554688], 'conf': 0.5336682, 'label_id': 'person', 'sub_labels': 'other', 'sub_labels_conf': 0.9752434492111206, 'id': 18}]"
180,2024/5/22 Wednesday 0:0:7,"[{'box': [260.62738037109375, 552.69384765625, 143.1024932861328, 273.46234130859375], 'conf': 0.81599426, 'label_id': 'person', 'sub_labels': 'other', 'sub_labels_conf': 0.9999874830245972, 'id': 2}, {'box': [917.0292358398438, 244.0533905029297, 68.71728515625, 174.56942749023438], 'conf': 0.70171463, 'label_id': 'person', 'sub_labels': 'other', 'sub_labels_conf': 0.980087399482727, 'id': 4}, {'box': [315.85809326171875, 551.275634765625, 126.17814636230469, 235.61541748046875], 'conf': 0.46175775, 'label_id': 'person', 'sub_labels': 'other', 'sub_labels_conf': 0.9985707998275757, 'id': 5}, {'box': [499.6568603515625, 511.61993408203125, 115.54830932617188, 331.3313903808594], 'conf': 0.73510206, 'label_id': 'person', 'sub_labels': 'other', 'sub_labels_conf': 0.9541952610015869, 'id': 8}, {'box': [181.34352111816406, 550.8502807617188, 101.30328369140625, 247.1112060546875], 'conf': 0.33274424, 'label_id': 'person', 'sub_labels': 'other', 'sub_labels_conf': 0.7705325484275818, 'id': 9}, {'box': [1190.50634765625, 382.18115234375, 95.8375244140625, 238.06912231445312], 'conf': 0.814347, 'label_id': 'person', 'sub_labels': 'other', 'sub_labels_conf': 0.9995113611221313, 'id': 11}, {'box': [400.80914306640625, 536.184326171875, 109.14340209960938, 236.85235595703125], 'conf': 0.68055904, 'label_id': 'person', 'sub_labels': 'other', 'sub_labels_conf': 0.9826837182044983, 'id': 12}, {'box': [1018.5360107421875, 203.0742950439453, 46.87603759765625, 146.67568969726562], 'conf': 0.64494026, 'label_id': 'person', 'sub_labels': 'other', 'sub_labels_conf': 0.9553685784339905, 'id': 13}, {'box': [1709.8197021484375, 404.42041015625, 71.30419921875, 226.67416381835938], 'conf': 0.64758486, 'label_id': 'person', 'sub_labels': 'other', 'sub_labels_conf': 0.710641086101532, 'id': 16}, {'box': [1178.231201171875, 254.54747009277344, 77.6856689453125, 110.47714233398438], 'conf': 0.73222214, 'label_id': 'person', 'sub_labels': 'other', 'sub_labels_conf': 0.9808721542358398, 'id': 6}, {'box': [1609.583984375, 359.28887939453125, 97.1033935546875, 189.71563720703125], 'conf': 0.71492296, 'label_id': 'person', 'sub_labels': 'other', 'sub_labels_conf': 0.9998196959495544, 'id': 15}, {'box': [987.3155517578125, 239.97372436523438, 57.6405029296875, 174.2598114013672], 'conf': 0.74998826, 'label_id': 'person', 'sub_labels': 'other', 'sub_labels_conf': 0.9987112283706665, 'id': 17}, {'box': [93.31452178955078, 640.53466796875, 159.88356018066406, 249.103759765625], 'conf': 0.6145606, 'label_id': 'person', 'sub_labels': 'other', 'sub_labels_conf': 0.9759067893028259, 'id': 7}, {'box': [942.169189453125, 204.55206298828125, 55.9884033203125, 177.02130126953125], 'conf': 0.507274, 'label_id': 'person', 'sub_labels': 'other', 'sub_labels_conf': 0.9744958877563477, 'id': 18}]"
181,2024/5/22 Wednesday 0:0:7,"[{'box': [260.5774230957031, 552.6998291015625, 143.0194549560547, 273.42535400390625], 'conf': 0.8098624, 'label_id': 'person', 'sub_labels': 'other', 'sub_labels_conf': 0.9999877214431763, 'id': 2}, {'box': [918.993896484375, 242.2615966796875, 67.395263671875, 173.425048828125], 'conf': 0.7204557, 'label_id': 'person', 'sub_labels': 'other', 'sub_labels_conf': 0.9808613657951355, 'id': 4}, {'box': [315.24957275390625, 551.3081665039062, 125.49688720703125, 237.52920532226562], 'conf': 0.51763785, 'label_id': 'person', 'sub_labels': 'other', 'sub_labels_conf': 0.9994897842407227, 'id': 5}, {'box': [499.483154296875, 512.59716796875, 116.0406494140625, 334.05633544921875], 'conf': 0.7229966, 'label_id': 'person', 'sub_labels': 'other', 'sub_labels_conf': 0.9442875981330872, 'id': 8}, {'box': [182.5110321044922, 551.802978515625, 99.8223876953125, 246.48944091796875], 'conf': 0.38486648, 'label_id': 'person', 'sub_labels': 'other', 'sub_labels_conf': 0.87627774477005, 'id': 9}, {'box': [1190.3343505859375, 382.5213928222656, 94.423095703125, 238.297119140625], 'conf': 0.8059269, 'label_id': 'person', 'sub_labels': 'other', 'sub_labels_conf': 0.9991787075996399, 'id': 11}, {'box': [400.75506591796875, 538.2178344726562, 104.5103759765625, 233.10385131835938], 'conf': 0.68417794, 'label_id': 'person', 'sub_labels': 'other', 'sub_labels_conf': 0.9952164888381958, 'id': 12}, {'box': [1018.6046142578125, 201.51617431640625, 45.96453857421875, 146.4048614501953], 'conf': 0.6327164, 'label_id': 'person', 'sub_labels': 'other', 'sub_labels_conf': 0.980459988117218, 'id': 13}, {'box': [1709.826416015625, 405.5141296386719, 71.1390380859375, 224.57098388671875], 'conf': 0.6408821, 'label_id': 'person', 'sub_labels': 'other', 'sub_labels_conf': 0.6274496912956238, 'id': 16}, {'box': [1178.224365234375, 254.90086364746094, 77.4576416015625, 111.16476440429688], 'conf': 0.7482166, 'label_id': 'person', 'sub_labels': 'other', 'sub_labels_conf': 0.9839416146278381, 'id': 6}, {'box': [1609.743896484375, 359.8890686035156, 97.4359130859375, 191.797119140625], 'conf': 0.75494075, 'label_id': 'person', 'sub_labels': 'other', 'sub_labels_conf': 0.9997995495796204, 'id': 15}, {'box': [987.79345703125, 238.052001953125, 56.73675537109375, 173.06817626953125], 'conf': 0.7220613, 'label_id': 'person', 'sub_labels': 'other', 'sub_labels_conf': 0.999230146408081, 'id': 17}, {'box': [93.57857513427734, 641.2677001953125, 161.03578186035156, 247.89239501953125], 'conf': 0.5908973, 'label_id': 'person', 'sub_labels': 'other', 'sub_labels_conf': 0.9635555744171143, 'id': 7}, {'box': [942.9422607421875, 196.71743774414062, 55.525146484375, 161.01219177246094], 'conf': 0.5037678, 'label_id': 'person', 'sub_labels': 'other', 'sub_labels_conf': 0.986656665802002, 'id': 18}]"
182,2024/5/22 Wednesday 0:0:7,"[{'box': [261.7428894042969, 552.3248291015625, 143.45233154296875, 272.6580810546875], 'conf': 0.8179606, 'label_id': 'person', 'sub_labels': 'other', 'sub_labels_conf': 0.9999920129776001, 'id': 2}, {'box': [918.043212890625, 241.26287841796875, 67.28155517578125, 174.60755920410156], 'conf': 0.6885179, 'label_id': 'person', 'sub_labels': 'other', 'sub_labels_conf': 0.9798168540000916, 'id': 4}, {'box': [314.5298767089844, 551.3240966796875, 123.80560302734375, 237.73214721679688], 'conf': 0.304866, 'label_id': 'person', 'sub_labels': 'other', 'sub_labels_conf': 0.9987591505050659, 'id': 5}, {'box': [499.5583190917969, 513.6826782226562, 115.54840087890625, 333.8112487792969], 'conf': 0.71231335, 'label_id': 'person', 'sub_labels': 'other', 'sub_labels_conf': 0.9589179158210754, 'id': 8}, {'box': [181.99398803710938, 554.23583984375, 97.29386901855469, 239.12625122070312], 'conf': 0.4829728, 'label_id': 'person', 'sub_labels': 'cashier', 'sub_labels_conf': 0.929898738861084, 'id': 9}, {'box': [1190.202392578125, 383.0796203613281, 94.0025634765625, 235.0213623046875], 'conf': 0.806047, 'label_id': 'person', 'sub_labels': 'other', 'sub_labels_conf': 0.9992652535438538, 'id': 11}, {'box': [402.36688232421875, 539.7171020507812, 100.80667114257812, 228.72573852539062], 'conf': 0.7067963, 'label_id': 'person', 'sub_labels': 'other', 'sub_labels_conf': 0.993316650390625, 'id': 12}, {'box': [1017.9625244140625, 200.298095703125, 45.18426513671875, 145.48951721191406], 'conf': 0.6362452, 'label_id': 'person', 'sub_labels': 'other', 'sub_labels_conf': 0.9765475392341614, 'id': 13}, {'box': [1709.95751953125, 407.95220947265625, 71.3153076171875, 219.5340576171875], 'conf': 0.6619029, 'label_id': 'person', 'sub_labels': 'other', 'sub_labels_conf': 0.8091182708740234, 'id': 16}, {'box': [1178.1650390625, 255.2431640625, 77.4559326171875, 111.72196960449219], 'conf': 0.75683135, 'label_id': 'person', 'sub_labels': 'other', 'sub_labels_conf': 0.9636775851249695, 'id': 6}, {'box': [1610.0274658203125, 360.350341796875, 97.61181640625, 193.49411010742188], 'conf': 0.743745, 'label_id': 'person', 'sub_labels': 'other', 'sub_labels_conf': 0.9997543692588806, 'id': 15}, {'box': [987.86279296875, 236.3407745361328, 56.45318603515625, 169.95980834960938], 'conf': 0.7043541, 'label_id': 'person', 'sub_labels': 'other', 'sub_labels_conf': 0.9992449283599854, 'id': 17}, {'box': [92.7747573852539, 641.5283203125, 161.1907501220703, 244.87255859375], 'conf': 0.51345474, 'label_id': 'person', 'sub_labels': 'other', 'sub_labels_conf': 0.9746121764183044, 'id': 7}, {'box': [941.0570678710938, 202.56976318359375, 59.78369140625, 173.07904052734375], 'conf': 0.49828565, 'label_id': 'person', 'sub_labels': 'other', 'sub_labels_conf': 0.883914053440094, 'id': 18}]"
183,2024/5/22 Wednesday 0:0:7,"[{'box': [262.132080078125, 552.2797241210938, 144.6006317138672, 272.5891418457031], 'conf': 0.8225936, 'label_id': 'person', 'sub_labels': 'other', 'sub_labels_conf': 0.9999953508377075, 'id': 2}, {'box': [919.7188720703125, 239.6928253173828, 65.57958984375, 177.56240844726562], 'conf': 0.7477341, 'label_id': 'person', 'sub_labels': 'other', 'sub_labels_conf': 0.9768269658088684, 'id': 4}, {'box': [499.2225341796875, 513.6481323242188, 116.9854736328125, 330.903076171875], 'conf': 0.68386036, 'label_id': 'person', 'sub_labels': 'other', 'sub_labels_conf': 0.9543496966362, 'id': 8}, {'box': [181.79855346679688, 555.6986083984375, 96.26487731933594, 235.57827758789062], 'conf': 0.59406066, 'label_id': 'person', 'sub_labels': 'cashier', 'sub_labels_conf': 0.5115345120429993, 'id': 9}, {'box': [1190.0638427734375, 381.9288330078125, 92.25146484375, 237.13827514648438], 'conf': 0.80005544, 'label_id': 'person', 'sub_labels': 'other', 'sub_labels_conf': 0.9992037415504456, 'id': 11}, {'box': [404.5118408203125, 542.955078125, 100.68902587890625, 223.2850341796875], 'conf': 0.6990463, 'label_id': 'person', 'sub_labels': 'other', 'sub_labels_conf': 0.9962462782859802, 'id': 12}, {'box': [1017.77490234375, 196.87789916992188, 44.75445556640625, 139.55055236816406], 'conf': 0.6452073, 'label_id': 'person', 'sub_labels': 'other', 'sub_labels_conf': 0.9046826362609863, 'id': 13}, {'box': [1709.9775390625, 411.07513427734375, 71.3848876953125, 213.17160034179688], 'conf': 0.64673376, 'label_id': 'person', 'sub_labels': 'other', 'sub_labels_conf': 0.6210407614707947, 'id': 16}, {'box': [1178.21630859375, 255.10533142089844, 77.5833740234375, 111.38156127929688], 'conf': 0.7063195, 'label_id': 'person', 'sub_labels': 'other', 'sub_labels_conf': 0.981008768081665, 'id': 6}, {'box': [1610.2349853515625, 360.71929931640625, 98.04931640625, 194.33547973632812], 'conf': 0.7583187, 'label_id': 'person', 'sub_labels': 'other', 'sub_labels_conf': 0.9998881816864014, 'id': 15}, {'box': [987.2062377929688, 237.41075134277344, 57.7762451171875, 174.14675903320312], 'conf': 0.6884324, 'label_id': 'person', 'sub_labels': 'other', 'sub_labels_conf': 0.9983730316162109, 'id': 17}, {'box': [93.30368041992188, 640.7344970703125, 160.99533081054688, 244.47991943359375], 'conf': 0.42596382, 'label_id': 'person', 'sub_labels': 'other', 'sub_labels_conf': 0.9903385043144226, 'id': 7}, {'box': [942.0986938476562, 199.47824096679688, 56.0897216796875, 166.80963134765625], 'conf': 0.4088421, 'label_id': 'person', 'sub_labels': 'other', 'sub_labels_conf': 0.9458765983581543, 'id': 18}]"
184,2024/5/22 Wednesday 0:0:7,"[{'box': [262.6124572753906, 552.0164184570312, 144.84217834472656, 272.3021545410156], 'conf': 0.8152177, 'label_id': 'person', 'sub_labels': 'other', 'sub_labels_conf': 0.9999971389770508, 'id': 2}, {'box': [912.697021484375, 238.9030303955078, 78.776123046875, 177.44223022460938], 'conf': 0.61614335, 'label_id': 'person', 'sub_labels': 'other', 'sub_labels_conf': 0.9902216196060181, 'id': 4}, {'box': [498.95867919921875, 512.0136108398438, 117.88638305664062, 329.6258239746094], 'conf': 0.6862288, 'label_id': 'person', 'sub_labels': 'other', 'sub_labels_conf': 0.9784215688705444, 'id': 8}, {'box': [181.8122100830078, 556.7661743164062, 96.03207397460938, 234.20663452148438], 'conf': 0.61985445, 'label_id': 'person', 'sub_labels': 'cashier', 'sub_labels_conf': 0.8114345669746399, 'id': 9}, {'box': [1189.4375, 382.857421875, 90.31787109375, 236.153076171875], 'conf': 0.7900828, 'label_id': 'person', 'sub_labels': 'other', 'sub_labels_conf': 0.9991336464881897, 'id': 11}, {'box': [406.8544921875, 544.0653686523438, 100.7015380859375, 217.29617309570312], 'conf': 0.67473143, 'label_id': 'person', 'sub_labels': 'other', 'sub_labels_conf': 0.9709647297859192, 'id': 12}, {'box': [1017.57373046875, 196.03672790527344, 45.315673828125, 142.21762084960938], 'conf': 0.6193866, 'label_id': 'person', 'sub_labels': 'other', 'sub_labels_conf': 0.9160556197166443, 'id': 13}, {'box': [1709.8447265625, 414.5675048828125, 71.2042236328125, 206.06509399414062], 'conf': 0.7085518, 'label_id': 'person', 'sub_labels': 'not_human', 'sub_labels_conf': 0.5380030870437622, 'id': 16}, {'box': [1178.24853515625, 254.64999389648438, 77.753173828125, 110.51544189453125], 'conf': 0.63877785, 'label_id': 'person', 'sub_labels': 'other', 'sub_labels_conf': 0.9866527915000916, 'id': 6}, {'box': [1610.583251953125, 360.79022216796875, 100.6978759765625, 193.52780151367188], 'conf': 0.6726783, 'label_id': 'person', 'sub_labels': 'other', 'sub_labels_conf': 0.9998084902763367, 'id': 15}, {'box': [988.3670654296875, 236.9025115966797, 56.09124755859375, 171.41702270507812], 'conf': 0.68321586, 'label_id': 'person', 'sub_labels': 'other', 'sub_labels_conf': 0.9978824257850647, 'id': 17}, {'box': [93.6852035522461, 639.904296875, 160.7496795654297, 245.35467529296875], 'conf': 0.40031984, 'label_id': 'person', 'sub_labels': 'other', 'sub_labels_conf': 0.983278214931488, 'id': 7}, {'box': [942.3004150390625, 200.82415771484375, 53.8966064453125, 169.64105224609375], 'conf': 0.50154096, 'label_id': 'person', 'sub_labels': 'other', 'sub_labels_conf': 0.9885748028755188, 'id': 18}]"
185,2024/5/22 Wednesday 0:0:7,"[{'box': [262.427978515625, 552.3477783203125, 145.3184051513672, 273.0118103027344], 'conf': 0.8241124, 'label_id': 'person', 'sub_labels': 'other', 'sub_labels_conf': 0.9999972581863403, 'id': 2}, {'box': [913.4041748046875, 237.5438232421875, 77.09588623046875, 177.22984313964844], 'conf': 0.64706343, 'label_id': 'person', 'sub_labels': 'other', 'sub_labels_conf': 0.9845937490463257, 'id': 4}, {'box': [498.32989501953125, 511.11431884765625, 118.55789184570312, 330.2493591308594], 'conf': 0.66670585, 'label_id': 'person', 'sub_labels': 'other', 'sub_labels_conf': 0.8821316361427307, 'id': 8}, {'box': [181.82049560546875, 557.3955078125, 95.70820617675781, 233.32598876953125], 'conf': 0.638473, 'label_id': 'person', 'sub_labels': 'cashier', 'sub_labels_conf': 0.647299587726593, 'id': 9}, {'box': [1188.9560546875, 383.8841552734375, 89.1461181640625, 234.29327392578125], 'conf': 0.7884114, 'label_id': 'person', 'sub_labels': 'other', 'sub_labels_conf': 0.9988875985145569, 'id': 11}, {'box': [401.942138671875, 545.7400512695312, 98.13272094726562, 212.4659423828125], 'conf': 0.5252638, 'label_id': 'person', 'sub_labels': 'other', 'sub_labels_conf': 0.9841082096099854, 'id': 12}, {'box': [1017.8912353515625, 194.6827850341797, 45.2373046875, 141.55801391601562], 'conf': 0.6297474, 'label_id': 'person', 'sub_labels': 'not_human', 'sub_labels_conf': 0.7255225777626038, 'id': 13}, {'box': [1709.91064453125, 417.60919189453125, 70.6849365234375, 199.91537475585938], 'conf': 0.6915183, 'label_id': 'person', 'sub_labels': 'not_human', 'sub_labels_conf': 0.5888335704803467, 'id': 16}, {'box': [1178.085693359375, 254.53712463378906, 77.6021728515625, 110.27450561523438], 'conf': 0.6381842, 'label_id': 'person', 'sub_labels': 'other', 'sub_labels_conf': 0.9895694851875305, 'id': 6}, {'box': [1611.76025390625, 361.28790283203125, 100.7974853515625, 194.07763671875], 'conf': 0.70244455, 'label_id': 'person', 'sub_labels': 'other', 'sub_labels_conf': 0.99962317943573, 'id': 15}, {'box': [989.9007568359375, 235.232177734375, 56.85784912109375, 169.77659606933594], 'conf': 0.7035221, 'label_id': 'person', 'sub_labels': 'other', 'sub_labels_conf': 0.998284637928009, 'id': 17}, {'box': [94.11153411865234, 641.7877807617188, 161.3352508544922, 243.390625], 'conf': 0.49251273, 'label_id': 'person', 'sub_labels': 'other', 'sub_labels_conf': 0.9723141193389893, 'id': 7}, {'box': [943.3070068359375, 198.38052368164062, 50.436767578125, 164.98345947265625], 'conf': 0.51501536, 'label_id': 'person', 'sub_labels': 'other', 'sub_labels_conf': 0.9542304277420044, 'id': 18}, {'box': [51.22112274169922, 792.24609375, 101.975830078125, 182.19464111328125], 'conf': 0.5908896, 'label_id': 'person', 'sub_labels': 'other', 'sub_labels_conf': 0.9949883818626404, 'id': 19}]"
186,2024/5/22 Wednesday 0:0:7,"[{'box': [262.6658935546875, 552.337890625, 145.12744140625, 273.8037414550781], 'conf': 0.8256993, 'label_id': 'person', 'sub_labels': 'other', 'sub_labels_conf': 0.9999979734420776, 'id': 2}, {'box': [916.5694580078125, 236.98165893554688, 72.91424560546875, 178.08155822753906], 'conf': 0.6196127, 'label_id': 'person', 'sub_labels': 'other', 'sub_labels_conf': 0.9908102750778198, 'id': 4}, {'box': [498.35089111328125, 511.70062255859375, 119.04257202148438, 331.9116516113281], 'conf': 0.6767209, 'label_id': 'person', 'sub_labels': 'other', 'sub_labels_conf': 0.7625386118888855, 'id': 8}, {'box': [181.85671997070312, 557.6915283203125, 95.71553039550781, 233.48809814453125], 'conf': 0.7838983, 'label_id': 'person', 'sub_labels': 'other', 'sub_labels_conf': 0.5767806172370911, 'id': 9}, {'box': [1188.35693359375, 383.5606689453125, 86.37158203125, 236.0985107421875], 'conf': 0.7724648, 'label_id': 'person', 'sub_labels': 'other', 'sub_labels_conf': 0.9981228709220886, 'id': 11}, {'box': [398.7271728515625, 547.9107666015625, 102.12380981445312, 209.87368774414062], 'conf': 0.3211677, 'label_id': 'person', 'sub_labels': 'other', 'sub_labels_conf': 0.9926303625106812, 'id': 12}, {'box': [1018.1469116210938, 195.3238525390625, 44.8951416015625, 143.577392578125], 'conf': 0.49698406, 'label_id': 'person', 'sub_labels': 'not_human', 'sub_labels_conf': 0.807165265083313, 'id': 13}, {'box': [1710.07861328125, 418.7384033203125, 70.4630126953125, 197.44674682617188], 'conf': 0.6603925, 'label_id': 'person', 'sub_labels': 'not_human', 'sub_labels_conf': 0.6369870901107788, 'id': 16}, {'box': [1177.762939453125, 254.18714904785156, 77.5093994140625, 109.44393920898438], 'conf': 0.5735582, 'label_id': 'person', 'sub_labels': 'other', 'sub_labels_conf': 0.9917035102844238, 'id': 6}, {'box': [1613.0526123046875, 361.588623046875, 101.68701171875, 194.16049194335938], 'conf': 0.7153165, 'label_id': 'person', 'sub_labels': 'other', 'sub_labels_conf': 0.999140739440918, 'id': 15}, {'box': [990.2021484375, 236.6749725341797, 57.90802001953125, 173.79714965820312], 'conf': 0.65777344, 'label_id': 'person', 'sub_labels': 'other', 'sub_labels_conf': 0.9968881011009216, 'id': 17}, {'box': [93.77291870117188, 642.56689453125, 161.36749267578125, 241.88812255859375], 'conf': 0.67296857, 'label_id': 'person', 'sub_labels': 'other', 'sub_labels_conf': 0.9861556887626648, 'id': 7}, {'box': [941.5137939453125, 196.83265686035156, 52.9056396484375, 162.22238159179688], 'conf': 0.4588703, 'label_id': 'person', 'sub_labels': 'other', 'sub_labels_conf': 0.970283567905426, 'id': 18}, {'box': [53.40483856201172, 792.1071166992188, 106.08930969238281, 179.0130615234375], 'conf': 0.5858865, 'label_id': 'person', 'sub_labels': 'other', 'sub_labels_conf': 0.9951081871986389, 'id': 19}]"
187,2024/5/22 Wednesday 0:0:7,"[{'box': [262.9496154785156, 552.2293090820312, 143.6375274658203, 274.2793884277344], 'conf': 0.81331766, 'label_id': 'person', 'sub_labels': 'other', 'sub_labels_conf': 0.9999984502792358, 'id': 2}, {'box': [919.61767578125, 235.4910888671875, 70.4578857421875, 179.7508544921875], 'conf': 0.5105952, 'label_id': 'person', 'sub_labels': 'other', 'sub_labels_conf': 0.9784074425697327, 'id': 4}, {'box': [499.2253723144531, 511.474853515625, 120.30853271484375, 333.3977966308594], 'conf': 0.689979, 'label_id': 'person', 'sub_labels': 'other', 'sub_labels_conf': 0.6942752003669739, 'id': 8}, {'box': [181.6656494140625, 557.8707885742188, 95.34164428710938, 233.970458984375], 'conf': 0.805516, 'label_id': 'person', 'sub_labels': 'other', 'sub_labels_conf': 0.7156012058258057, 'id': 9}, {'box': [1188.8885498046875, 383.04595947265625, 86.186767578125, 237.23483276367188], 'conf': 0.76344824, 'label_id': 'person', 'sub_labels': 'other', 'sub_labels_conf': 0.9966835379600525, 'id': 11}, {'box': [401.6068115234375, 549.5870361328125, 97.42855834960938, 213.40921020507812], 'conf': 0.61453974, 'label_id': 'person', 'sub_labels': 'other', 'sub_labels_conf': 0.9826452732086182, 'id': 12}, {'box': [1017.6553344726562, 195.42437744140625, 43.0858154296875, 144.9424591064453], 'conf': 0.39947054, 'label_id': 'person', 'sub_labels': 'other', 'sub_labels_conf': 0.9548399448394775, 'id': 13}, {'box': [1710.37109375, 418.91754150390625, 70.4749755859375, 197.06869506835938], 'conf': 0.6662743, 'label_id': 'person', 'sub_labels': 'not_human', 'sub_labels_conf': 0.6410978436470032, 'id': 16}, {'box': [1177.591064453125, 254.1510009765625, 76.9132080078125, 109.62858581542969], 'conf': 0.6106441, 'label_id': 'person', 'sub_labels': 'other', 'sub_labels_conf': 0.9769160151481628, 'id': 6}, {'box': [1614.466796875, 361.7983093261719, 103.5703125, 194.04412841796875], 'conf': 0.73369575, 'label_id': 'person', 'sub_labels': 'other', 'sub_labels_conf': 0.9994499087333679, 'id': 15}, {'box': [991.818603515625, 236.59109497070312, 61.33062744140625, 176.8145294189453], 'conf': 0.607724, 'label_id': 'person', 'sub_labels': 'other', 'sub_labels_conf': 0.9915773868560791, 'id': 17}, {'box': [93.85600280761719, 642.1740112304688, 160.11392211914062, 243.168212890625], 'conf': 0.689463, 'label_id': 'person', 'sub_labels': 'other', 'sub_labels_conf': 0.9855369925498962, 'id': 7}, {'box': [939.686279296875, 196.51736450195312, 55.96917724609375, 161.83082580566406], 'conf': 0.44111872, 'label_id': 'person', 'sub_labels': 'other', 'sub_labels_conf': 0.9844836592674255, 'id': 18}, {'box': [58.255126953125, 791.3564453125, 115.30781555175781, 183.6517333984375], 'conf': 0.6612578, 'label_id': 'person', 'sub_labels': 'other', 'sub_labels_conf': 0.9966940879821777, 'id': 19}]"
188,2024/5/22 Wednesday 0:0:7,"[{'box': [263.3469543457031, 552.3880615234375, 143.2176971435547, 274.86639404296875], 'conf': 0.8069851, 'label_id': 'person', 'sub_labels': 'other', 'sub_labels_conf': 0.9999979734420776, 'id': 2}, {'box': [921.510986328125, 234.6786346435547, 67.7633056640625, 180.31179809570312], 'conf': 0.59351057, 'label_id': 'person', 'sub_labels': 'other', 'sub_labels_conf': 0.9584992527961731, 'id': 4}, {'box': [499.36358642578125, 509.68865966796875, 119.68191528320312, 333.38818359375], 'conf': 0.7131252, 'label_id': 'person', 'sub_labels': 'other', 'sub_labels_conf': 0.9095593690872192, 'id': 8}, {'box': [181.6466827392578, 557.8497924804688, 95.23968505859375, 234.01919555664062], 'conf': 0.7989298, 'label_id': 'person', 'sub_labels': 'other', 'sub_labels_conf': 0.8222330212593079, 'id': 9}, {'box': [1189.370849609375, 382.87225341796875, 86.41650390625, 237.32333374023438], 'conf': 0.76102567, 'label_id': 'person', 'sub_labels': 'other', 'sub_labels_conf': 0.9974347949028015, 'id': 11}, {'box': [406.33990478515625, 554.257080078125, 94.9725341796875, 215.95147705078125], 'conf': 0.57499236, 'label_id': 'person', 'sub_labels': 'other', 'sub_labels_conf': 0.995211660861969, 'id': 12}, {'box': [1017.6724853515625, 195.3194580078125, 41.430908203125, 145.0175323486328], 'conf': 0.3740481, 'label_id': 'person', 'sub_labels': 'not_human', 'sub_labels_conf': 0.6211113333702087, 'id': 13}, {'box': [1710.404052734375, 416.3967590332031, 70.6004638671875, 202.25067138671875], 'conf': 0.6930788, 'label_id': 'person', 'sub_labels': 'not_human', 'sub_labels_conf': 0.7230782508850098, 'id': 16}, {'box': [1177.630859375, 254.87635803222656, 77.6309814453125, 110.50985717773438], 'conf': 0.5700544, 'label_id': 'person', 'sub_labels': 'other', 'sub_labels_conf': 0.9826939702033997, 'id': 6}, {'box': [1614.8291015625, 361.3916015625, 103.1986083984375, 193.25827026367188], 'conf': 0.73472875, 'label_id': 'person', 'sub_labels': 'other', 'sub_labels_conf': 0.9993239641189575, 'id': 15}, {'box': [995.5426025390625, 233.2881317138672, 62.89483642578125, 176.87545776367188], 'conf': 0.65695405, 'label_id': 'person', 'sub_labels': 'other', 'sub_labels_conf': 0.9959576725959778, 'id': 17}, {'box': [93.18008422851562, 638.0191040039062, 157.69229125976562, 249.4351806640625], 'conf': 0.66266483, 'label_id': 'person', 'sub_labels': 'other', 'sub_labels_conf': 0.9893955588340759, 'id': 7}, {'box': [938.7020263671875, 200.666015625, 54.9945068359375, 171.43467712402344], 'conf': 0.41975436, 'label_id': 'person', 'sub_labels': 'other', 'sub_labels_conf': 0.9695835709571838, 'id': 18}, {'box': [60.695655822753906, 792.107421875, 120.14602661132812, 185.59100341796875], 'conf': 0.6385682, 'label_id': 'person', 'sub_labels': 'other', 'sub_labels_conf': 0.9670230746269226, 'id': 19}]"
189,2024/5/22 Wednesday 0:0:7,"[{'box': [263.78887939453125, 552.1551513671875, 142.9586181640625, 274.469482421875], 'conf': 0.81982744, 'label_id': 'person', 'sub_labels': 'other', 'sub_labels_conf': 0.9999992847442627, 'id': 2}, {'box': [922.9696044921875, 234.3177490234375, 65.51934814453125, 182.57093811035156], 'conf': 0.53462684, 'label_id': 'person', 'sub_labels': 'other', 'sub_labels_conf': 0.9329574704170227, 'id': 4}, {'box': [499.4039306640625, 510.1540832519531, 120.7261962890625, 335.27642822265625], 'conf': 0.67843, 'label_id': 'person', 'sub_labels': 'other', 'sub_labels_conf': 0.7498819231987, 'id': 8}, {'box': [181.67300415039062, 557.6752319335938, 95.29180908203125, 233.73037719726562], 'conf': 0.778679, 'label_id': 'person', 'sub_labels': 'other', 'sub_labels_conf': 0.830254316329956, 'id': 9}, {'box': [1189.5509033203125, 383.3030090332031, 86.291748046875, 235.79937744140625], 'conf': 0.77730495, 'label_id': 'person', 'sub_labels': 'other', 'sub_labels_conf': 0.99874347448349, 'id': 11}, {'box': [408.4767761230469, 559.745361328125, 94.55841064453125, 224.19512939453125], 'conf': 0.58301437, 'label_id': 'person', 'sub_labels': 'other', 'sub_labels_conf': 0.9934123158454895, 'id': 12}, {'box': [1017.6383056640625, 190.58419799804688, 40.47747802734375, 134.7439727783203], 'conf': 0.20595427, 'label_id': 'person', 'sub_labels': 'not_human', 'sub_labels_conf': 0.8890407681465149, 'id': 13}, {'box': [1710.2833251953125, 414.93231201171875, 70.829345703125, 205.1846923828125], 'conf': 0.6840887, 'label_id': 'person', 'sub_labels': 'other', 'sub_labels_conf': 0.5739077925682068, 'id': 16}, {'box': [1177.366943359375, 255.21253967285156, 78.204833984375, 110.94735717773438], 'conf': 0.58767974, 'label_id': 'person', 'sub_labels': 'other', 'sub_labels_conf': 0.9913513660430908, 'id': 6}, {'box': [1615.423095703125, 361.01025390625, 103.0289306640625, 192.73898315429688], 'conf': 0.7378255, 'label_id': 'person', 'sub_labels': 'other', 'sub_labels_conf': 0.9979098439216614, 'id': 15}, {'box': [998.2045288085938, 228.38499450683594, 67.6312255859375, 178.89620971679688], 'conf': 0.71410704, 'label_id': 'person', 'sub_labels': 'other', 'sub_labels_conf': 0.9973770380020142, 'id': 17}, {'box': [92.38937377929688, 634.719970703125, 155.96743774414062, 259.0316467285156], 'conf': 0.59819734, 'label_id': 'person', 'sub_labels': 'other', 'sub_labels_conf': 0.9872084259986877, 'id': 7}, {'box': [937.8508911132812, 206.52389526367188, 54.9471435546875, 185.12977600097656], 'conf': 0.39258614, 'label_id': 'person', 'sub_labels': 'other', 'sub_labels_conf': 0.9798968434333801, 'id': 18}, {'box': [61.68752670288086, 794.3767700195312, 122.01140594482422, 182.7894287109375], 'conf': 0.50241655, 'label_id': 'person', 'sub_labels': 'other', 'sub_labels_conf': 0.9517132639884949, 'id': 19}]"
190,2024/5/22 Wednesday 0:0:7,"[{'box': [264.1443786621094, 552.1300048828125, 143.2935791015625, 274.5539855957031], 'conf': 0.81227344, 'label_id': 'person', 'sub_labels': 'other', 'sub_labels_conf': 0.9999986886978149, 'id': 2}, {'box': [926.6551513671875, 226.8036651611328, 65.9298095703125, 197.52005004882812], 'conf': 0.61390007, 'label_id': 'person', 'sub_labels': 'other', 'sub_labels_conf': 0.9759440422058105, 'id': 4}, {'box': [499.723388671875, 511.27166748046875, 121.1402587890625, 335.8290710449219], 'conf': 0.65782654, 'label_id': 'person', 'sub_labels': 'other', 'sub_labels_conf': 0.9842360019683838, 'id': 8}, {'box': [181.978271484375, 557.4523315429688, 95.99082946777344, 234.0130615234375], 'conf': 0.8118398, 'label_id': 'person', 'sub_labels': 'other', 'sub_labels_conf': 0.8835462331771851, 'id': 9}, {'box': [1189.876953125, 383.23089599609375, 86.5064697265625, 235.74911499023438], 'conf': 0.7842232, 'label_id': 'person', 'sub_labels': 'other', 'sub_labels_conf': 0.9988783001899719, 'id': 11}, {'box': [412.36602783203125, 565.1588134765625, 103.07998657226562, 230.90701293945312], 'conf': 0.7361313, 'label_id': 'person', 'sub_labels': 'other', 'sub_labels_conf': 0.9853659868240356, 'id': 12}, {'box': [1710.072021484375, 413.7059631347656, 70.99267578125, 207.84283447265625], 'conf': 0.6826538, 'label_id': 'person', 'sub_labels': 'not_human', 'sub_labels_conf': 0.5576128959655762, 'id': 16}, {'box': [1177.044921875, 255.38601684570312, 78.7254638671875, 111.21832275390625], 'conf': 0.61272424, 'label_id': 'person', 'sub_labels': 'other', 'sub_labels_conf': 0.9887945652008057, 'id': 6}, {'box': [1614.0386962890625, 361.39300537109375, 100.5849609375, 193.6285400390625], 'conf': 0.73040193, 'label_id': 'person', 'sub_labels': 'other', 'sub_labels_conf': 0.9998173117637634, 'id': 15}, {'box': [1000.9620361328125, 223.74069213867188, 68.59979248046875, 180.40399169921875], 'conf': 0.80290854, 'label_id': 'person', 'sub_labels': 'other', 'sub_labels_conf': 0.9983545541763306, 'id': 17}, {'box': [92.52665710449219, 634.6226806640625, 155.4822998046875, 260.96417236328125], 'conf': 0.7094447, 'label_id': 'person', 'sub_labels': 'other', 'sub_labels_conf': 0.9798367619514465, 'id': 7}, {'box': [937.0333862304688, 199.64105224609375, 54.4427490234375, 174.3534393310547], 'conf': 0.14933391, 'label_id': 'person', 'sub_labels': 'other', 'sub_labels_conf': 0.9821881651878357, 'id': 18}, {'box': [62.25856018066406, 787.804931640625, 123.85456848144531, 196.22064208984375], 'conf': 0.49064922, 'label_id': 'person', 'sub_labels': 'other', 'sub_labels_conf': 0.9317496418952942, 'id': 19}, {'box': [317.0711669921875, 553.3848266601562, 128.91873168945312, 233.24356079101562], 'conf': 0.59850615, 'label_id': 'person', 'sub_labels': 'other', 'sub_labels_conf': 0.999894380569458, 'id': 5}]"
191,2024/5/22 Wednesday 0:0:7,"[{'box': [264.5441589355469, 552.256103515625, 143.25865173339844, 274.6728210449219], 'conf': 0.8157099, 'label_id': 'person', 'sub_labels': 'other', 'sub_labels_conf': 0.9999997615814209, 'id': 2}, {'box': [924.171875, 231.7528076171875, 65.13580322265625, 188.065185546875], 'conf': 0.7014763, 'label_id': 'person', 'sub_labels': 'other', 'sub_labels_conf': 0.8867079019546509, 'id': 4}, {'box': [499.7587890625, 507.88055419921875, 120.17495727539062, 328.7077331542969], 'conf': 0.6553855, 'label_id': 'person', 'sub_labels': 'other', 'sub_labels_conf': 0.9815059900283813, 'id': 8}, {'box': [182.05148315429688, 557.3697509765625, 96.21531677246094, 234.76321411132812], 'conf': 0.84303993, 'label_id': 'person', 'sub_labels': 'other', 'sub_labels_conf': 0.9584296941757202, 'id': 9}, {'box': [1190.03125, 383.3211975097656, 86.3297119140625, 235.4210205078125], 'conf': 0.778243, 'label_id': 'person', 'sub_labels': 'other', 'sub_labels_conf': 0.9987496137619019, 'id': 11}, {'box': [419.6571960449219, 568.4266357421875, 115.94537353515625, 237.37841796875], 'conf': 0.7705204, 'label_id': 'person', 'sub_labels': 'other', 'sub_labels_conf': 0.9898654818534851, 'id': 12}, {'box': [1710.007080078125, 412.0338134765625, 71.131103515625, 211.24429321289062], 'conf': 0.68071985, 'label_id': 'person', 'sub_labels': 'other', 'sub_labels_conf': 0.5218497514724731, 'id': 16}, {'box': [1176.76611328125, 255.677978515625, 79.0345458984375, 111.74073791503906], 'conf': 0.6140168, 'label_id': 'person', 'sub_labels': 'other', 'sub_labels_conf': 0.9835807681083679, 'id': 6}, {'box': [1613.087158203125, 361.79052734375, 98.8988037109375, 194.56326293945312], 'conf': 0.7338076, 'label_id': 'person', 'sub_labels': 'other', 'sub_labels_conf': 0.9983939528465271, 'id': 15}, {'box': [1001.133544921875, 225.1990966796875, 66.28082275390625, 172.820556640625], 'conf': 0.77789485, 'label_id': 'person', 'sub_labels': 'other', 'sub_labels_conf': 0.9950869679450989, 'id': 17}, {'box': [94.88426971435547, 636.25634765625, 156.94618225097656, 257.8821716308594], 'conf': 0.79491, 'label_id': 'person', 'sub_labels': 'other', 'sub_labels_conf': 0.9853696823120117, 'id': 7}, {'box': [939.18603515625, 185.02569580078125, 50.69329833984375, 148.114990234375], 'conf': 0.47834194, 'label_id': 'person', 'sub_labels': 'other', 'sub_labels_conf': 0.9930890202522278, 'id': 18}, {'box': [62.48093032836914, 783.9644775390625, 124.36174774169922, 204.388671875], 'conf': 0.71545476, 'label_id': 'person', 'sub_labels': 'other', 'sub_labels_conf': 0.9806348085403442, 'id': 19}, {'box': [317.46026611328125, 552.566650390625, 130.53964233398438, 231.434326171875], 'conf': 0.5862874, 'label_id': 'person', 'sub_labels': 'other', 'sub_labels_conf': 0.9998412132263184, 'id': 5}]"
192,2024/5/22 Wednesday 0:0:7,"[{'box': [264.7169189453125, 552.1065673828125, 142.61317443847656, 274.8059997558594], 'conf': 0.81294984, 'label_id': 'person', 'sub_labels': 'other', 'sub_labels_conf': 0.9999998807907104, 'id': 2}, {'box': [925.8297119140625, 232.93475341796875, 64.51116943359375, 184.50941467285156], 'conf': 0.62664944, 'label_id': 'person', 'sub_labels': 'other', 'sub_labels_conf': 0.9567148685455322, 'id': 4}, {'box': [500.2802734375, 505.1581726074219, 120.47329711914062, 320.41595458984375], 'conf': 0.65098536, 'label_id': 'person', 'sub_labels': 'other', 'sub_labels_conf': 0.9554250240325928, 'id': 8}, {'box': [182.10540771484375, 557.3195190429688, 96.36428833007812, 234.75576782226562], 'conf': 0.83980674, 'label_id': 'person', 'sub_labels': 'other', 'sub_labels_conf': 0.9579851031303406, 'id': 9}, {'box': [1189.72314453125, 383.1159973144531, 85.5679931640625, 236.00469970703125], 'conf': 0.7728685, 'label_id': 'person', 'sub_labels': 'other', 'sub_labels_conf': 0.9993420243263245, 'id': 11}, {'box': [421.37005615234375, 573.2445068359375, 125.78372192382812, 247.93338012695312], 'conf': 0.7859303, 'label_id': 'person', 'sub_labels': 'other', 'sub_labels_conf': 0.997345507144928, 'id': 12}, {'box': [1709.781982421875, 409.91741943359375, 71.2918701171875, 215.6849365234375], 'conf': 0.69143426, 'label_id': 'person', 'sub_labels': 'other', 'sub_labels_conf': 0.6245577931404114, 'id': 16}, {'box': [1176.597412109375, 256.04119873046875, 79.32763671875, 112.47384643554688], 'conf': 0.6333409, 'label_id': 'person', 'sub_labels': 'other', 'sub_labels_conf': 0.9956942796707153, 'id': 6}, {'box': [1612.96728515625, 362.271240234375, 96.6270751953125, 194.61862182617188], 'conf': 0.6815937, 'label_id': 'person', 'sub_labels': 'other', 'sub_labels_conf': 0.998128354549408, 'id': 15}, {'box': [1000.1937255859375, 224.789794921875, 62.77032470703125, 170.4452667236328], 'conf': 0.73794955, 'label_id': 'person', 'sub_labels': 'other', 'sub_labels_conf': 0.9978189468383789, 'id': 17}, {'box': [93.75242614746094, 636.4059448242188, 155.61776733398438, 256.5875549316406], 'conf': 0.7838934, 'label_id': 'person', 'sub_labels': 'other', 'sub_labels_conf': 0.9887402653694153, 'id': 7}, {'box': [936.0403442382812, 199.80551147460938, 56.2335205078125, 179.588134765625], 'conf': 0.36505195, 'label_id': 'person', 'sub_labels': 'other', 'sub_labels_conf': 0.9790624380111694, 'id': 18}, {'box': [62.45134353637695, 781.3709716796875, 124.33100128173828, 210.90618896484375], 'conf': 0.77930254, 'label_id': 'person', 'sub_labels': 'other', 'sub_labels_conf': 0.9692156314849854, 'id': 19}, {'box': [316.85516357421875, 551.7607421875, 130.6308135986328, 233.47164916992188], 'conf': 0.50288576, 'label_id': 'person', 'sub_labels': 'other', 'sub_labels_conf': 0.9996614456176758, 'id': 5}, {'box': [390.563720703125, 413.92425537109375, 89.37472534179688, 97.67001342773438], 'conf': 0.5488066, 'label_id': 'person', 'sub_labels': 'other', 'sub_labels_conf': 0.9972816705703735, 'id': 20}]"
193,2024/5/22 Wednesday 0:0:7,"[{'box': [264.5338439941406, 552.2444458007812, 141.3460235595703, 275.9720458984375], 'conf': 0.80764884, 'label_id': 'person', 'sub_labels': 'other', 'sub_labels_conf': 0.9999997615814209, 'id': 2}, {'box': [927.8320922851562, 221.69403076171875, 67.641845703125, 198.16851806640625], 'conf': 0.6952511, 'label_id': 'person', 'sub_labels': 'other', 'sub_labels_conf': 0.9805678725242615, 'id': 4}, {'box': [500.64666748046875, 504.09259033203125, 120.33236694335938, 314.2735900878906], 'conf': 0.6307521, 'label_id': 'person', 'sub_labels': 'other', 'sub_labels_conf': 0.9738551378250122, 'id': 8}, {'box': [181.91119384765625, 557.446533203125, 96.12374877929688, 234.57806396484375], 'conf': 0.8435627, 'label_id': 'person', 'sub_labels': 'other', 'sub_labels_conf': 0.8754704594612122, 'id': 9}, {'box': [1189.41650390625, 383.9029846191406, 84.9161376953125, 234.652587890625], 'conf': 0.77046394, 'label_id': 'person', 'sub_labels': 'other', 'sub_labels_conf': 0.9994093179702759, 'id': 11}, {'box': [422.57159423828125, 576.3359375, 132.28762817382812, 255.6619873046875], 'conf': 0.7711625, 'label_id': 'person', 'sub_labels': 'other', 'sub_labels_conf': 0.9959716200828552, 'id': 12}, {'box': [1709.813720703125, 408.7318115234375, 71.3599853515625, 218.20361328125], 'conf': 0.68772745, 'label_id': 'person', 'sub_labels': 'other', 'sub_labels_conf': 0.6591917872428894, 'id': 16}, {'box': [1176.3231201171875, 256.6585388183594, 79.511962890625, 113.73100280761719], 'conf': 0.59856564, 'label_id': 'person', 'sub_labels': 'other', 'sub_labels_conf': 0.9961826205253601, 'id': 6}, {'box': [1616.9560546875, 353.7604064941406, 90.2681884765625, 177.36602783203125], 'conf': 0.6915199, 'label_id': 'person', 'sub_labels': 'other', 'sub_labels_conf': 0.9979057312011719, 'id': 15}, {'box': [1001.5662841796875, 223.6139678955078, 63.01617431640625, 171.05935668945312], 'conf': 0.7659473, 'label_id': 'person', 'sub_labels': 'other', 'sub_labels_conf': 0.9993816614151001, 'id': 17}, {'box': [94.08773040771484, 636.900634765625, 156.24461364746094, 254.65469360351562], 'conf': 0.79992706, 'label_id': 'person', 'sub_labels': 'other', 'sub_labels_conf': 0.9885425567626953, 'id': 7}, {'box': [935.61865234375, 191.82174682617188, 56.9559326171875, 165.7724609375], 'conf': 0.151279, 'label_id': 'person', 'sub_labels': 'other', 'sub_labels_conf': 0.9692466855049133, 'id': 18}, {'box': [62.30461120605469, 781.7620849609375, 124.09071350097656, 210.3687744140625], 'conf': 0.7444517, 'label_id': 'person', 'sub_labels': 'other', 'sub_labels_conf': 0.9748254418373108, 'id': 19}, {'box': [317.77490234375, 553.15380859375, 129.9308624267578, 234.69354248046875], 'conf': 0.5638232, 'label_id': 'person', 'sub_labels': 'other', 'sub_labels_conf': 0.9998514652252197, 'id': 5}, {'box': [390.9650573730469, 415.9248046875, 87.73175048828125, 95.93344116210938], 'conf': 0.5778928, 'label_id': 'person', 'sub_labels': 'other', 'sub_labels_conf': 0.9955909252166748, 'id': 20}]"
194,2024/5/22 Wednesday 0:0:7,"[{'box': [264.57891845703125, 552.5015869140625, 139.50894165039062, 277.4844970703125], 'conf': 0.8158431, 'label_id': 'person', 'sub_labels': 'other', 'sub_labels_conf': 0.9999998807907104, 'id': 2}, {'box': [927.1693725585938, 219.29928588867188, 68.7855224609375, 199.45494079589844], 'conf': 0.6249415, 'label_id': 'person', 'sub_labels': 'other', 'sub_labels_conf': 0.9877491593360901, 'id': 4}, {'box': [500.4012451171875, 504.78515625, 120.52908325195312, 312.5648498535156], 'conf': 0.60266966, 'label_id': 'person', 'sub_labels': 'other', 'sub_labels_conf': 0.9546969532966614, 'id': 8}, {'box': [181.92701721191406, 557.5823364257812, 96.48489379882812, 234.61447143554688], 'conf': 0.8498156, 'label_id': 'person', 'sub_labels': 'other', 'sub_labels_conf': 0.9239929914474487, 'id': 9}, {'box': [1188.9385986328125, 384.7351989746094, 84.0751953125, 233.6302490234375], 'conf': 0.7713691, 'label_id': 'person', 'sub_labels': 'other', 'sub_labels_conf': 0.9991359114646912, 'id': 11}, {'box': [422.11773681640625, 576.6014404296875, 137.19454956054688, 256.38458251953125], 'conf': 0.6879735, 'label_id': 'person', 'sub_labels': 'other', 'sub_labels_conf': 0.9901303648948669, 'id': 12}, {'box': [1709.7174072265625, 410.5462646484375, 71.640625, 214.37069702148438], 'conf': 0.70317084, 'label_id': 'person', 'sub_labels': 'other', 'sub_labels_conf': 0.6332604289054871, 'id': 16}, {'box': [1176.0478515625, 258.4095153808594, 79.6087646484375, 117.30580139160156], 'conf': 0.53335196, 'label_id': 'person', 'sub_labels': 'other', 'sub_labels_conf': 0.9916008710861206, 'id': 6}, {'box': [1615.0791015625, 359.41546630859375, 93.9732666015625, 188.69955444335938], 'conf': 0.70155936, 'label_id': 'person', 'sub_labels': 'other', 'sub_labels_conf': 0.9936472773551941, 'id': 15}, {'box': [1004.5697631835938, 221.47218322753906, 66.4151611328125, 176.34390258789062], 'conf': 0.8169265, 'label_id': 'person', 'sub_labels': 'other', 'sub_labels_conf': 0.9968615770339966, 'id': 17}, {'box': [94.40574645996094, 637.8915405273438, 158.31600952148438, 253.73403930664062], 'conf': 0.8272542, 'label_id': 'person', 'sub_labels': 'other', 'sub_labels_conf': 0.989331841468811, 'id': 7}, {'box': [934.7319946289062, 184.03379821777344, 58.4852294921875, 150.48123168945312], 'conf': 0.29055676, 'label_id': 'person', 'sub_labels': 'other', 'sub_labels_conf': 0.9709118008613586, 'id': 18}, {'box': [62.09109878540039, 777.5507202148438, 123.75963592529297, 219.4876708984375], 'conf': 0.8111899, 'label_id': 'person', 'sub_labels': 'other', 'sub_labels_conf': 0.8482999205589294, 'id': 19}, {'box': [318.51177978515625, 553.054931640625, 128.29376220703125, 235.50439453125], 'conf': 0.6133802, 'label_id': 'person', 'sub_labels': 'other', 'sub_labels_conf': 0.9998924732208252, 'id': 5}, {'box': [391.063720703125, 416.0179443359375, 87.53121948242188, 95.19561767578125], 'conf': 0.6037459, 'label_id': 'person', 'sub_labels': 'other', 'sub_labels_conf': 0.9951167106628418, 'id': 20}]"
195,2024/5/22 Wednesday 0:0:7,"[{'box': [264.8798522949219, 551.8755493164062, 137.50628662109375, 276.8937072753906], 'conf': 0.8233628, 'label_id': 'person', 'sub_labels': 'other', 'sub_labels_conf': 0.9999997615814209, 'id': 2}, {'box': [925.4133911132812, 220.80612182617188, 69.2686767578125, 187.88800048828125], 'conf': 0.6582378, 'label_id': 'person', 'sub_labels': 'other', 'sub_labels_conf': 0.975117564201355, 'id': 4}, {'box': [501.8630676269531, 502.60113525390625, 122.77410888671875, 315.0697021484375], 'conf': 0.56680596, 'label_id': 'person', 'sub_labels': 'other', 'sub_labels_conf': 0.9536584615707397, 'id': 8}, {'box': [181.08734130859375, 557.3360595703125, 95.45545959472656, 233.561767578125], 'conf': 0.8251249, 'label_id': 'person', 'sub_labels': 'other', 'sub_labels_conf': 0.8909479975700378, 'id': 9}, {'box': [1188.785888671875, 385.7588195800781, 83.3841552734375, 231.77783203125], 'conf': 0.77505034, 'label_id': 'person', 'sub_labels': 'other', 'sub_labels_conf': 0.9959484934806824, 'id': 11}, {'box': [421.58148193359375, 580.7062377929688, 143.1136474609375, 266.5009460449219], 'conf': 0.7087894, 'label_id': 'person', 'sub_labels': 'other', 'sub_labels_conf': 0.9972602128982544, 'id': 12}, {'box': [1709.7822265625, 409.2967529296875, 71.1666259765625, 216.90780639648438], 'conf': 0.6646797, 'label_id': 'person', 'sub_labels': 'not_human', 'sub_labels_conf': 0.5180505514144897, 'id': 16}, {'box': [1175.993408203125, 260.40557861328125, 79.9366455078125, 121.48493957519531], 'conf': 0.51048636, 'label_id': 'person', 'sub_labels': 'other', 'sub_labels_conf': 0.9902228116989136, 'id': 6}, {'box': [1617.24072265625, 358.58648681640625, 92.501220703125, 187.29766845703125], 'conf': 0.6588293, 'label_id': 'person', 'sub_labels': 'other', 'sub_labels_conf': 0.9985024929046631, 'id': 15}, {'box': [1006.2296142578125, 218.1031036376953, 67.52001953125, 181.11709594726562], 'conf': 0.8315781, 'label_id': 'person', 'sub_labels': 'other', 'sub_labels_conf': 0.9956181049346924, 'id': 17}, {'box': [94.19734954833984, 637.472412109375, 156.87208557128906, 256.00115966796875], 'conf': 0.80503047, 'label_id': 'person', 'sub_labels': 'other', 'sub_labels_conf': 0.9840295910835266, 'id': 7}, {'box': [936.217529296875, 178.91934204101562, 55.26031494140625, 141.9761962890625], 'conf': 0.19611515, 'label_id': 'person', 'sub_labels': 'other', 'sub_labels_conf': 0.8570812940597534, 'id': 18}, {'box': [61.88097381591797, 779.537841796875, 123.35275268554688, 215.8544921875], 'conf': 0.77602273, 'label_id': 'person', 'sub_labels': 'other', 'sub_labels_conf': 0.8223657011985779, 'id': 19}, {'box': [316.5260314941406, 551.3031005859375, 130.73646545410156, 237.97967529296875], 'conf': 0.586858, 'label_id': 'person', 'sub_labels': 'other', 'sub_labels_conf': 0.999603807926178, 'id': 5}, {'box': [390.72076416015625, 414.00054931640625, 87.43478393554688, 99.065185546875], 'conf': 0.6103446, 'label_id': 'person', 'sub_labels': 'other', 'sub_labels_conf': 0.94068843126297, 'id': 20}]"
196,2024/5/22 Wednesday 0:0:7,"[{'box': [264.6463623046875, 551.685302734375, 134.6352996826172, 277.67950439453125], 'conf': 0.8143225, 'label_id': 'person', 'sub_labels': 'other', 'sub_labels_conf': 0.9999996423721313, 'id': 2}, {'box': [925.3391723632812, 221.80126953125, 70.729248046875, 182.33885192871094], 'conf': 0.62781346, 'label_id': 'person', 'sub_labels': 'other', 'sub_labels_conf': 0.9810159802436829, 'id': 4}, {'box': [503.00360107421875, 503.0859680175781, 124.6314697265625, 320.06597900390625], 'conf': 0.6322787, 'label_id': 'person', 'sub_labels': 'other', 'sub_labels_conf': 0.979171097278595, 'id': 8}, {'box': [180.745361328125, 557.1948852539062, 95.28511047363281, 233.36538696289062], 'conf': 0.82603806, 'label_id': 'person', 'sub_labels': 'other', 'sub_labels_conf': 0.8469251394271851, 'id': 9}, {'box': [1188.73046875, 386.31842041015625, 82.8331298828125, 231.042236328125], 'conf': 0.77625984, 'label_id': 'person', 'sub_labels': 'other', 'sub_labels_conf': 0.9932417273521423, 'id': 11}, {'box': [428.9940185546875, 584.6821899414062, 124.7708740234375, 272.0949401855469], 'conf': 0.70857507, 'label_id': 'person', 'sub_labels': 'other', 'sub_labels_conf': 0.9984312653541565, 'id': 12}, {'box': [1709.456298828125, 407.9422607421875, 70.602783203125, 218.83724975585938], 'conf': 0.67967343, 'label_id': 'person', 'sub_labels': 'not_human', 'sub_labels_conf': 0.5011654496192932, 'id': 16}, {'box': [1175.98486328125, 262.0823974609375, 80.04248046875, 124.90348815917969], 'conf': 0.5208772, 'label_id': 'person', 'sub_labels': 'other', 'sub_labels_conf': 0.9955604076385498, 'id': 6}, {'box': [1617.765869140625, 357.9937744140625, 93.3271484375, 186.24069213867188], 'conf': 0.65744436, 'label_id': 'person', 'sub_labels': 'other', 'sub_labels_conf': 0.9980930685997009, 'id': 15}, {'box': [1007.57861328125, 220.22911071777344, 67.80169677734375, 177.66586303710938], 'conf': 0.8276177, 'label_id': 'person', 'sub_labels': 'other', 'sub_labels_conf': 0.9971377849578857, 'id': 17}, {'box': [94.05158996582031, 637.3821411132812, 153.95782470703125, 256.919189453125], 'conf': 0.84993196, 'label_id': 'person', 'sub_labels': 'other', 'sub_labels_conf': 0.9844588041305542, 'id': 7}, {'box': [937.018310546875, 166.3734893798828, 55.18731689453125, 118.1295166015625], 'conf': 0.109352045, 'label_id': 'person', 'sub_labels': 'not_human', 'sub_labels_conf': 0.5532389879226685, 'id': 18}, {'box': [62.60237503051758, 778.0555419921875, 124.7630386352539, 219.249755859375], 'conf': 0.7037949, 'label_id': 'person', 'sub_labels': 'other', 'sub_labels_conf': 0.803941547870636, 'id': 19}, {'box': [316.5736083984375, 551.01416015625, 129.587646484375, 240.39688110351562], 'conf': 0.6483818, 'label_id': 'person', 'sub_labels': 'other', 'sub_labels_conf': 0.9998216032981873, 'id': 5}, {'box': [391.02557373046875, 411.75830078125, 89.9774169921875, 102.70355224609375], 'conf': 0.6647817, 'label_id': 'person', 'sub_labels': 'other', 'sub_labels_conf': 0.9697914719581604, 'id': 20}]"
197,2024/5/22 Wednesday 0:0:7,"[{'box': [265.42242431640625, 551.5886840820312, 132.66549682617188, 278.0477294921875], 'conf': 0.8122745, 'label_id': 'person', 'sub_labels': 'other', 'sub_labels_conf': 0.9999998807907104, 'id': 2}, {'box': [926.9227905273438, 211.81723022460938, 72.651123046875, 193.78102111816406], 'conf': 0.64044166, 'label_id': 'person', 'sub_labels': 'other', 'sub_labels_conf': 0.9576026797294617, 'id': 4}, {'box': [501.77227783203125, 507.8194885253906, 122.652587890625, 328.34271240234375], 'conf': 0.6486698, 'label_id': 'person', 'sub_labels': 'other', 'sub_labels_conf': 0.9847089052200317, 'id': 8}, {'box': [180.65811157226562, 557.088134765625, 95.43162536621094, 233.35415649414062], 'conf': 0.8133174, 'label_id': 'person', 'sub_labels': 'other', 'sub_labels_conf': 0.8188625574111938, 'id': 9}, {'box': [1189.07080078125, 386.67364501953125, 83.2734375, 230.52288818359375], 'conf': 0.77937686, 'label_id': 'person', 'sub_labels': 'other', 'sub_labels_conf': 0.9956018924713135, 'id': 11}, {'box': [429.94091796875, 588.5015869140625, 121.794921875, 278.62835693359375], 'conf': 0.62983483, 'label_id': 'person', 'sub_labels': 'other', 'sub_labels_conf': 0.993593156337738, 'id': 12}, {'box': [1709.2939453125, 406.4659423828125, 70.4610595703125, 221.29129028320312], 'conf': 0.6936512, 'label_id': 'person', 'sub_labels': 'other', 'sub_labels_conf': 0.544283390045166, 'id': 16}, {'box': [1176.0523681640625, 261.9671936035156, 80.06103515625, 124.66404724121094], 'conf': 0.56125116, 'label_id': 'person', 'sub_labels': 'other', 'sub_labels_conf': 0.9923296570777893, 'id': 6}, {'box': [1615.7774658203125, 360.44390869140625, 95.729248046875, 191.79595947265625], 'conf': 0.72883165, 'label_id': 'person', 'sub_labels': 'other', 'sub_labels_conf': 0.9965412020683289, 'id': 15}, {'box': [1008.3048706054688, 221.34490966796875, 67.2281494140625, 175.2249755859375], 'conf': 0.82236403, 'label_id': 'person', 'sub_labels': 'other', 'sub_labels_conf': 0.994364857673645, 'id': 17}, {'box': [93.07621002197266, 638.5769653320312, 151.77476501464844, 260.2973327636719], 'conf': 0.8672023, 'label_id': 'person', 'sub_labels': 'other', 'sub_labels_conf': 0.9831081032752991, 'id': 7}, {'box': [937.6558227539062, 188.16586303710938, 53.453857421875, 162.34490966796875], 'conf': 0.19497012, 'label_id': 'person', 'sub_labels': 'other', 'sub_labels_conf': 0.9457705020904541, 'id': 18}, {'box': [67.95575714111328, 773.8543090820312, 135.7055206298828, 225.1258544921875], 'conf': 0.70724195, 'label_id': 'person', 'sub_labels': 'other', 'sub_labels_conf': 0.8701702952384949, 'id': 19}, {'box': [316.7374267578125, 550.8757934570312, 128.53001403808594, 241.21157836914062], 'conf': 0.61176646, 'label_id': 'person', 'sub_labels': 'other', 'sub_labels_conf': 0.9997636675834656, 'id': 5}, {'box': [391.205322265625, 410.8879699707031, 90.88717651367188, 102.37420654296875], 'conf': 0.664961, 'label_id': 'person', 'sub_labels': 'other', 'sub_labels_conf': 0.9378487467765808, 'id': 20}]"
198,2024/5/22 Wednesday 0:0:7,"[{'box': [265.5262145996094, 551.3563232421875, 130.58551025390625, 277.87176513671875], 'conf': 0.80645484, 'label_id': 'person', 'sub_labels': 'other', 'sub_labels_conf': 0.9999995231628418, 'id': 2}, {'box': [927.6939697265625, 207.5674591064453, 72.9918212890625, 196.90090942382812], 'conf': 0.63203305, 'label_id': 'person', 'sub_labels': 'other', 'sub_labels_conf': 0.9705232381820679, 'id': 4}, {'box': [501.93023681640625, 505.88818359375, 123.12484741210938, 324.2474670410156], 'conf': 0.5530723, 'label_id': 'person', 'sub_labels': 'other', 'sub_labels_conf': 0.9705262780189514, 'id': 8}, {'box': [180.6540985107422, 557.0513305664062, 95.599853515625, 233.44784545898438], 'conf': 0.789034, 'label_id': 'person', 'sub_labels': 'other', 'sub_labels_conf': 0.9138480424880981, 'id': 9}, {'box': [1189.212646484375, 386.206298828125, 83.6063232421875, 231.31683349609375], 'conf': 0.7846407, 'label_id': 'person', 'sub_labels': 'other', 'sub_labels_conf': 0.9952168464660645, 'id': 11}, {'box': [434.41094970703125, 592.3833618164062, 117.3765869140625, 282.220947265625], 'conf': 0.7007807, 'label_id': 'person', 'sub_labels': 'other', 'sub_labels_conf': 0.9966835379600525, 'id': 12}, {'box': [1709.2642822265625, 405.82366943359375, 70.431640625, 222.64297485351562], 'conf': 0.6982285, 'label_id': 'person', 'sub_labels': 'other', 'sub_labels_conf': 0.5713005065917969, 'id': 16}, {'box': [1176.18408203125, 264.03460693359375, 80.0450439453125, 128.55059814453125], 'conf': 0.54417425, 'label_id': 'person', 'sub_labels': 'other', 'sub_labels_conf': 0.9892439842224121, 'id': 6}, {'box': [1614.786865234375, 359.5577087402344, 96.9600830078125, 188.72674560546875], 'conf': 0.7137601, 'label_id': 'person', 'sub_labels': 'other', 'sub_labels_conf': 0.9983229041099548, 'id': 15}, {'box': [1009.107177734375, 221.50204467773438, 66.74090576171875, 175.2333221435547], 'conf': 0.808951, 'label_id': 'person', 'sub_labels': 'other', 'sub_labels_conf': 0.9902143478393555, 'id': 17}, {'box': [93.46311950683594, 640.6898193359375, 153.63552856445312, 264.6936340332031], 'conf': 0.88263196, 'label_id': 'person', 'sub_labels': 'other', 'sub_labels_conf': 0.9840613007545471, 'id': 7}, {'box': [938.8575439453125, 192.1546630859375, 50.61480712890625, 170.89402770996094], 'conf': 0.16174933, 'label_id': 'person', 'sub_labels': 'other', 'sub_labels_conf': 0.9345462918281555, 'id': 18}, {'box': [74.3099594116211, 771.841552734375, 148.2464141845703, 228.67596435546875], 'conf': 0.7832148, 'label_id': 'person', 'sub_labels': 'other', 'sub_labels_conf': 0.5855764150619507, 'id': 19}, {'box': [316.65478515625, 553.3099365234375, 128.2449951171875, 239.46649169921875], 'conf': 0.6424397, 'label_id': 'person', 'sub_labels': 'other', 'sub_labels_conf': 0.9999008178710938, 'id': 5}, {'box': [391.560302734375, 409.825439453125, 91.447509765625, 101.55923461914062], 'conf': 0.64510334, 'label_id': 'person', 'sub_labels': 'other', 'sub_labels_conf': 0.8868153691291809, 'id': 20}]"
199,2024/5/22 Wednesday 0:0:7,"[{'box': [266.4914245605469, 551.1778564453125, 129.9149932861328, 278.4700622558594], 'conf': 0.8118113, 'label_id': 'person', 'sub_labels': 'other', 'sub_labels_conf': 0.9999992847442627, 'id': 2}, {'box': [924.5025634765625, 213.27206420898438, 66.32366943359375, 183.2900390625], 'conf': 0.6420084, 'label_id': 'person', 'sub_labels': 'other', 'sub_labels_conf': 0.9517987966537476, 'id': 4}, {'box': [502.9154968261719, 502.94244384765625, 125.77252197265625, 320.7724609375], 'conf': 0.56014043, 'label_id': 'person', 'sub_labels': 'other', 'sub_labels_conf': 0.9482991695404053, 'id': 8}, {'box': [180.893310546875, 557.1209716796875, 96.04777526855469, 233.70648193359375], 'conf': 0.76260996, 'label_id': 'person', 'sub_labels': 'other', 'sub_labels_conf': 0.9296499490737915, 'id': 9}, {'box': [1189.2430419921875, 386.33056640625, 84.106201171875, 231.6163330078125], 'conf': 0.7893036, 'label_id': 'person', 'sub_labels': 'other', 'sub_labels_conf': 0.9962301850318909, 'id': 11}, {'box': [437.4055480957031, 596.2421875, 118.861083984375, 281.61236572265625], 'conf': 0.65687925, 'label_id': 'person', 'sub_labels': 'other', 'sub_labels_conf': 0.9949749708175659, 'id': 12}, {'box': [1709.185546875, 405.7428283691406, 70.1917724609375, 222.91180419921875], 'conf': 0.7215717, 'label_id': 'person', 'sub_labels': 'not_human', 'sub_labels_conf': 0.5156812071800232, 'id': 16}, {'box': [1176.91552734375, 258.7061767578125, 77.9158935546875, 118.03009033203125], 'conf': 0.53700936, 'label_id': 'person', 'sub_labels': 'other', 'sub_labels_conf': 0.9644368290901184, 'id': 6}, {'box': [1615.3455810546875, 360.1289978027344, 96.762451171875, 191.07080078125], 'conf': 0.7145837, 'label_id': 'person', 'sub_labels': 'other', 'sub_labels_conf': 0.9970858693122864, 'id': 15}, {'box': [1009.8129272460938, 221.85545349121094, 66.9705810546875, 174.91397094726562], 'conf': 0.80715543, 'label_id': 'person', 'sub_labels': 'other', 'sub_labels_conf': 0.9894502758979797, 'id': 17}, {'box': [93.92310333251953, 642.3078002929688, 155.5138702392578, 268.2225036621094], 'conf': 0.8548119, 'label_id': 'person', 'sub_labels': 'other', 'sub_labels_conf': 0.9762969613075256, 'id': 7}, {'box': [940.422119140625, 199.64198303222656, 47.989013671875, 185.83377075195312], 'conf': 0.35547897, 'label_id': 'person', 'sub_labels': 'other', 'sub_labels_conf': 0.9558636546134949, 'id': 18}, {'box': [83.99456787109375, 771.7781982421875, 167.44656372070312, 228.9849853515625], 'conf': 0.8300432, 'label_id': 'person', 'sub_labels': 'other', 'sub_labels_conf': 0.7517568469047546, 'id': 19}, {'box': [317.77667236328125, 553.2597045898438, 126.94252014160156, 245.8201904296875], 'conf': 0.5427076, 'label_id': 'person', 'sub_labels': 'other', 'sub_labels_conf': 0.9998703002929688, 'id': 5}, {'box': [391.50103759765625, 408.83184814453125, 91.38693237304688, 101.27169799804688], 'conf': 0.6584594, 'label_id': 'person', 'sub_labels': 'other', 'sub_labels_conf': 0.9345213174819946, 'id': 20}]"
200,2024/5/22 Wednesday 0:0:8,"[{'box': [267.3088073730469, 551.5883178710938, 128.8373565673828, 280.8719482421875], 'conf': 0.813991, 'label_id': 'person', 'sub_labels': 'other', 'sub_labels_conf': 0.9999996423721313, 'id': 2}, {'box': [922.552978515625, 215.583740234375, 63.07550048828125, 176.78009033203125], 'conf': 0.66753024, 'label_id': 'person', 'sub_labels': 'other', 'sub_labels_conf': 0.9535625576972961, 'id': 4}, {'box': [502.2760009765625, 503.3916320800781, 123.92550659179688, 319.65399169921875], 'conf': 0.5808953, 'label_id': 'person', 'sub_labels': 'other', 'sub_labels_conf': 0.9480328559875488, 'id': 8}, {'box': [180.92909240722656, 557.171630859375, 96.099853515625, 234.2509765625], 'conf': 0.7818462, 'label_id': 'person', 'sub_labels': 'other', 'sub_labels_conf': 0.8537259697914124, 'id': 9}, {'box': [1189.5400390625, 386.277099609375, 84.58056640625, 231.61087036132812], 'conf': 0.7842259, 'label_id': 'person', 'sub_labels': 'other', 'sub_labels_conf': 0.994759738445282, 'id': 11}, {'box': [445.5074462890625, 598.8195190429688, 113.68673706054688, 279.9222717285156], 'conf': 0.6916014, 'label_id': 'person', 'sub_labels': 'other', 'sub_labels_conf': 0.993330180644989, 'id': 12}, {'box': [1709.12353515625, 405.7095642089844, 70.0716552734375, 223.08880615234375], 'conf': 0.7258328, 'label_id': 'person', 'sub_labels': 'other', 'sub_labels_conf': 0.4854644238948822, 'id': 16}, {'box': [1177.6492919921875, 268.7532653808594, 78.448486328125, 138.03074645996094], 'conf': 0.45958638, 'label_id': 'person', 'sub_labels': 'other', 'sub_labels_conf': 0.9910019040107727, 'id': 6}, {'box': [1615.58251953125, 359.826904296875, 96.58251953125, 190.89566040039062], 'conf': 0.70822936, 'label_id': 'person', 'sub_labels': 'other', 'sub_labels_conf': 0.9959601759910583, 'id': 15}, {'box': [1010.2001342773438, 221.1979522705078, 66.8758544921875, 176.23965454101562], 'conf': 0.82033956, 'label_id': 'person', 'sub_labels': 'other', 'sub_labels_conf': 0.9918951392173767, 'id': 17}, {'box': [93.39575958251953, 641.6048583984375, 154.45372009277344, 265.6173095703125], 'conf': 0.84662646, 'label_id': 'person', 'sub_labels': 'other', 'sub_labels_conf': 0.9820730686187744, 'id': 7}, {'box': [941.1788940429688, 201.89453125, 46.575927734375, 190.42613220214844], 'conf': 0.3582956, 'label_id': 'person', 'sub_labels': 'other', 'sub_labels_conf': 0.9558687806129456, 'id': 18}, {'box': [85.45552825927734, 771.9143676757812, 168.5359649658203, 229.371337890625], 'conf': 0.83137953, 'label_id': 'person', 'sub_labels': 'other', 'sub_labels_conf': 0.9001240730285645, 'id': 19}, {'box': [319.01556396484375, 553.6583251953125, 123.8072509765625, 247.03207397460938], 'conf': 0.63974637, 'label_id': 'person', 'sub_labels': 'other', 'sub_labels_conf': 0.9995242357254028, 'id': 5}, {'box': [391.4779052734375, 408.02001953125, 91.09542846679688, 101.40625], 'conf': 0.6505068, 'label_id': 'person', 'sub_labels': 'other', 'sub_labels_conf': 0.9802817106246948, 'id': 20}]"
201,2024/5/22 Wednesday 0:0:8,"[{'box': [267.67535400390625, 551.880126953125, 128.26568603515625, 282.13006591796875], 'conf': 0.8219698, 'label_id': 'person', 'sub_labels': 'other', 'sub_labels_conf': 0.9999991655349731, 'id': 2}, {'box': [921.7628173828125, 216.7408447265625, 61.54022216796875, 173.5390167236328], 'conf': 0.73744994, 'label_id': 'person', 'sub_labels': 'other', 'sub_labels_conf': 0.9880907535552979, 'id': 4}, {'box': [503.76708984375, 500.37506103515625, 126.40927124023438, 320.4715270996094], 'conf': 0.61894625, 'label_id': 'person', 'sub_labels': 'other', 'sub_labels_conf': 0.9581794142723083, 'id': 8}, {'box': [181.32315063476562, 557.0823974609375, 96.58207702636719, 234.37884521484375], 'conf': 0.8065285, 'label_id': 'person', 'sub_labels': 'other', 'sub_labels_conf': 0.8540902733802795, 'id': 9}, {'box': [1190.18798828125, 386.33526611328125, 84.699951171875, 232.38204956054688], 'conf': 0.7699646, 'label_id': 'person', 'sub_labels': 'other', 'sub_labels_conf': 0.9980809688568115, 'id': 11}, {'box': [449.37640380859375, 600.3304443359375, 109.36990356445312, 278.3931884765625], 'conf': 0.8001605, 'label_id': 'person', 'sub_labels': 'other', 'sub_labels_conf': 0.9905948638916016, 'id': 12}, {'box': [1709.112548828125, 405.71075439453125, 69.931640625, 223.09848022460938], 'conf': 0.72656405, 'label_id': 'person', 'sub_labels': 'not_human', 'sub_labels_conf': 0.5312133431434631, 'id': 16}, {'box': [1177.683837890625, 260.1773681640625, 77.6578369140625, 121.65753173828125], 'conf': 0.51134354, 'label_id': 'person', 'sub_labels': 'other', 'sub_labels_conf': 0.9918293356895447, 'id': 6}, {'box': [1616.064697265625, 359.29052734375, 96.7344970703125, 189.86361694335938], 'conf': 0.691852, 'label_id': 'person', 'sub_labels': 'other', 'sub_labels_conf': 0.9974949359893799, 'id': 15}, {'box': [1009.8289794921875, 220.89315795898438, 65.63909912109375, 175.74951171875], 'conf': 0.8171947, 'label_id': 'person', 'sub_labels': 'other', 'sub_labels_conf': 0.9976661205291748, 'id': 17}, {'box': [94.05339813232422, 642.4881591796875, 153.89195251464844, 268.107421875], 'conf': 0.8021224, 'label_id': 'person', 'sub_labels': 'other', 'sub_labels_conf': 0.9829843044281006, 'id': 7}, {'box': [942.2144775390625, 171.81430053710938, 46.13446044921875, 130.85812377929688], 'conf': 0.6119953, 'label_id': 'person', 'sub_labels': 'other', 'sub_labels_conf': 0.9653331637382507, 'id': 18}, {'box': [91.39608001708984, 773.518310546875, 171.03514099121094, 225.65081787109375], 'conf': 0.76472276, 'label_id': 'person', 'sub_labels': 'other', 'sub_labels_conf': 0.8944063186645508, 'id': 19}, {'box': [319.62677001953125, 554.1199340820312, 122.72137451171875, 246.56661987304688], 'conf': 0.6379481, 'label_id': 'person', 'sub_labels': 'other', 'sub_labels_conf': 0.9996190071105957, 'id': 5}, {'box': [391.41424560546875, 407.4482727050781, 91.10018920898438, 101.72198486328125], 'conf': 0.6329313, 'label_id': 'person', 'sub_labels': 'other', 'sub_labels_conf': 0.8131911158561707, 'id': 20}]"
202,2024/5/22 Wednesday 0:0:8,"[{'box': [268.390869140625, 551.7811279296875, 128.68838500976562, 282.8698425292969], 'conf': 0.8032829, 'label_id': 'person', 'sub_labels': 'other', 'sub_labels_conf': 0.9999991655349731, 'id': 2}, {'box': [921.796142578125, 217.34756469726562, 61.78369140625, 171.77244567871094], 'conf': 0.7404275, 'label_id': 'person', 'sub_labels': 'other', 'sub_labels_conf': 0.9846958518028259, 'id': 4}, {'box': [505.12408447265625, 498.42083740234375, 128.64663696289062, 320.0623474121094], 'conf': 0.67379636, 'label_id': 'person', 'sub_labels': 'other', 'sub_labels_conf': 0.92928546667099, 'id': 8}, {'box': [181.17697143554688, 557.15185546875, 95.96388244628906, 233.29306030273438], 'conf': 0.8060216, 'label_id': 'person', 'sub_labels': 'other', 'sub_labels_conf': 0.8814039826393127, 'id': 9}, {'box': [1190.60546875, 386.07647705078125, 83.6588134765625, 233.36715698242188], 'conf': 0.7616007, 'label_id': 'person', 'sub_labels': 'other', 'sub_labels_conf': 0.9935450553894043, 'id': 11}, {'box': [452.04376220703125, 601.4615478515625, 110.5909423828125, 276.776611328125], 'conf': 0.77676845, 'label_id': 'person', 'sub_labels': 'other', 'sub_labels_conf': 0.9831263422966003, 'id': 12}, {'box': [1709.275146484375, 405.7251281738281, 69.6917724609375, 223.23724365234375], 'conf': 0.7344438, 'label_id': 'person', 'sub_labels': 'not_human', 'sub_labels_conf': 0.5398487448692322, 'id': 16}, {'box': [1178.3841552734375, 259.72467041015625, 78.807861328125, 120.69097900390625], 'conf': 0.5405466, 'label_id': 'person', 'sub_labels': 'other', 'sub_labels_conf': 0.993122398853302, 'id': 6}, {'box': [1616.857666015625, 358.708251953125, 97.6124267578125, 188.76541137695312], 'conf': 0.7020544, 'label_id': 'person', 'sub_labels': 'other', 'sub_labels_conf': 0.9984536170959473, 'id': 15}, {'box': [1009.8190307617188, 217.75064086914062, 64.9390869140625, 181.17596435546875], 'conf': 0.83178186, 'label_id': 'person', 'sub_labels': 'other', 'sub_labels_conf': 0.9969792366027832, 'id': 17}, {'box': [94.97268676757812, 641.345458984375, 154.24008178710938, 265.4090881347656], 'conf': 0.82151824, 'label_id': 'person', 'sub_labels': 'other', 'sub_labels_conf': 0.978796124458313, 'id': 7}, {'box': [942.17578125, 161.50094604492188, 45.80584716796875, 109.86483001708984], 'conf': 0.6702194, 'label_id': 'person', 'sub_labels': 'other', 'sub_labels_conf': 0.893172025680542, 'id': 18}, {'box': [97.36087799072266, 771.406494140625, 170.1291046142578, 229.56890869140625], 'conf': 0.5179436, 'label_id': 'person', 'sub_labels': 'other', 'sub_labels_conf': 0.8638985753059387, 'id': 19}, {'box': [319.79730224609375, 555.3018188476562, 121.34201049804688, 246.11813354492188], 'conf': 0.69698435, 'label_id': 'person', 'sub_labels': 'other', 'sub_labels_conf': 0.9993438124656677, 'id': 5}, {'box': [391.32708740234375, 406.59344482421875, 91.17294311523438, 102.38656616210938], 'conf': 0.65102935, 'label_id': 'person', 'sub_labels': 'other', 'sub_labels_conf': 0.8566080927848816, 'id': 20}]"
203,2024/5/22 Wednesday 0:0:8,"[{'box': [268.7135009765625, 551.6326904296875, 127.53504943847656, 283.22918701171875], 'conf': 0.8067453, 'label_id': 'person', 'sub_labels': 'other', 'sub_labels_conf': 0.9999984502792358, 'id': 2}, {'box': [922.1029052734375, 217.53262329101562, 62.08624267578125, 171.5835723876953], 'conf': 0.7264449, 'label_id': 'person', 'sub_labels': 'other', 'sub_labels_conf': 0.9853257536888123, 'id': 4}, {'box': [506.474609375, 496.9838562011719, 132.15390014648438, 317.99298095703125], 'conf': 0.61897427, 'label_id': 'person', 'sub_labels': 'other', 'sub_labels_conf': 0.9196422696113586, 'id': 8}, {'box': [181.2584228515625, 557.1444091796875, 95.80162048339844, 232.85455322265625], 'conf': 0.8132693, 'label_id': 'person', 'sub_labels': 'other', 'sub_labels_conf': 0.8986891508102417, 'id': 9}, {'box': [1190.67919921875, 387.079833984375, 82.7940673828125, 229.71307373046875], 'conf': 0.7554724, 'label_id': 'person', 'sub_labels': 'other', 'sub_labels_conf': 0.9907675385475159, 'id': 11}, {'box': [453.95794677734375, 603.161376953125, 111.53073120117188, 273.066650390625], 'conf': 0.7164383, 'label_id': 'person', 'sub_labels': 'other', 'sub_labels_conf': 0.9864774942398071, 'id': 12}, {'box': [1709.343505859375, 405.9334716796875, 69.6898193359375, 223.0494384765625], 'conf': 0.7281965, 'label_id': 'person', 'sub_labels': 'not_human', 'sub_labels_conf': 0.5459480285644531, 'id': 16}, {'box': [1179.490478515625, 257.31463623046875, 79.0311279296875, 115.20980834960938], 'conf': 0.55171853, 'label_id': 'person', 'sub_labels': 'other', 'sub_labels_conf': 0.9971511960029602, 'id': 6}, {'box': [1617.839599609375, 358.26611328125, 98.5931396484375, 187.86990356445312], 'conf': 0.6836972, 'label_id': 'person', 'sub_labels': 'other', 'sub_labels_conf': 0.9994369149208069, 'id': 15}, {'box': [1009.9658203125, 213.5612335205078, 64.92529296875, 185.05166625976562], 'conf': 0.84433514, 'label_id': 'person', 'sub_labels': 'other', 'sub_labels_conf': 0.9883840084075928, 'id': 17}, {'box': [95.59879302978516, 639.2496337890625, 153.5649871826172, 262.2684020996094], 'conf': 0.8158905, 'label_id': 'person', 'sub_labels': 'other', 'sub_labels_conf': 0.9702370166778564, 'id': 7}, {'box': [942.190673828125, 161.01083374023438, 45.97479248046875, 108.63121032714844], 'conf': 0.6800901, 'label_id': 'person', 'sub_labels': 'other', 'sub_labels_conf': 0.8740772604942322, 'id': 18}, {'box': [101.35093688964844, 768.3101806640625, 168.01980590820312, 235.701171875], 'conf': 0.5245222, 'label_id': 'person', 'sub_labels': 'other', 'sub_labels_conf': 0.6305445432662964, 'id': 19}, {'box': [320.0856018066406, 555.822998046875, 120.5909423828125, 245.33505249023438], 'conf': 0.67085564, 'label_id': 'person', 'sub_labels': 'other', 'sub_labels_conf': 0.9994074106216431, 'id': 5}, {'box': [390.979736328125, 406.0728759765625, 91.97372436523438, 101.85958862304688], 'conf': 0.6754825, 'label_id': 'person', 'sub_labels': 'other', 'sub_labels_conf': 0.7755134701728821, 'id': 20}]"
204,2024/5/22 Wednesday 0:0:8,"[{'box': [269.3262023925781, 551.527099609375, 127.7615966796875, 283.62213134765625], 'conf': 0.7933488, 'label_id': 'person', 'sub_labels': 'other', 'sub_labels_conf': 0.9999980926513672, 'id': 2}, {'box': [921.666748046875, 217.66046142578125, 62.70318603515625, 171.67979431152344], 'conf': 0.7213471, 'label_id': 'person', 'sub_labels': 'other', 'sub_labels_conf': 0.9794098138809204, 'id': 4}, {'box': [507.447021484375, 496.4759826660156, 135.12344360351562, 315.52398681640625], 'conf': 0.67204297, 'label_id': 'person', 'sub_labels': 'other', 'sub_labels_conf': 0.9157288074493408, 'id': 8}, {'box': [183.02281188964844, 557.2728271484375, 101.09866333007812, 233.2012939453125], 'conf': 0.8017767, 'label_id': 'person', 'sub_labels': 'other', 'sub_labels_conf': 0.867328405380249, 'id': 9}, {'box': [1190.592529296875, 387.1342468261719, 82.7476806640625, 231.28692626953125], 'conf': 0.78054345, 'label_id': 'person', 'sub_labels': 'other', 'sub_labels_conf': 0.9845812916755676, 'id': 11}, {'box': [455.5217590332031, 605.0330810546875, 113.29522705078125, 269.64923095703125], 'conf': 0.72141176, 'label_id': 'person', 'sub_labels': 'other', 'sub_labels_conf': 0.9714705348014832, 'id': 12}, {'box': [1709.406982421875, 405.93157958984375, 69.6993408203125, 223.05062866210938], 'conf': 0.73396355, 'label_id': 'person', 'sub_labels': 'not_human', 'sub_labels_conf': 0.591463565826416, 'id': 16}, {'box': [1181.17431640625, 255.82403564453125, 78.5699462890625, 113.04975891113281], 'conf': 0.57894474, 'label_id': 'person', 'sub_labels': 'other', 'sub_labels_conf': 0.9984787106513977, 'id': 6}, {'box': [1618.214111328125, 358.39886474609375, 98.340087890625, 188.1044921875], 'conf': 0.6617625, 'label_id': 'person', 'sub_labels': 'other', 'sub_labels_conf': 0.9985862970352173, 'id': 15}, {'box': [1010.1849365234375, 212.66928100585938, 63.91851806640625, 183.88934326171875], 'conf': 0.8272722, 'label_id': 'person', 'sub_labels': 'other', 'sub_labels_conf': 0.9935427904129028, 'id': 17}, {'box': [95.33919525146484, 639.6238403320312, 152.5529022216797, 262.2497863769531], 'conf': 0.7980861, 'label_id': 'person', 'sub_labels': 'other', 'sub_labels_conf': 0.9720596075057983, 'id': 7}, {'box': [942.4479370117188, 163.595947265625, 45.294921875, 113.16928100585938], 'conf': 0.6843219, 'label_id': 'person', 'sub_labels': 'other', 'sub_labels_conf': 0.8460757732391357, 'id': 18}, {'box': [104.82234954833984, 768.6261596679688, 166.76292419433594, 234.5787353515625], 'conf': 0.2022821, 'label_id': 'person', 'sub_labels': 'other', 'sub_labels_conf': 0.791843593120575, 'id': 19}, {'box': [320.1800537109375, 555.9208374023438, 120.05606079101562, 245.75729370117188], 'conf': 0.63237226, 'label_id': 'person', 'sub_labels': 'other', 'sub_labels_conf': 0.9993738532066345, 'id': 5}, {'box': [391.2100830078125, 405.9903564453125, 91.53475952148438, 101.77774047851562], 'conf': 0.6694029, 'label_id': 'person', 'sub_labels': 'other', 'sub_labels_conf': 0.9827250838279724, 'id': 20}]"
205,2024/5/22 Wednesday 0:0:8,"[{'box': [270.2831726074219, 549.732421875, 128.83197021484375, 281.31182861328125], 'conf': 0.7818656, 'label_id': 'person', 'sub_labels': 'other', 'sub_labels_conf': 0.9999985694885254, 'id': 2}, {'box': [921.622802734375, 217.75924682617188, 63.80352783203125, 171.88287353515625], 'conf': 0.7286229, 'label_id': 'person', 'sub_labels': 'other', 'sub_labels_conf': 0.9662166833877563, 'id': 4}, {'box': [507.9908752441406, 497.5242919921875, 135.13690185546875, 314.7249755859375], 'conf': 0.6915384, 'label_id': 'person', 'sub_labels': 'other', 'sub_labels_conf': 0.9597232341766357, 'id': 8}, {'box': [185.586181640625, 557.343994140625, 106.75996398925781, 233.46511840820312], 'conf': 0.76227427, 'label_id': 'person', 'sub_labels': 'other', 'sub_labels_conf': 0.9023494720458984, 'id': 9}, {'box': [1191.31982421875, 387.59906005859375, 82.6668701171875, 228.8868408203125], 'conf': 0.78616375, 'label_id': 'person', 'sub_labels': 'other', 'sub_labels_conf': 0.993700385093689, 'id': 11}, {'box': [457.5263671875, 606.6362915039062, 115.0885009765625, 267.3479919433594], 'conf': 0.7208989, 'label_id': 'person', 'sub_labels': 'other', 'sub_labels_conf': 0.9724516272544861, 'id': 12}, {'box': [1709.403076171875, 406.12994384765625, 69.7894287109375, 222.60205078125], 'conf': 0.7303218, 'label_id': 'person', 'sub_labels': 'not_human', 'sub_labels_conf': 0.4753318428993225, 'id': 16}, {'box': [1181.772216796875, 255.2148895263672, 79.0050048828125, 113.08444213867188], 'conf': 0.61128974, 'label_id': 'person', 'sub_labels': 'other', 'sub_labels_conf': 0.9967879056930542, 'id': 6}, {'box': [1618.315673828125, 358.87957763671875, 97.1688232421875, 188.96090698242188], 'conf': 0.68256634, 'label_id': 'person', 'sub_labels': 'other', 'sub_labels_conf': 0.9977091550827026, 'id': 15}, {'box': [1009.7767333984375, 212.59397888183594, 62.60992431640625, 174.47409057617188], 'conf': 0.8189611, 'label_id': 'person', 'sub_labels': 'other', 'sub_labels_conf': 0.9971185922622681, 'id': 17}, {'box': [93.26288604736328, 642.0693969726562, 146.30165100097656, 265.2230529785156], 'conf': 0.7669773, 'label_id': 'person', 'sub_labels': 'other', 'sub_labels_conf': 0.9664411544799805, 'id': 7}, {'box': [942.8516845703125, 164.15794372558594, 43.58740234375, 114.8508529663086], 'conf': 0.666979, 'label_id': 'person', 'sub_labels': 'other', 'sub_labels_conf': 0.8357606530189514, 'id': 18}, {'box': [106.13677978515625, 763.9417724609375, 168.18106079101562, 241.69049072265625], 'conf': 0.8051486, 'label_id': 'person', 'sub_labels': 'cashier', 'sub_labels_conf': 0.6442013382911682, 'id': 19}, {'box': [320.4561767578125, 556.0476684570312, 119.4097900390625, 246.24267578125], 'conf': 0.62608236, 'label_id': 'person', 'sub_labels': 'other', 'sub_labels_conf': 0.9994454979896545, 'id': 5}, {'box': [390.72430419921875, 406.1102294921875, 90.43362426757812, 101.52706909179688], 'conf': 0.5900456, 'label_id': 'person', 'sub_labels': 'other', 'sub_labels_conf': 0.831240177154541, 'id': 20}]"
206,2024/5/22 Wednesday 0:0:8,"[{'box': [270.5078430175781, 550.7825927734375, 127.70182800292969, 282.63720703125], 'conf': 0.8005321, 'label_id': 'person', 'sub_labels': 'other', 'sub_labels_conf': 0.9999986886978149, 'id': 2}, {'box': [921.51416015625, 217.75198364257812, 65.5802001953125, 171.27818298339844], 'conf': 0.7073676, 'label_id': 'person', 'sub_labels': 'other', 'sub_labels_conf': 0.9778419733047485, 'id': 4}, {'box': [507.34075927734375, 498.466796875, 134.98910522460938, 316.3114318847656], 'conf': 0.7369825, 'label_id': 'person', 'sub_labels': 'other', 'sub_labels_conf': 0.9668905735015869, 'id': 8}, {'box': [185.1638946533203, 557.290771484375, 106.15985107421875, 233.41656494140625], 'conf': 0.7774953, 'label_id': 'person', 'sub_labels': 'other', 'sub_labels_conf': 0.8863000273704529, 'id': 9}, {'box': [1191.424560546875, 387.2464599609375, 82.5013427734375, 228.98788452148438], 'conf': 0.7907441, 'label_id': 'person', 'sub_labels': 'other', 'sub_labels_conf': 0.9957038760185242, 'id': 11}, {'box': [456.0743408203125, 608.7686767578125, 110.24868774414062, 264.811767578125], 'conf': 0.68496823, 'label_id': 'person', 'sub_labels': 'other', 'sub_labels_conf': 0.9792941212654114, 'id': 12}, {'box': [1709.37255859375, 406.2704772949219, 69.9892578125, 222.27191162109375], 'conf': 0.7337252, 'label_id': 'person', 'sub_labels': 'other', 'sub_labels_conf': 0.4921601414680481, 'id': 16}, {'box': [1181.8818359375, 254.32505798339844, 79.7838134765625, 112.65951538085938], 'conf': 0.6732053, 'label_id': 'person', 'sub_labels': 'other', 'sub_labels_conf': 0.9978487491607666, 'id': 6}, {'box': [1617.666259765625, 359.1971740722656, 96.4639892578125, 189.405029296875], 'conf': 0.7126695, 'label_id': 'person', 'sub_labels': 'other', 'sub_labels_conf': 0.9970203042030334, 'id': 15}, {'box': [1009.3426513671875, 211.38339233398438, 61.56268310546875, 168.28302001953125], 'conf': 0.8078229, 'label_id': 'person', 'sub_labels': 'other', 'sub_labels_conf': 0.9986644983291626, 'id': 17}, {'box': [94.13938903808594, 642.1152954101562, 146.55685424804688, 265.9529113769531], 'conf': 0.82060045, 'label_id': 'person', 'sub_labels': 'other', 'sub_labels_conf': 0.9717373251914978, 'id': 7}, {'box': [942.7537841796875, 163.4923858642578, 43.30963134765625, 117.03876495361328], 'conf': 0.66460794, 'label_id': 'person', 'sub_labels': 'other', 'sub_labels_conf': 0.6602082252502441, 'id': 18}, {'box': [108.31169891357422, 771.104248046875, 166.9075164794922, 224.94281005859375], 'conf': 0.15699613, 'label_id': 'person', 'sub_labels': 'other', 'sub_labels_conf': 0.799338698387146, 'id': 19}, {'box': [320.9912109375, 556.201171875, 118.4879150390625, 246.57891845703125], 'conf': 0.6705978, 'label_id': 'person', 'sub_labels': 'other', 'sub_labels_conf': 0.9993951320648193, 'id': 5}, {'box': [390.1163024902344, 406.0843505859375, 90.21441650390625, 100.84713745117188], 'conf': 0.44927853, 'label_id': 'person', 'sub_labels': 'other', 'sub_labels_conf': 0.5777552127838135, 'id': 20}]"
207,2024/5/22 Wednesday 0:0:8,"[{'box': [270.87432861328125, 551.2734375, 127.88760375976562, 282.9469909667969], 'conf': 0.7944712, 'label_id': 'person', 'sub_labels': 'other', 'sub_labels_conf': 0.9999985694885254, 'id': 2}, {'box': [920.8221435546875, 217.4871063232422, 63.697998046875, 170.35464477539062], 'conf': 0.70640457, 'label_id': 'person', 'sub_labels': 'other', 'sub_labels_conf': 0.9360012412071228, 'id': 4}, {'box': [506.5303955078125, 497.8689880371094, 133.97775268554688, 318.12298583984375], 'conf': 0.76104224, 'label_id': 'person', 'sub_labels': 'other', 'sub_labels_conf': 0.9737769961357117, 'id': 8}, {'box': [183.49966430664062, 557.3333740234375, 102.85563659667969, 233.40090942382812], 'conf': 0.77533215, 'label_id': 'person', 'sub_labels': 'other', 'sub_labels_conf': 0.8519859910011292, 'id': 9}, {'box': [1191.7698974609375, 386.4780578613281, 83.2001953125, 230.01043701171875], 'conf': 0.77783924, 'label_id': 'person', 'sub_labels': 'other', 'sub_labels_conf': 0.9909501671791077, 'id': 11}, {'box': [460.70458984375, 607.9932861328125, 115.3795166015625, 266.98077392578125], 'conf': 0.49291795, 'label_id': 'person', 'sub_labels': 'other', 'sub_labels_conf': 0.9838191866874695, 'id': 12}, {'box': [1709.3035888671875, 406.33294677734375, 70.120361328125, 222.591796875], 'conf': 0.72920245, 'label_id': 'person', 'sub_labels': 'other', 'sub_labels_conf': 0.5083414316177368, 'id': 16}, {'box': [1183.087646484375, 255.0583953857422, 77.8568115234375, 114.92318725585938], 'conf': 0.6234476, 'label_id': 'person', 'sub_labels': 'other', 'sub_labels_conf': 0.9983653426170349, 'id': 6}, {'box': [1616.65673828125, 358.78607177734375, 94.4871826171875, 186.89028930664062], 'conf': 0.6765341, 'label_id': 'person', 'sub_labels': 'other', 'sub_labels_conf': 0.998062789440155, 'id': 15}, {'box': [1009.1397705078125, 207.78053283691406, 61.53497314453125, 167.36660766601562], 'conf': 0.82603896, 'label_id': 'person', 'sub_labels': 'other', 'sub_labels_conf': 0.9971823692321777, 'id': 17}, {'box': [97.43787384033203, 640.307373046875, 144.8986358642578, 266.5621337890625], 'conf': 0.76302266, 'label_id': 'person', 'sub_labels': 'other', 'sub_labels_conf': 0.9597747325897217, 'id': 7}, {'box': [942.5111083984375, 165.54135131835938, 44.05389404296875, 123.74201965332031], 'conf': 0.6766683, 'label_id': 'person', 'sub_labels': 'other', 'sub_labels_conf': 0.7282462120056152, 'id': 18}, {'box': [109.63615417480469, 773.672607421875, 163.87008666992188, 215.48321533203125], 'conf': 0.2709239, 'label_id': 'fire hydrant', 'sub_labels': 'other', 'sub_labels_conf': 0.8824790120124817, 'id': 19}, {'box': [321.23114013671875, 556.0453491210938, 118.57516479492188, 246.77035522460938], 'conf': 0.6890971, 'label_id': 'person', 'sub_labels': 'other', 'sub_labels_conf': 0.9995890259742737, 'id': 5}, {'box': [390.25714111328125, 405.5750427246094, 89.15231323242188, 101.31744384765625], 'conf': 0.42011052, 'label_id': 'person', 'sub_labels': 'other', 'sub_labels_conf': 0.7656527161598206, 'id': 20}]"
208,2024/5/22 Wednesday 0:0:8,"[{'box': [270.84075927734375, 551.781982421875, 127.70306396484375, 282.9656982421875], 'conf': 0.78526515, 'label_id': 'person', 'sub_labels': 'other', 'sub_labels_conf': 0.9999990463256836, 'id': 2}, {'box': [920.4638671875, 216.5166778564453, 64.01214599609375, 168.26101684570312], 'conf': 0.7068171, 'label_id': 'person', 'sub_labels': 'other', 'sub_labels_conf': 0.856166422367096, 'id': 4}, {'box': [505.48907470703125, 497.4765625, 133.8797607421875, 316.8995361328125], 'conf': 0.71310246, 'label_id': 'person', 'sub_labels': 'other', 'sub_labels_conf': 0.98421311378479, 'id': 8}, {'box': [182.17523193359375, 557.3790283203125, 98.43595886230469, 233.44198608398438], 'conf': 0.7844646, 'label_id': 'person', 'sub_labels': 'other', 'sub_labels_conf': 0.9218383431434631, 'id': 9}, {'box': [1191.775390625, 386.0064697265625, 83.3082275390625, 230.295166015625], 'conf': 0.7934494, 'label_id': 'person', 'sub_labels': 'other', 'sub_labels_conf': 0.9896641373634338, 'id': 11}, {'box': [464.7332763671875, 612.1134643554688, 115.0897216796875, 261.0199890136719], 'conf': 0.821746, 'label_id': 'person', 'sub_labels': 'other', 'sub_labels_conf': 0.9903327822685242, 'id': 12}, {'box': [1709.298828125, 406.1046142578125, 70.19140625, 223.1734619140625], 'conf': 0.7278902, 'label_id': 'person', 'sub_labels': 'other', 'sub_labels_conf': 0.5431004762649536, 'id': 16}, {'box': [1183.9501953125, 253.99826049804688, 77.892333984375, 113.1671142578125], 'conf': 0.63559645, 'label_id': 'person', 'sub_labels': 'other', 'sub_labels_conf': 0.9976850748062134, 'id': 6}, {'box': [1615.2467041015625, 358.64434814453125, 94.830078125, 186.10641479492188], 'conf': 0.6909059, 'label_id': 'person', 'sub_labels': 'other', 'sub_labels_conf': 0.9987566471099854, 'id': 15}, {'box': [1008.720458984375, 205.11631774902344, 61.09600830078125, 169.08132934570312], 'conf': 0.8357769, 'label_id': 'person', 'sub_labels': 'other', 'sub_labels_conf': 0.9898973703384399, 'id': 17}, {'box': [100.19306182861328, 637.1708374023438, 144.99342346191406, 261.0438232421875], 'conf': 0.7635576, 'label_id': 'person', 'sub_labels': 'other', 'sub_labels_conf': 0.95680171251297, 'id': 7}, {'box': [942.05615234375, 165.67173767089844, 44.66973876953125, 124.45398712158203], 'conf': 0.6644737, 'label_id': 'person', 'sub_labels': 'other', 'sub_labels_conf': 0.6350509524345398, 'id': 18}, {'box': [110.98892211914062, 772.6966552734375, 160.48629760742188, 213.47406005859375], 'conf': 0.57671195, 'label_id': 'fire hydrant', 'sub_labels': 'other', 'sub_labels_conf': 0.525111198425293, 'id': 19}, {'box': [321.17138671875, 553.6168212890625, 119.95294189453125, 239.75408935546875], 'conf': 0.70370424, 'label_id': 'person', 'sub_labels': 'other', 'sub_labels_conf': 0.9996951818466187, 'id': 5}, {'box': [391.62603759765625, 406.0327453613281, 89.91452026367188, 101.95416259765625], 'conf': 0.6373782, 'label_id': 'person', 'sub_labels': 'other', 'sub_labels_conf': 0.8883935213088989, 'id': 20}]"
209,2024/5/22 Wednesday 0:0:8,"[{'box': [270.82763671875, 551.8603515625, 127.49951171875, 282.7181396484375], 'conf': 0.768057, 'label_id': 'person', 'sub_labels': 'other', 'sub_labels_conf': 0.9999985694885254, 'id': 2}, {'box': [919.2247314453125, 216.44593811035156, 64.61474609375, 166.43612670898438], 'conf': 0.7209247, 'label_id': 'person', 'sub_labels': 'other', 'sub_labels_conf': 0.8206580877304077, 'id': 4}, {'box': [505.5750732421875, 493.86895751953125, 134.69955444335938, 309.0848693847656], 'conf': 0.7190749, 'label_id': 'person', 'sub_labels': 'other', 'sub_labels_conf': 0.9923070073127747, 'id': 8}, {'box': [182.0805206298828, 557.5494995117188, 99.287353515625, 233.80166625976562], 'conf': 0.7712918, 'label_id': 'person', 'sub_labels': 'other', 'sub_labels_conf': 0.9331551194190979, 'id': 9}, {'box': [1191.737060546875, 385.6990966796875, 83.3446044921875, 231.47341918945312], 'conf': 0.80187863, 'label_id': 'person', 'sub_labels': 'other', 'sub_labels_conf': 0.9925029277801514, 'id': 11}, {'box': [472.21844482421875, 612.931640625, 124.9053955078125, 261.8373718261719], 'conf': 0.8283458, 'label_id': 'person', 'sub_labels': 'other', 'sub_labels_conf': 0.9218990206718445, 'id': 12}, {'box': [1709.270263671875, 405.80712890625, 70.1956787109375, 223.8404541015625], 'conf': 0.7302631, 'label_id': 'person', 'sub_labels': 'other', 'sub_labels_conf': 0.6363676190376282, 'id': 16}, {'box': [1184.8818359375, 255.50924682617188, 79.8311767578125, 116.5166015625], 'conf': 0.69326276, 'label_id': 'person', 'sub_labels': 'other', 'sub_labels_conf': 0.9928705096244812, 'id': 6}, {'box': [1617.0782470703125, 357.98016357421875, 94.69287109375, 184.36923217773438], 'conf': 0.6594108, 'label_id': 'person', 'sub_labels': 'other', 'sub_labels_conf': 0.9974625110626221, 'id': 15}, {'box': [1008.7108154296875, 203.26742553710938, 61.17144775390625, 172.5010528564453], 'conf': 0.84920454, 'label_id': 'person', 'sub_labels': 'other', 'sub_labels_conf': 0.9947136044502258, 'id': 17}, {'box': [103.30137634277344, 635.3616943359375, 148.38021850585938, 257.72430419921875], 'conf': 0.7261458, 'label_id': 'person', 'sub_labels': 'other', 'sub_labels_conf': 0.9520795345306396, 'id': 7}, {'box': [941.6092529296875, 164.78823852539062, 45.31280517578125, 126.04411315917969], 'conf': 0.66418326, 'label_id': 'person', 'sub_labels': 'other', 'sub_labels_conf': 0.9566518068313599, 'id': 18}, {'box': [115.06298065185547, 766.3228759765625, 151.21751403808594, 226.01483154296875], 'conf': 0.2515071, 'label_id': 'fire hydrant', 'sub_labels': 'other', 'sub_labels_conf': 0.9440822601318359, 'id': 19}, {'box': [321.070068359375, 553.2586669921875, 120.38632202148438, 236.78530883789062], 'conf': 0.69996023, 'label_id': 'person', 'sub_labels': 'other', 'sub_labels_conf': 0.9997727274894714, 'id': 5}, {'box': [392.1559753417969, 405.98492431640625, 89.85479736328125, 103.50955200195312], 'conf': 0.6906887, 'label_id': 'person', 'sub_labels': 'other', 'sub_labels_conf': 0.9099102020263672, 'id': 20}]"
210,2024/5/22 Wednesday 0:0:8,"[{'box': [270.6990966796875, 551.5150756835938, 126.64529418945312, 282.5530700683594], 'conf': 0.8039911, 'label_id': 'person', 'sub_labels': 'other', 'sub_labels_conf': 0.999998927116394, 'id': 2}, {'box': [918.9425048828125, 215.77279663085938, 62.7923583984375, 168.35845947265625], 'conf': 0.7280247, 'label_id': 'person', 'sub_labels': 'other', 'sub_labels_conf': 0.81466144323349, 'id': 4}, {'box': [504.10675048828125, 494.79583740234375, 133.50137329101562, 311.4704895019531], 'conf': 0.6288813, 'label_id': 'person', 'sub_labels': 'other', 'sub_labels_conf': 0.9944761395454407, 'id': 8}, {'box': [180.89031982421875, 557.8909912109375, 95.84394836425781, 234.36065673828125], 'conf': 0.7520564, 'label_id': 'person', 'sub_labels': 'other', 'sub_labels_conf': 0.8506123423576355, 'id': 9}, {'box': [1192.3974609375, 384.31268310546875, 83.859619140625, 230.50485229492188], 'conf': 0.7797774, 'label_id': 'person', 'sub_labels': 'other', 'sub_labels_conf': 0.9949629306793213, 'id': 11}, {'box': [481.410400390625, 619.1153564453125, 135.362060546875, 263.8936462402344], 'conf': 0.79971033, 'label_id': 'person', 'sub_labels': 'other', 'sub_labels_conf': 0.955449104309082, 'id': 12}, {'box': [1709.070068359375, 405.7834777832031, 70.6959228515625, 223.84088134765625], 'conf': 0.7219639, 'label_id': 'person', 'sub_labels': 'other', 'sub_labels_conf': 0.7079824805259705, 'id': 16}, {'box': [1186.6409912109375, 252.0455780029297, 78.73291015625, 110.41983032226562], 'conf': 0.7130977, 'label_id': 'person', 'sub_labels': 'other', 'sub_labels_conf': 0.9969930648803711, 'id': 6}, {'box': [1618.2911376953125, 358.33349609375, 100.0458984375, 184.6094970703125], 'conf': 0.7077852, 'label_id': 'person', 'sub_labels': 'other', 'sub_labels_conf': 0.9966277480125427, 'id': 15}, {'box': [1009.01318359375, 201.36346435546875, 61.25677490234375, 174.64002990722656], 'conf': 0.8525696, 'label_id': 'person', 'sub_labels': 'other', 'sub_labels_conf': 0.9945468902587891, 'id': 17}, {'box': [103.34854125976562, 636.2625122070312, 145.83319091796875, 258.8453369140625], 'conf': 0.69917345, 'label_id': 'person', 'sub_labels': 'other', 'sub_labels_conf': 0.948540449142456, 'id': 7}, {'box': [942.6209716796875, 164.87374877929688, 42.62677001953125, 128.425048828125], 'conf': 0.6726833, 'label_id': 'person', 'sub_labels': 'not_human', 'sub_labels_conf': 0.5931875109672546, 'id': 18}, {'box': [117.6911392211914, 760.0114135742188, 144.76548767089844, 239.037353515625], 'conf': 0.30181792, 'label_id': 'person', 'sub_labels': 'other', 'sub_labels_conf': 0.9260395765304565, 'id': 19}, {'box': [320.87322998046875, 555.136962890625, 117.83978271484375, 241.54241943359375], 'conf': 0.7008854, 'label_id': 'person', 'sub_labels': 'other', 'sub_labels_conf': 0.9997478127479553, 'id': 5}, {'box': [392.11712646484375, 405.34442138671875, 89.95712280273438, 105.41165161132812], 'conf': 0.70584416, 'label_id': 'person', 'sub_labels': 'other', 'sub_labels_conf': 0.96727454662323, 'id': 20}]"
211,2024/5/22 Wednesday 0:0:8,"[{'box': [270.85418701171875, 551.2991333007812, 126.6981201171875, 282.3481140136719], 'conf': 0.8139769, 'label_id': 'person', 'sub_labels': 'other', 'sub_labels_conf': 0.9999990463256836, 'id': 2}, {'box': [917.6558837890625, 214.3739013671875, 61.63470458984375, 167.87132263183594], 'conf': 0.72233313, 'label_id': 'person', 'sub_labels': 'other', 'sub_labels_conf': 0.8591611385345459, 'id': 4}, {'box': [504.8565979003906, 492.2776184082031, 135.42352294921875, 306.22381591796875], 'conf': 0.6540836, 'label_id': 'person', 'sub_labels': 'other', 'sub_labels_conf': 0.9850081205368042, 'id': 8}, {'box': [180.4368896484375, 557.89501953125, 94.44224548339844, 234.472900390625], 'conf': 0.73378605, 'label_id': 'person', 'sub_labels': 'other', 'sub_labels_conf': 0.85601806640625, 'id': 9}, {'box': [1191.0809326171875, 382.9111633300781, 84.10302734375, 232.7158203125], 'conf': 0.7982576, 'label_id': 'person', 'sub_labels': 'other', 'sub_labels_conf': 0.9956790804862976, 'id': 11}, {'box': [489.9976806640625, 623.618408203125, 143.19064331054688, 272.433349609375], 'conf': 0.8441365, 'label_id': 'person', 'sub_labels': 'other', 'sub_labels_conf': 0.9307675957679749, 'id': 12}, {'box': [1708.97265625, 405.574951171875, 70.683349609375, 224.86203002929688], 'conf': 0.71936476, 'label_id': 'person', 'sub_labels': 'other', 'sub_labels_conf': 0.7307618260383606, 'id': 16}, {'box': [1187.314453125, 248.3951416015625, 79.3907470703125, 103.81596374511719], 'conf': 0.69512916, 'label_id': 'person', 'sub_labels': 'other', 'sub_labels_conf': 0.9964855909347534, 'id': 6}, {'box': [1618.21337890625, 358.7239074707031, 102.5538330078125, 185.27197265625], 'conf': 0.70599115, 'label_id': 'person', 'sub_labels': 'other', 'sub_labels_conf': 0.9980024695396423, 'id': 15}, {'box': [1008.6285400390625, 200.61929321289062, 60.11834716796875, 175.7440185546875], 'conf': 0.8512117, 'label_id': 'person', 'sub_labels': 'other', 'sub_labels_conf': 0.9948931932449341, 'id': 17}, {'box': [104.82408905029297, 633.5093383789062, 149.8117218017578, 254.9793701171875], 'conf': 0.68427604, 'label_id': 'person', 'sub_labels': 'other', 'sub_labels_conf': 0.9708234667778015, 'id': 7}, {'box': [942.9847412109375, 164.63787841796875, 41.02655029296875, 129.03939819335938], 'conf': 0.6742115, 'label_id': 'person', 'sub_labels': 'not_human', 'sub_labels_conf': 0.607688307762146, 'id': 18}, {'box': [121.00534057617188, 764.0548706054688, 139.70938110351562, 228.9439697265625], 'conf': 0.19267388, 'label_id': 'fire hydrant', 'sub_labels': 'other', 'sub_labels_conf': 0.9527679085731506, 'id': 19}, {'box': [320.8067932128906, 555.5723876953125, 116.24212646484375, 242.91433715820312], 'conf': 0.70840347, 'label_id': 'person', 'sub_labels': 'other', 'sub_labels_conf': 0.999824583530426, 'id': 5}, {'box': [391.6883239746094, 405.4012451171875, 91.086669921875, 107.94125366210938], 'conf': 0.7243637, 'label_id': 'person', 'sub_labels': 'other', 'sub_labels_conf': 0.9692116379737854, 'id': 20}]"
212,2024/5/22 Wednesday 0:0:8,"[{'box': [270.9014587402344, 551.2133178710938, 126.54705810546875, 282.110107421875], 'conf': 0.81520903, 'label_id': 'person', 'sub_labels': 'other', 'sub_labels_conf': 0.9999985694885254, 'id': 2}, {'box': [917.4931030273438, 211.58425903320312, 62.5855712890625, 166.11376953125], 'conf': 0.72000176, 'label_id': 'person', 'sub_labels': 'other', 'sub_labels_conf': 0.9697147011756897, 'id': 4}, {'box': [505.7040710449219, 493.831787109375, 135.21954345703125, 305.9825744628906], 'conf': 0.63725835, 'label_id': 'person', 'sub_labels': 'other', 'sub_labels_conf': 0.9781510829925537, 'id': 8}, {'box': [180.25631713867188, 557.9918212890625, 95.32037353515625, 234.416748046875], 'conf': 0.7355644, 'label_id': 'person', 'sub_labels': 'other', 'sub_labels_conf': 0.8495886325836182, 'id': 9}, {'box': [1191.8837890625, 382.7032470703125, 85.945068359375, 232.89236450195312], 'conf': 0.7980278, 'label_id': 'person', 'sub_labels': 'other', 'sub_labels_conf': 0.9914713501930237, 'id': 11}, {'box': [498.8717041015625, 627.65185546875, 150.438720703125, 274.62994384765625], 'conf': 0.8506031, 'label_id': 'person', 'sub_labels': 'other', 'sub_labels_conf': 0.951164722442627, 'id': 12}, {'box': [1708.8922119140625, 405.50653076171875, 70.637939453125, 225.26998901367188], 'conf': 0.7235969, 'label_id': 'person', 'sub_labels': 'other', 'sub_labels_conf': 0.6696370244026184, 'id': 16}, {'box': [1187.750732421875, 248.0121612548828, 79.9635009765625, 102.32919311523438], 'conf': 0.693401, 'label_id': 'person', 'sub_labels': 'other', 'sub_labels_conf': 0.9943270087242126, 'id': 6}, {'box': [1618.091552734375, 358.94915771484375, 103.6468505859375, 185.85861206054688], 'conf': 0.7074314, 'label_id': 'person', 'sub_labels': 'other', 'sub_labels_conf': 0.9975584745407104, 'id': 15}, {'box': [1008.901611328125, 200.9175262451172, 59.17022705078125, 175.81216430664062], 'conf': 0.84234357, 'label_id': 'person', 'sub_labels': 'other', 'sub_labels_conf': 0.9945481419563293, 'id': 17}, {'box': [105.53068542480469, 631.6328125, 153.36087036132812, 251.93655395507812], 'conf': 0.68072313, 'label_id': 'person', 'sub_labels': 'other', 'sub_labels_conf': 0.9873177409172058, 'id': 7}, {'box': [943.4672241210938, 163.99960327148438, 38.8699951171875, 128.25135803222656], 'conf': 0.62202525, 'label_id': 'person', 'sub_labels': 'other', 'sub_labels_conf': 0.6123204827308655, 'id': 18}, {'box': [123.35694885253906, 766.6226196289062, 137.27713012695312, 223.0802001953125], 'conf': 0.19733642, 'label_id': 'fire hydrant', 'sub_labels': 'other', 'sub_labels_conf': 0.8478031158447266, 'id': 19}, {'box': [320.764404296875, 555.820556640625, 115.28707885742188, 243.3450927734375], 'conf': 0.68901044, 'label_id': 'person', 'sub_labels': 'other', 'sub_labels_conf': 0.9999136924743652, 'id': 5}, {'box': [391.33984375, 404.837646484375, 91.90066528320312, 108.6016845703125], 'conf': 0.73980045, 'label_id': 'person', 'sub_labels': 'other', 'sub_labels_conf': 0.9065104126930237, 'id': 20}]"
213,2024/5/22 Wednesday 0:0:8,"[{'box': [270.9606018066406, 551.1482543945312, 126.35334777832031, 281.7432861328125], 'conf': 0.81092995, 'label_id': 'person', 'sub_labels': 'other', 'sub_labels_conf': 0.999998927116394, 'id': 2}, {'box': [920.1314697265625, 208.2731170654297, 62.96868896484375, 162.53610229492188], 'conf': 0.7650426, 'label_id': 'person', 'sub_labels': 'other', 'sub_labels_conf': 0.936263918876648, 'id': 4}, {'box': [504.4735107421875, 484.6231384277344, 134.87789916992188, 290.56158447265625], 'conf': 0.59287244, 'label_id': 'person', 'sub_labels': 'other', 'sub_labels_conf': 0.9780534505844116, 'id': 8}, {'box': [180.04232788085938, 557.950927734375, 94.03712463378906, 234.4041748046875], 'conf': 0.7384341, 'label_id': 'person', 'sub_labels': 'other', 'sub_labels_conf': 0.8357813358306885, 'id': 9}, {'box': [1192.07177734375, 382.046875, 86.5982666015625, 234.00079345703125], 'conf': 0.7888737, 'label_id': 'person', 'sub_labels': 'other', 'sub_labels_conf': 0.9982965588569641, 'id': 11}, {'box': [503.26019287109375, 632.6319580078125, 150.2158203125, 271.7322082519531], 'conf': 0.7979463, 'label_id': 'person', 'sub_labels': 'other', 'sub_labels_conf': 0.9121072888374329, 'id': 12}, {'box': [1709.074462890625, 406.0301208496094, 70.260986328125, 224.57965087890625], 'conf': 0.71908677, 'label_id': 'person', 'sub_labels': 'other', 'sub_labels_conf': 0.48964226245880127, 'id': 16}, {'box': [1188.848876953125, 248.50570678710938, 80.9642333984375, 104.5792236328125], 'conf': 0.6940418, 'label_id': 'person', 'sub_labels': 'other', 'sub_labels_conf': 0.9952172040939331, 'id': 6}, {'box': [1618.11376953125, 359.370849609375, 103.7652587890625, 186.65402221679688], 'conf': 0.7116485, 'label_id': 'person', 'sub_labels': 'other', 'sub_labels_conf': 0.9974992871284485, 'id': 15}, {'box': [1008.8966064453125, 201.0127716064453, 57.82843017578125, 176.63772583007812], 'conf': 0.83885676, 'label_id': 'person', 'sub_labels': 'other', 'sub_labels_conf': 0.9944494962692261, 'id': 17}, {'box': [107.6672592163086, 630.1915283203125, 152.37632751464844, 248.71136474609375], 'conf': 0.6754337, 'label_id': 'person', 'sub_labels': 'other', 'sub_labels_conf': 0.9960829019546509, 'id': 7}, {'box': [943.7452392578125, 156.18389892578125, 38.58819580078125, 113.05816650390625], 'conf': 0.55796695, 'label_id': 'person', 'sub_labels': 'not_human', 'sub_labels_conf': 0.7436693906784058, 'id': 18}, {'box': [133.6262664794922, 772.1803588867188, 149.81448364257812, 216.312255859375], 'conf': 0.3900499, 'label_id': 'fire hydrant', 'sub_labels': 'other', 'sub_labels_conf': 0.7672425508499146, 'id': 19}, {'box': [320.6208190917969, 555.9354248046875, 115.26153564453125, 244.73678588867188], 'conf': 0.682393, 'label_id': 'person', 'sub_labels': 'other', 'sub_labels_conf': 0.9999393224716187, 'id': 5}, {'box': [391.5149230957031, 404.16748046875, 91.45013427734375, 108.82705688476562], 'conf': 0.75284034, 'label_id': 'person', 'sub_labels': 'other', 'sub_labels_conf': 0.9371459484100342, 'id': 20}]"
214,2024/5/22 Wednesday 0:0:8,"[{'box': [271.0295715332031, 551.1767578125, 126.04698181152344, 281.47735595703125], 'conf': 0.807992, 'label_id': 'person', 'sub_labels': 'other', 'sub_labels_conf': 0.9999943971633911, 'id': 2}, {'box': [919.8853149414062, 206.46420288085938, 58.6424560546875, 158.07554626464844], 'conf': 0.75143695, 'label_id': 'person', 'sub_labels': 'other', 'sub_labels_conf': 0.9376997947692871, 'id': 4}, {'box': [504.98602294921875, 489.71734619140625, 134.531005859375, 300.0475769042969], 'conf': 0.60467356, 'label_id': 'person', 'sub_labels': 'other', 'sub_labels_conf': 0.9757007956504822, 'id': 8}, {'box': [179.48272705078125, 558.066162109375, 93.98098754882812, 233.96234130859375], 'conf': 0.7461917, 'label_id': 'person', 'sub_labels': 'other', 'sub_labels_conf': 0.850308358669281, 'id': 9}, {'box': [1191.7901611328125, 381.2886962890625, 85.52001953125, 234.80844116210938], 'conf': 0.7835655, 'label_id': 'person', 'sub_labels': 'other', 'sub_labels_conf': 0.9981410503387451, 'id': 11}, {'box': [510.3753967285156, 636.0926513671875, 155.87823486328125, 273.1362609863281], 'conf': 0.85658866, 'label_id': 'person', 'sub_labels': 'other', 'sub_labels_conf': 0.8459414839744568, 'id': 12}, {'box': [1709.19482421875, 406.700927734375, 70.2767333984375, 223.29708862304688], 'conf': 0.7161404, 'label_id': 'person', 'sub_labels': 'other', 'sub_labels_conf': 0.525547206401825, 'id': 16}, {'box': [1190.4974365234375, 248.2692413330078, 80.712158203125, 103.82919311523438], 'conf': 0.66651285, 'label_id': 'person', 'sub_labels': 'other', 'sub_labels_conf': 0.9951587319374084, 'id': 6}, {'box': [1618.550537109375, 359.9713134765625, 105.2147216796875, 187.90078735351562], 'conf': 0.7194588, 'label_id': 'person', 'sub_labels': 'other', 'sub_labels_conf': 0.9968736171722412, 'id': 15}, {'box': [1009.1475830078125, 200.05633544921875, 57.14178466796875, 178.873291015625], 'conf': 0.8334991, 'label_id': 'person', 'sub_labels': 'other', 'sub_labels_conf': 0.986909806728363, 'id': 17}, {'box': [106.38932800292969, 625.3472900390625, 147.5716552734375, 238.52847290039062], 'conf': 0.442587, 'label_id': 'person', 'sub_labels': 'other', 'sub_labels_conf': 0.9978552460670471, 'id': 7}, {'box': [942.9277954101562, 159.60311889648438, 38.1168212890625, 120.4539794921875], 'conf': 0.60300726, 'label_id': 'person', 'sub_labels': 'not_human', 'sub_labels_conf': 0.6413522362709045, 'id': 18}, {'box': [142.46450805664062, 770.4197998046875, 161.96749877929688, 223.00115966796875], 'conf': 0.38123202, 'label_id': 'person', 'sub_labels': 'cashier', 'sub_labels_conf': 0.8430659174919128, 'id': 19}, {'box': [320.4223327636719, 556.1986083984375, 115.04620361328125, 246.09133911132812], 'conf': 0.676508, 'label_id': 'person', 'sub_labels': 'other', 'sub_labels_conf': 0.9999035596847534, 'id': 5}, {'box': [391.64764404296875, 403.95013427734375, 90.81787109375, 109.17227172851562], 'conf': 0.73617333, 'label_id': 'person', 'sub_labels': 'other', 'sub_labels_conf': 0.9375463724136353, 'id': 20}]"
215,2024/5/22 Wednesday 0:0:8,"[{'box': [271.30126953125, 551.3255004882812, 126.40231323242188, 281.1694030761719], 'conf': 0.8058553, 'label_id': 'person', 'sub_labels': 'other', 'sub_labels_conf': 0.999994158744812, 'id': 2}, {'box': [919.7169189453125, 205.23916625976562, 56.98577880859375, 157.4907989501953], 'conf': 0.7525586, 'label_id': 'person', 'sub_labels': 'other', 'sub_labels_conf': 0.8988162279129028, 'id': 4}, {'box': [505.402587890625, 477.94061279296875, 135.03756713867188, 279.0072937011719], 'conf': 0.60226655, 'label_id': 'person', 'sub_labels': 'other', 'sub_labels_conf': 0.9567883014678955, 'id': 8}, {'box': [179.7205810546875, 557.9331665039062, 93.41073608398438, 233.6962890625], 'conf': 0.7300012, 'label_id': 'person', 'sub_labels': 'other', 'sub_labels_conf': 0.9039507508277893, 'id': 9}, {'box': [1191.50244140625, 381.597412109375, 85.487548828125, 234.81594848632812], 'conf': 0.7905622, 'label_id': 'person', 'sub_labels': 'other', 'sub_labels_conf': 0.9988490343093872, 'id': 11}, {'box': [515.7843627929688, 639.7382202148438, 154.89443969726562, 272.3384094238281], 'conf': 0.892488, 'label_id': 'person', 'sub_labels': 'other', 'sub_labels_conf': 0.8633707761764526, 'id': 12}, {'box': [1709.3990478515625, 405.69012451171875, 71.220947265625, 224.96212768554688], 'conf': 0.7135623, 'label_id': 'person', 'sub_labels': 'other', 'sub_labels_conf': 0.5420821309089661, 'id': 16}, {'box': [1190.9896240234375, 247.7528839111328, 80.65087890625, 103.43594360351562], 'conf': 0.64564943, 'label_id': 'person', 'sub_labels': 'other', 'sub_labels_conf': 0.9981574416160583, 'id': 6}, {'box': [1619.191650390625, 360.29742431640625, 108.0792236328125, 188.37503051757812], 'conf': 0.6794328, 'label_id': 'person', 'sub_labels': 'other', 'sub_labels_conf': 0.9954777359962463, 'id': 15}, {'box': [1009.8621826171875, 199.63882446289062, 57.34747314453125, 179.73680114746094], 'conf': 0.8348049, 'label_id': 'person', 'sub_labels': 'other', 'sub_labels_conf': 0.9838984608650208, 'id': 17}, {'box': [108.21324157714844, 624.3424072265625, 147.63299560546875, 236.354248046875], 'conf': 0.2895377, 'label_id': 'person', 'sub_labels': 'other', 'sub_labels_conf': 0.9925451874732971, 'id': 7}, {'box': [942.181396484375, 163.4122314453125, 38.556396484375, 127.99436950683594], 'conf': 0.57036793, 'label_id': 'person', 'sub_labels': 'other', 'sub_labels_conf': 0.97856205701828, 'id': 18}, {'box': [149.96400451660156, 768.5387573242188, 171.05722045898438, 220.6171875], 'conf': 0.33322343, 'label_id': 'person', 'sub_labels': 'other', 'sub_labels_conf': 0.5869871377944946, 'id': 19}, {'box': [320.2754211425781, 553.8524169921875, 117.44061279296875, 240.81405639648438], 'conf': 0.68645287, 'label_id': 'person', 'sub_labels': 'other', 'sub_labels_conf': 0.9998489618301392, 'id': 5}, {'box': [391.67645263671875, 403.7689208984375, 90.41055297851562, 109.20721435546875], 'conf': 0.7416087, 'label_id': 'person', 'sub_labels': 'other', 'sub_labels_conf': 0.9419939517974854, 'id': 20}]"
216,2024/5/22 Wednesday 0:0:8,"[{'box': [271.60101318359375, 551.6383056640625, 126.75048828125, 280.5882873535156], 'conf': 0.79573965, 'label_id': 'person', 'sub_labels': 'other', 'sub_labels_conf': 0.9999935626983643, 'id': 2}, {'box': [919.9693603515625, 204.39639282226562, 56.49090576171875, 157.46466064453125], 'conf': 0.7653577, 'label_id': 'person', 'sub_labels': 'other', 'sub_labels_conf': 0.9845324158668518, 'id': 4}, {'box': [507.88287353515625, 472.5267333984375, 139.06076049804688, 270.154541015625], 'conf': 0.42565423, 'label_id': 'person', 'sub_labels': 'other', 'sub_labels_conf': 0.9480180740356445, 'id': 8}, {'box': [185.60714721679688, 558.2303466796875, 104.77691650390625, 235.42153930664062], 'conf': 0.7156547, 'label_id': 'person', 'sub_labels': 'other', 'sub_labels_conf': 0.812993049621582, 'id': 9}, {'box': [1191.3841552734375, 381.3912353515625, 86.133544921875, 236.99862670898438], 'conf': 0.7961578, 'label_id': 'person', 'sub_labels': 'other', 'sub_labels_conf': 0.9994619488716125, 'id': 11}, {'box': [520.35693359375, 641.5471801757812, 149.37893676757812, 271.8522644042969], 'conf': 0.8881947, 'label_id': 'person', 'sub_labels': 'other', 'sub_labels_conf': 0.9609642028808594, 'id': 12}, {'box': [1709.1988525390625, 406.2334289550781, 70.783935546875, 223.40277099609375], 'conf': 0.7017414, 'label_id': 'person', 'sub_labels': 'other', 'sub_labels_conf': 0.49964702129364014, 'id': 16}, {'box': [1191.888427734375, 246.36463928222656, 80.92138671875, 100.74465942382812], 'conf': 0.6280521, 'label_id': 'person', 'sub_labels': 'other', 'sub_labels_conf': 0.9990196228027344, 'id': 6}, {'box': [1619.810546875, 360.3506164550781, 107.03125, 190.7109375], 'conf': 0.64215744, 'label_id': 'person', 'sub_labels': 'other', 'sub_labels_conf': 0.9966129660606384, 'id': 15}, {'box': [1010.097900390625, 199.5338134765625, 57.49725341796875, 179.8779296875], 'conf': 0.82294923, 'label_id': 'person', 'sub_labels': 'other', 'sub_labels_conf': 0.991142988204956, 'id': 17}, {'box': [109.08335876464844, 627.3069458007812, 152.855224609375, 243.63290405273438], 'conf': 0.26271945, 'label_id': 'person', 'sub_labels': 'other', 'sub_labels_conf': 0.9985007047653198, 'id': 7}, {'box': [942.0167236328125, 159.20016479492188, 38.34210205078125, 120.06614685058594], 'conf': 0.4413938, 'label_id': 'person', 'sub_labels': 'other', 'sub_labels_conf': 0.7438008189201355, 'id': 18}, {'box': [154.56967163085938, 758.7208251953125, 179.91822814941406, 235.71600341796875], 'conf': 0.5398682, 'label_id': 'person', 'sub_labels': 'cashier', 'sub_labels_conf': 0.6786484718322754, 'id': 19}, {'box': [320.0316162109375, 553.26708984375, 118.42333984375, 239.52239990234375], 'conf': 0.68242687, 'label_id': 'person', 'sub_labels': 'other', 'sub_labels_conf': 0.9998905658721924, 'id': 5}, {'box': [392.123779296875, 403.90191650390625, 89.66314697265625, 109.854248046875], 'conf': 0.7406818, 'label_id': 'person', 'sub_labels': 'other', 'sub_labels_conf': 0.9024620652198792, 'id': 20}]"
217,2024/5/22 Wednesday 0:0:8,"[{'box': [271.6178283691406, 551.9271240234375, 126.86549377441406, 280.4165344238281], 'conf': 0.80374086, 'label_id': 'person', 'sub_labels': 'other', 'sub_labels_conf': 0.9999945163726807, 'id': 2}, {'box': [919.904296875, 203.61380004882812, 56.3050537109375, 156.0567626953125], 'conf': 0.7578367, 'label_id': 'person', 'sub_labels': 'other', 'sub_labels_conf': 0.9816828966140747, 'id': 4}, {'box': [508.05450439453125, 470.25054931640625, 138.2081298828125, 264.2337646484375], 'conf': 0.28783482, 'label_id': 'person', 'sub_labels': 'other', 'sub_labels_conf': 0.9541438817977905, 'id': 8}, {'box': [181.78466796875, 558.0025024414062, 98.39161682128906, 234.66091918945312], 'conf': 0.705058, 'label_id': 'person', 'sub_labels': 'other', 'sub_labels_conf': 0.8779203295707703, 'id': 9}, {'box': [1191.8939208984375, 383.08026123046875, 88.264404296875, 234.65689086914062], 'conf': 0.78753215, 'label_id': 'person', 'sub_labels': 'other', 'sub_labels_conf': 0.9993175268173218, 'id': 11}, {'box': [522.7285766601562, 641.6548461914062, 146.70773315429688, 273.4848327636719], 'conf': 0.8703206, 'label_id': 'person', 'sub_labels': 'other', 'sub_labels_conf': 0.9625663757324219, 'id': 12}, {'box': [1709.1729736328125, 406.51483154296875, 70.492431640625, 222.76687622070312], 'conf': 0.6996575, 'label_id': 'person', 'sub_labels': 'other', 'sub_labels_conf': 0.5483174920082092, 'id': 16}, {'box': [1193.154052734375, 247.5077667236328, 81.2716064453125, 102.04598999023438], 'conf': 0.64174545, 'label_id': 'person', 'sub_labels': 'other', 'sub_labels_conf': 0.9962284564971924, 'id': 6}, {'box': [1623.267822265625, 360.22119140625, 112.9931640625, 191.33740234375], 'conf': 0.56298107, 'label_id': 'person', 'sub_labels': 'other', 'sub_labels_conf': 0.995780348777771, 'id': 15}, {'box': [1011.043701171875, 199.69558715820312, 58.04888916015625, 178.57501220703125], 'conf': 0.83353955, 'label_id': 'person', 'sub_labels': 'other', 'sub_labels_conf': 0.9936314225196838, 'id': 17}, {'box': [106.70989227294922, 618.1009521484375, 153.1753692626953, 222.67388916015625], 'conf': 0.19273956, 'label_id': 'person', 'sub_labels': 'other', 'sub_labels_conf': 0.9889333248138428, 'id': 7}, {'box': [941.5442504882812, 163.05519104003906, 39.1207275390625, 128.52365112304688], 'conf': 0.47370914, 'label_id': 'person', 'sub_labels': 'other', 'sub_labels_conf': 0.9228547215461731, 'id': 18}, {'box': [159.75274658203125, 754.2435302734375, 178.09959411621094, 239.96868896484375], 'conf': 0.36492926, 'label_id': 'person', 'sub_labels': 'other', 'sub_labels_conf': 0.5020358562469482, 'id': 19}, {'box': [320.27203369140625, 553.5785522460938, 118.33401489257812, 236.58370971679688], 'conf': 0.7130279, 'label_id': 'person', 'sub_labels': 'other', 'sub_labels_conf': 0.9998757839202881, 'id': 5}, {'box': [392.3231201171875, 403.7262878417969, 89.15036010742188, 110.29827880859375], 'conf': 0.74989074, 'label_id': 'person', 'sub_labels': 'other', 'sub_labels_conf': 0.9633630514144897, 'id': 20}]"
218,2024/5/22 Wednesday 0:0:8,"[{'box': [271.0700988769531, 552.1658935546875, 125.79017639160156, 280.44647216796875], 'conf': 0.80812204, 'label_id': 'person', 'sub_labels': 'other', 'sub_labels_conf': 0.9999953508377075, 'id': 2}, {'box': [919.3837890625, 202.99002075195312, 55.5218505859375, 154.6820831298828], 'conf': 0.7469305, 'label_id': 'person', 'sub_labels': 'other', 'sub_labels_conf': 0.9845286011695862, 'id': 4}, {'box': [508.7515563964844, 469.460205078125, 139.57330322265625, 265.5915222167969], 'conf': 0.39672622, 'label_id': 'person', 'sub_labels': 'other', 'sub_labels_conf': 0.9405981302261353, 'id': 8}, {'box': [185.951171875, 558.196533203125, 105.73368835449219, 236.62533569335938], 'conf': 0.695386, 'label_id': 'person', 'sub_labels': 'other', 'sub_labels_conf': 0.8029517531394958, 'id': 9}, {'box': [1193.189208984375, 383.4583435058594, 91.162109375, 234.02288818359375], 'conf': 0.8046117, 'label_id': 'person', 'sub_labels': 'other', 'sub_labels_conf': 0.9999278783798218, 'id': 11}, {'box': [525.9879150390625, 642.8030395507812, 140.98846435546875, 271.1395568847656], 'conf': 0.8853444, 'label_id': 'person', 'sub_labels': 'other', 'sub_labels_conf': 0.7727441191673279, 'id': 12}, {'box': [1709.1883544921875, 407.22076416015625, 70.3955078125, 221.14041137695312], 'conf': 0.69912624, 'label_id': 'person', 'sub_labels': 'other', 'sub_labels_conf': 0.5772578120231628, 'id': 16}, {'box': [1193.906982421875, 248.35049438476562, 81.1295166015625, 102.35612487792969], 'conf': 0.6873407, 'label_id': 'person', 'sub_labels': 'other', 'sub_labels_conf': 0.9969993829727173, 'id': 6}, {'box': [1617.6822509765625, 360.433837890625, 104.701171875, 189.88064575195312], 'conf': 0.6339315, 'label_id': 'person', 'sub_labels': 'other', 'sub_labels_conf': 0.9972423315048218, 'id': 15}, {'box': [1011.9097290039062, 199.26351928710938, 57.8692626953125, 177.55047607421875], 'conf': 0.82138616, 'label_id': 'person', 'sub_labels': 'other', 'sub_labels_conf': 0.9919828772544861, 'id': 17}, {'box': [105.2767333984375, 610.0347900390625, 151.42437744140625, 202.64300537109375], 'conf': 0.5452223, 'label_id': 'person', 'sub_labels': 'other', 'sub_labels_conf': 0.9542007446289062, 'id': 7}, {'box': [940.8597412109375, 170.09524536132812, 39.63262939453125, 141.50543212890625], 'conf': 0.6035083, 'label_id': 'person', 'sub_labels': 'other', 'sub_labels_conf': 0.7457142472267151, 'id': 18}, {'box': [162.98019409179688, 753.43701171875, 178.67938232421875, 243.328369140625], 'conf': 0.2221701, 'label_id': 'person', 'sub_labels': 'other', 'sub_labels_conf': 0.6688821315765381, 'id': 19}, {'box': [320.55230712890625, 553.7711181640625, 117.97470092773438, 234.84564208984375], 'conf': 0.7201465, 'label_id': 'person', 'sub_labels': 'other', 'sub_labels_conf': 0.999789297580719, 'id': 5}, {'box': [392.2948303222656, 403.61309814453125, 88.60235595703125, 110.32864379882812], 'conf': 0.73614025, 'label_id': 'person', 'sub_labels': 'other', 'sub_labels_conf': 0.9729577302932739, 'id': 20}]"
219,2024/5/22 Wednesday 0:0:8,"[{'box': [270.6177978515625, 552.1709594726562, 125.52349853515625, 280.297607421875], 'conf': 0.81467587, 'label_id': 'person', 'sub_labels': 'other', 'sub_labels_conf': 0.9999982118606567, 'id': 2}, {'box': [919.9080810546875, 202.34674072265625, 55.94622802734375, 154.556884765625], 'conf': 0.7569373, 'label_id': 'person', 'sub_labels': 'other', 'sub_labels_conf': 0.9796828627586365, 'id': 4}, {'box': [510.6070556640625, 468.4852294921875, 143.95034790039062, 265.144775390625], 'conf': 0.4884413, 'label_id': 'person', 'sub_labels': 'other', 'sub_labels_conf': 0.9259039163589478, 'id': 8}, {'box': [187.38516235351562, 558.5691528320312, 107.94956970214844, 238.27822875976562], 'conf': 0.69879043, 'label_id': 'person', 'sub_labels': 'other', 'sub_labels_conf': 0.8896315097808838, 'id': 9}, {'box': [1193.472900390625, 382.0693054199219, 91.5247802734375, 237.57421875], 'conf': 0.79222894, 'label_id': 'person', 'sub_labels': 'other', 'sub_labels_conf': 0.9999325275421143, 'id': 11}, {'box': [527.8084716796875, 643.4230346679688, 137.10577392578125, 270.0561828613281], 'conf': 0.873215, 'label_id': 'person', 'sub_labels': 'other', 'sub_labels_conf': 0.882468581199646, 'id': 12}, {'box': [1709.138916015625, 408.0074157714844, 70.173583984375, 219.32196044921875], 'conf': 0.69318837, 'label_id': 'person', 'sub_labels': 'other', 'sub_labels_conf': 0.5205633640289307, 'id': 16}, {'box': [1194.71337890625, 249.76181030273438, 80.1239013671875, 104.10528564453125], 'conf': 0.5716847, 'label_id': 'person', 'sub_labels': 'other', 'sub_labels_conf': 0.9977328777313232, 'id': 6}, {'box': [1615.210205078125, 360.7677307128906, 100.957763671875, 189.880126953125], 'conf': 0.67295724, 'label_id': 'person', 'sub_labels': 'other', 'sub_labels_conf': 0.9982002973556519, 'id': 15}, {'box': [1012.8231201171875, 198.8554229736328, 58.79949951171875, 176.53573608398438], 'conf': 0.8381382, 'label_id': 'person', 'sub_labels': 'other', 'sub_labels_conf': 0.9927306771278381, 'id': 17}, {'box': [102.18341064453125, 604.8587646484375, 141.61590576171875, 193.54241943359375], 'conf': 0.3789937, 'label_id': 'person', 'sub_labels': 'other', 'sub_labels_conf': 0.9458296895027161, 'id': 7}, {'box': [939.97802734375, 168.4911346435547, 39.72406005859375, 138.364501953125], 'conf': 0.5077512, 'label_id': 'person', 'sub_labels': 'other', 'sub_labels_conf': 0.792499303817749, 'id': 18}, {'box': [165.77003479003906, 752.6881103515625, 179.7708740234375, 248.93902587890625], 'conf': 0.1761475, 'label_id': 'person', 'sub_labels': 'cashier', 'sub_labels_conf': 0.5537777543067932, 'id': 19}, {'box': [320.84710693359375, 554.0177001953125, 117.83029174804688, 233.91018676757812], 'conf': 0.71582913, 'label_id': 'person', 'sub_labels': 'other', 'sub_labels_conf': 0.9998302459716797, 'id': 5}, {'box': [392.3521423339844, 403.5473937988281, 88.26806640625, 110.70318603515625], 'conf': 0.7329492, 'label_id': 'person', 'sub_labels': 'other', 'sub_labels_conf': 0.9780227541923523, 'id': 20}]"
220,2024/5/22 Wednesday 0:0:8,"[{'box': [270.50506591796875, 552.1463623046875, 125.39303588867188, 280.3869323730469], 'conf': 0.81966233, 'label_id': 'person', 'sub_labels': 'other', 'sub_labels_conf': 0.9999986886978149, 'id': 2}, {'box': [920.16943359375, 202.23890686035156, 56.22320556640625, 154.70339965820312], 'conf': 0.76220644, 'label_id': 'person', 'sub_labels': 'other', 'sub_labels_conf': 0.9869694709777832, 'id': 4}, {'box': [508.44293212890625, 466.831787109375, 138.91970825195312, 257.5282897949219], 'conf': 0.11293143, 'label_id': 'person', 'sub_labels': 'other', 'sub_labels_conf': 0.8710964918136597, 'id': 8}, {'box': [186.19493103027344, 558.0824584960938, 104.95013427734375, 237.99337768554688], 'conf': 0.68464327, 'label_id': 'person', 'sub_labels': 'other', 'sub_labels_conf': 0.8850264549255371, 'id': 9}, {'box': [1193.5640869140625, 383.3545227050781, 91.518310546875, 234.36993408203125], 'conf': 0.804541, 'label_id': 'person', 'sub_labels': 'other', 'sub_labels_conf': 0.9992759823799133, 'id': 11}, {'box': [529.7664184570312, 645.0164184570312, 132.07015991210938, 267.4096374511719], 'conf': 0.84443617, 'label_id': 'person', 'sub_labels': 'other', 'sub_labels_conf': 0.9736500978469849, 'id': 12}, {'box': [1708.9229736328125, 407.463623046875, 69.912353515625, 219.81832885742188], 'conf': 0.7133007, 'label_id': 'person', 'sub_labels': 'not_human', 'sub_labels_conf': 0.513331413269043, 'id': 16}, {'box': [1195.58984375, 249.39077758789062, 78.8350830078125, 103.13018798828125], 'conf': 0.7296768, 'label_id': 'person', 'sub_labels': 'other', 'sub_labels_conf': 0.9985324144363403, 'id': 6}, {'box': [1614.2010498046875, 361.0587158203125, 99.472900390625, 190.19430541992188], 'conf': 0.6802307, 'label_id': 'person', 'sub_labels': 'other', 'sub_labels_conf': 0.9972834587097168, 'id': 15}, {'box': [1013.7332763671875, 198.00262451171875, 59.60418701171875, 174.68011474609375], 'conf': 0.83432233, 'label_id': 'person', 'sub_labels': 'other', 'sub_labels_conf': 0.9975239634513855, 'id': 17}, {'box': [99.59062957763672, 600.6682739257812, 133.7298126220703, 183.16537475585938], 'conf': 0.4184781, 'label_id': 'person', 'sub_labels': 'other', 'sub_labels_conf': 0.8605946898460388, 'id': 7}, {'box': [939.23828125, 166.22630310058594, 39.53924560546875, 135.04159545898438], 'conf': 0.40458474, 'label_id': 'person', 'sub_labels': 'other', 'sub_labels_conf': 0.8257313966751099, 'id': 18}, {'box': [320.8393249511719, 553.5496215820312, 118.33709716796875, 232.679443359375], 'conf': 0.72100055, 'label_id': 'person', 'sub_labels': 'other', 'sub_labels_conf': 0.9998912811279297, 'id': 5}, {'box': [392.53118896484375, 403.29864501953125, 87.66244506835938, 110.94241333007812], 'conf': 0.7136902, 'label_id': 'person', 'sub_labels': 'other', 'sub_labels_conf': 0.9259598255157471, 'id': 20}]"
221,2024/5/22 Wednesday 0:0:8,"[{'box': [271.2564392089844, 551.13818359375, 128.7943115234375, 279.2510070800781], 'conf': 0.8242635, 'label_id': 'person', 'sub_labels': 'other', 'sub_labels_conf': 0.9999978542327881, 'id': 2}, {'box': [920.595458984375, 200.82107543945312, 56.66229248046875, 158.1483612060547], 'conf': 0.75352377, 'label_id': 'person', 'sub_labels': 'other', 'sub_labels_conf': 0.9510578513145447, 'id': 4}, {'box': [507.18804931640625, 464.7986755371094, 135.76168823242188, 253.86590576171875], 'conf': 0.16058794, 'label_id': 'person', 'sub_labels': 'other', 'sub_labels_conf': 0.919152557849884, 'id': 8}, {'box': [184.64190673828125, 557.748046875, 101.19024658203125, 238.80441284179688], 'conf': 0.67342377, 'label_id': 'person', 'sub_labels': 'other', 'sub_labels_conf': 0.6978209018707275, 'id': 9}, {'box': [1193.963134765625, 383.5078125, 92.1419677734375, 233.42721557617188], 'conf': 0.799633, 'label_id': 'person', 'sub_labels': 'other', 'sub_labels_conf': 0.9997425675392151, 'id': 11}, {'box': [531.8934936523438, 645.5071411132812, 125.40139770507812, 265.6956787109375], 'conf': 0.8616661, 'label_id': 'person', 'sub_labels': 'other', 'sub_labels_conf': 0.9856878519058228, 'id': 12}, {'box': [1708.667236328125, 407.5193176269531, 69.975830078125, 219.60125732421875], 'conf': 0.7322377, 'label_id': 'person', 'sub_labels': 'not_human', 'sub_labels_conf': 0.4981711804866791, 'id': 16}, {'box': [1195.8489990234375, 249.45498657226562, 78.5556640625, 102.770751953125], 'conf': 0.7478254, 'label_id': 'person', 'sub_labels': 'other', 'sub_labels_conf': 0.9978896975517273, 'id': 6}, {'box': [1614.792724609375, 361.1435852050781, 99.6392822265625, 191.1280517578125], 'conf': 0.7004031, 'label_id': 'person', 'sub_labels': 'other', 'sub_labels_conf': 0.998279333114624, 'id': 15}, {'box': [1015.2958374023438, 195.8452606201172, 61.6309814453125, 171.87606811523438], 'conf': 0.836205, 'label_id': 'person', 'sub_labels': 'other', 'sub_labels_conf': 0.9990948438644409, 'id': 17}, {'box': [95.49734497070312, 596.2002563476562, 125.3010025024414, 175.03823852539062], 'conf': 0.4669911, 'label_id': 'person', 'sub_labels': 'other', 'sub_labels_conf': 0.8972393274307251, 'id': 7}, {'box': [936.7694091796875, 167.8885498046875, 41.22698974609375, 141.0756072998047], 'conf': 0.39934236, 'label_id': 'person', 'sub_labels': 'other', 'sub_labels_conf': 0.9071932435035706, 'id': 18}, {'box': [320.62078857421875, 553.3162231445312, 118.76632690429688, 231.927001953125], 'conf': 0.72010076, 'label_id': 'person', 'sub_labels': 'other', 'sub_labels_conf': 0.9999014139175415, 'id': 5}, {'box': [392.8234558105469, 403.2427978515625, 87.12286376953125, 111.05648803710938], 'conf': 0.70678335, 'label_id': 'person', 'sub_labels': 'other', 'sub_labels_conf': 0.9260035753250122, 'id': 20}, {'box': [168.18287658691406, 749.6844482421875, 181.18887329101562, 254.89013671875], 'conf': 0.7287504, 'label_id': 'person', 'sub_labels': 'other', 'sub_labels_conf': 0.5821036100387573, 'id': 19}]"
222,2024/5/22 Wednesday 0:0:8,"[{'box': [270.40966796875, 551.6842651367188, 128.5493621826172, 280.3423767089844], 'conf': 0.8258951, 'label_id': 'person', 'sub_labels': 'other', 'sub_labels_conf': 0.9999977350234985, 'id': 2}, {'box': [919.6761474609375, 201.06936645507812, 57.5775146484375, 158.00328063964844], 'conf': 0.77268904, 'label_id': 'person', 'sub_labels': 'other', 'sub_labels_conf': 0.970931351184845, 'id': 4}, {'box': [508.4796142578125, 466.2388000488281, 138.14816284179688, 254.69403076171875], 'conf': 0.13206097, 'label_id': 'person', 'sub_labels': 'other', 'sub_labels_conf': 0.8771907091140747, 'id': 8}, {'box': [184.70553588867188, 557.832275390625, 101.43232727050781, 239.50933837890625], 'conf': 0.663581, 'label_id': 'person', 'sub_labels': 'other', 'sub_labels_conf': 0.7125604152679443, 'id': 9}, {'box': [1194.10791015625, 384.1929626464844, 92.9339599609375, 231.98388671875], 'conf': 0.80104446, 'label_id': 'person', 'sub_labels': 'other', 'sub_labels_conf': 0.9993355870246887, 'id': 11}, {'box': [535.0687255859375, 650.394287109375, 121.41580200195312, 271.21630859375], 'conf': 0.83962214, 'label_id': 'person', 'sub_labels': 'other', 'sub_labels_conf': 0.982475757598877, 'id': 12}, {'box': [1708.2757568359375, 407.16156005859375, 69.26318359375, 220.55300903320312], 'conf': 0.74422705, 'label_id': 'person', 'sub_labels': 'other', 'sub_labels_conf': 0.4933590590953827, 'id': 16}, {'box': [1196.4197998046875, 250.59664916992188, 77.75390625, 104.49293518066406], 'conf': 0.75143296, 'label_id': 'person', 'sub_labels': 'other', 'sub_labels_conf': 0.9970054030418396, 'id': 6}, {'box': [1615.41552734375, 361.416748046875, 100.12841796875, 193.6048583984375], 'conf': 0.7139944, 'label_id': 'person', 'sub_labels': 'other', 'sub_labels_conf': 0.9984045624732971, 'id': 15}, {'box': [1017.2831420898438, 193.18988037109375, 62.4476318359375, 168.18275451660156], 'conf': 0.83367974, 'label_id': 'person', 'sub_labels': 'other', 'sub_labels_conf': 0.9966129660606384, 'id': 17}, {'box': [93.5302734375, 593.4815673828125, 123.58683013916016, 169.66436767578125], 'conf': 0.4200535, 'label_id': 'person', 'sub_labels': 'other', 'sub_labels_conf': 0.8958979845046997, 'id': 7}, {'box': [936.0596923828125, 160.4552764892578, 41.550537109375, 127.92578887939453], 'conf': 0.38423604, 'label_id': 'person', 'sub_labels': 'other', 'sub_labels_conf': 0.9574193954467773, 'id': 18}, {'box': [320.77716064453125, 553.4794921875, 118.49661254882812, 231.5799560546875], 'conf': 0.7208277, 'label_id': 'person', 'sub_labels': 'other', 'sub_labels_conf': 0.9998911619186401, 'id': 5}, {'box': [393.00390625, 403.6854248046875, 86.545654296875, 111.82290649414062], 'conf': 0.68975234, 'label_id': 'person', 'sub_labels': 'other', 'sub_labels_conf': 0.9331624507904053, 'id': 20}, {'box': [170.5484619140625, 749.475341796875, 176.0050506591797, 254.38214111328125], 'conf': 0.722433, 'label_id': 'person', 'sub_labels': 'cashier', 'sub_labels_conf': 0.639443576335907, 'id': 19}]"
223,2024/5/22 Wednesday 0:0:8,"[{'box': [270.169677734375, 551.9267578125, 129.06378173828125, 281.24212646484375], 'conf': 0.8271732, 'label_id': 'person', 'sub_labels': 'other', 'sub_labels_conf': 0.9999973773956299, 'id': 2}, {'box': [918.9512939453125, 200.6082305908203, 55.85491943359375, 156.63027954101562], 'conf': 0.78201795, 'label_id': 'person', 'sub_labels': 'other', 'sub_labels_conf': 0.9878624677658081, 'id': 4}, {'box': [184.69952392578125, 557.8760986328125, 101.59182739257812, 241.13876342773438], 'conf': 0.6811332, 'label_id': 'person', 'sub_labels': 'cashier', 'sub_labels_conf': 0.5648188591003418, 'id': 9}, {'box': [1194.648193359375, 382.89080810546875, 93.6578369140625, 234.59857177734375], 'conf': 0.81610084, 'label_id': 'person', 'sub_labels': 'other', 'sub_labels_conf': 0.9991194605827332, 'id': 11}, {'box': [537.4194946289062, 656.8580322265625, 118.59658813476562, 279.9796142578125], 'conf': 0.8196714, 'label_id': 'person', 'sub_labels': 'other', 'sub_labels_conf': 0.8752071857452393, 'id': 12}, {'box': [1707.8582763671875, 406.81494140625, 68.7734375, 221.197509765625], 'conf': 0.74502087, 'label_id': 'person', 'sub_labels': 'other', 'sub_labels_conf': 0.7055132985115051, 'id': 16}, {'box': [1197.51025390625, 250.68077087402344, 78.92333984375, 104.67605590820312], 'conf': 0.74582994, 'label_id': 'person', 'sub_labels': 'other', 'sub_labels_conf': 0.9949092268943787, 'id': 6}, {'box': [1615.731201171875, 361.4807434082031, 100.5262451171875, 194.63653564453125], 'conf': 0.7085056, 'label_id': 'person', 'sub_labels': 'other', 'sub_labels_conf': 0.9983123540878296, 'id': 15}, {'box': [1018.8084106445312, 191.5835418701172, 63.4471435546875, 166.75247192382812], 'conf': 0.8374629, 'label_id': 'person', 'sub_labels': 'other', 'sub_labels_conf': 0.999175488948822, 'id': 17}, {'box': [90.5256118774414, 593.54443359375, 122.8965072631836, 171.91268920898438], 'conf': 0.45317167, 'label_id': 'person', 'sub_labels': 'other', 'sub_labels_conf': 0.8482406735420227, 'id': 7}, {'box': [935.7981567382812, 162.44839477539062, 41.0882568359375, 133.51402282714844], 'conf': 0.38793722, 'label_id': 'person', 'sub_labels': 'other', 'sub_labels_conf': 0.8288565278053284, 'id': 18}, {'box': [320.69830322265625, 553.58642578125, 118.78036499023438, 232.41604614257812], 'conf': 0.74506384, 'label_id': 'person', 'sub_labels': 'other', 'sub_labels_conf': 0.9998040795326233, 'id': 5}, {'box': [393.34332275390625, 403.77130126953125, 85.85223388671875, 112.04031372070312], 'conf': 0.6804155, 'label_id': 'person', 'sub_labels': 'other', 'sub_labels_conf': 0.7934994697570801, 'id': 20}, {'box': [172.76144409179688, 749.676513671875, 171.2097625732422, 254.5682373046875], 'conf': 0.8288655, 'label_id': 'person', 'sub_labels': 'cashier', 'sub_labels_conf': 0.527376651763916, 'id': 19}]"
224,2024/5/22 Wednesday 0:0:8,"[{'box': [270.0160827636719, 551.9439697265625, 129.00502014160156, 281.92279052734375], 'conf': 0.8325309, 'label_id': 'person', 'sub_labels': 'other', 'sub_labels_conf': 0.9999984502792358, 'id': 2}, {'box': [917.834716796875, 199.45956420898438, 56.38812255859375, 153.718017578125], 'conf': 0.76431173, 'label_id': 'person', 'sub_labels': 'other', 'sub_labels_conf': 0.9950407147407532, 'id': 4}, {'box': [185.11642456054688, 557.52001953125, 102.13858032226562, 241.04034423828125], 'conf': 0.6227431, 'label_id': 'person', 'sub_labels': 'other', 'sub_labels_conf': 0.5794578790664673, 'id': 9}, {'box': [1194.965087890625, 382.4969177246094, 94.4298095703125, 234.82171630859375], 'conf': 0.81133044, 'label_id': 'person', 'sub_labels': 'other', 'sub_labels_conf': 0.9993282556533813, 'id': 11}, {'box': [539.943115234375, 655.4781494140625, 117.1290283203125, 281.712646484375], 'conf': 0.77689415, 'label_id': 'person', 'sub_labels': 'other', 'sub_labels_conf': 0.9260294437408447, 'id': 12}, {'box': [1707.826171875, 406.5762939453125, 68.824951171875, 221.60391235351562], 'conf': 0.7465709, 'label_id': 'person', 'sub_labels': 'other', 'sub_labels_conf': 0.7817121148109436, 'id': 16}, {'box': [1198.0135498046875, 251.22349548339844, 79.568603515625, 105.01022338867188], 'conf': 0.74741393, 'label_id': 'person', 'sub_labels': 'other', 'sub_labels_conf': 0.9983102083206177, 'id': 6}, {'box': [1615.9267578125, 361.5057678222656, 100.8006591796875, 194.9906005859375], 'conf': 0.7131805, 'label_id': 'person', 'sub_labels': 'other', 'sub_labels_conf': 0.9980602860450745, 'id': 15}, {'box': [1019.8880004882812, 190.6756134033203, 65.0174560546875, 166.01486206054688], 'conf': 0.8565604, 'label_id': 'person', 'sub_labels': 'other', 'sub_labels_conf': 0.9983835220336914, 'id': 17}, {'box': [89.86009979248047, 593.3505859375, 112.48835754394531, 170.56597900390625], 'conf': 0.11736085, 'label_id': 'person', 'sub_labels': 'other', 'sub_labels_conf': 0.9179567098617554, 'id': 7}, {'box': [934.13037109375, 163.28672790527344, 43.471923828125, 138.4287109375], 'conf': 0.4649125, 'label_id': 'person', 'sub_labels': 'other', 'sub_labels_conf': 0.8013888001441956, 'id': 18}, {'box': [320.69482421875, 553.3914794921875, 118.92724609375, 232.0650634765625], 'conf': 0.72271055, 'label_id': 'person', 'sub_labels': 'other', 'sub_labels_conf': 0.9998668432235718, 'id': 5}, {'box': [393.35455322265625, 403.7446594238281, 86.01605224609375, 112.29595947265625], 'conf': 0.6951391, 'label_id': 'person', 'sub_labels': 'other', 'sub_labels_conf': 0.9636879563331604, 'id': 20}, {'box': [178.6483612060547, 749.9793701171875, 158.41928100585938, 253.38726806640625], 'conf': 0.83938676, 'label_id': 'person', 'sub_labels': 'cashier', 'sub_labels_conf': 0.5570023655891418, 'id': 19}]"
225,2024/5/22 Wednesday 0:0:9,"[{'box': [270.0818176269531, 551.913330078125, 130.2797393798828, 282.65386962890625], 'conf': 0.8260164, 'label_id': 'person', 'sub_labels': 'other', 'sub_labels_conf': 0.9999985694885254, 'id': 2}, {'box': [917.69384765625, 198.0625762939453, 55.11456298828125, 151.53097534179688], 'conf': 0.744235, 'label_id': 'person', 'sub_labels': 'other', 'sub_labels_conf': 0.9878688454627991, 'id': 4}, {'box': [185.26171875, 558.10205078125, 105.49064636230469, 242.4049072265625], 'conf': 0.63030005, 'label_id': 'person', 'sub_labels': 'other', 'sub_labels_conf': 0.8714537024497986, 'id': 9}, {'box': [1194.58935546875, 385.00335693359375, 96.6641845703125, 235.183349609375], 'conf': 0.7890646, 'label_id': 'person', 'sub_labels': 'other', 'sub_labels_conf': 0.9944596290588379, 'id': 11}, {'box': [556.510986328125, 667.2891235351562, 136.356201171875, 294.5596923828125], 'conf': 0.8773678, 'label_id': 'person', 'sub_labels': 'other', 'sub_labels_conf': 0.8614736199378967, 'id': 12}, {'box': [1707.97509765625, 407.296630859375, 68.4490966796875, 220.00936889648438], 'conf': 0.76043487, 'label_id': 'person', 'sub_labels': 'other', 'sub_labels_conf': 0.6891970038414001, 'id': 16}, {'box': [1198.19189453125, 250.6187744140625, 80.0565185546875, 102.71568298339844], 'conf': 0.6963618, 'label_id': 'person', 'sub_labels': 'other', 'sub_labels_conf': 0.9885513186454773, 'id': 6}, {'box': [1614.60693359375, 360.7034912109375, 98.4005126953125, 190.59426879882812], 'conf': 0.67468, 'label_id': 'person', 'sub_labels': 'other', 'sub_labels_conf': 0.9984748959541321, 'id': 15}, {'box': [1020.3084106445312, 190.42782592773438, 65.8917236328125, 166.91697692871094], 'conf': 0.8649977, 'label_id': 'person', 'sub_labels': 'other', 'sub_labels_conf': 0.9988994598388672, 'id': 17}, {'box': [82.65350341796875, 602.15087890625, 109.09283447265625, 193.9132080078125], 'conf': 0.5928071, 'label_id': 'person', 'sub_labels': 'other', 'sub_labels_conf': 0.9047649502754211, 'id': 7}, {'box': [932.787109375, 159.7207794189453, 45.5738525390625, 132.82009887695312], 'conf': 0.5405701, 'label_id': 'person', 'sub_labels': 'not_human', 'sub_labels_conf': 0.5969421863555908, 'id': 18}, {'box': [320.45843505859375, 551.9326171875, 120.13778686523438, 233.2767333984375], 'conf': 0.76416755, 'label_id': 'person', 'sub_labels': 'other', 'sub_labels_conf': 0.9999179840087891, 'id': 5}, {'box': [393.8308410644531, 403.63201904296875, 84.76513671875, 112.75820922851562], 'conf': 0.6729588, 'label_id': 'person', 'sub_labels': 'other', 'sub_labels_conf': 0.9071775078773499, 'id': 20}, {'box': [181.92657470703125, 749.537841796875, 151.62908935546875, 254.24371337890625], 'conf': 0.88482535, 'label_id': 'person', 'sub_labels': 'other', 'sub_labels_conf': 0.7899179458618164, 'id': 19}]"
226,2024/5/22 Wednesday 0:0:9,"[{'box': [269.9024963378906, 552.0591430664062, 130.27113342285156, 283.0221252441406], 'conf': 0.8078671, 'label_id': 'person', 'sub_labels': 'other', 'sub_labels_conf': 0.9999982118606567, 'id': 2}, {'box': [916.5421752929688, 197.5518341064453, 54.9376220703125, 149.30221557617188], 'conf': 0.7433987, 'label_id': 'person', 'sub_labels': 'other', 'sub_labels_conf': 0.9798459410667419, 'id': 4}, {'box': [192.51356506347656, 558.5277709960938, 121.114013671875, 244.816650390625], 'conf': 0.6892121, 'label_id': 'person', 'sub_labels': 'other', 'sub_labels_conf': 0.8635807037353516, 'id': 9}, {'box': [1194.135009765625, 385.2755126953125, 96.463134765625, 236.62051391601562], 'conf': 0.7932778, 'label_id': 'person', 'sub_labels': 'other', 'sub_labels_conf': 0.9954013824462891, 'id': 11}, {'box': [564.75830078125, 673.5023803710938, 141.04891967773438, 302.975341796875], 'conf': 0.87388635, 'label_id': 'person', 'sub_labels': 'other', 'sub_labels_conf': 0.975356936454773, 'id': 12}, {'box': [1708.212890625, 407.1162109375, 68.4835205078125, 220.15835571289062], 'conf': 0.75433636, 'label_id': 'person', 'sub_labels': 'other', 'sub_labels_conf': 0.680576741695404, 'id': 16}, {'box': [1198.776123046875, 249.84532165527344, 79.3768310546875, 100.65200805664062], 'conf': 0.73871106, 'label_id': 'person', 'sub_labels': 'other', 'sub_labels_conf': 0.9932490587234497, 'id': 6}, {'box': [1615.23876953125, 360.68255615234375, 97.5537109375, 191.64334106445312], 'conf': 0.67823476, 'label_id': 'person', 'sub_labels': 'other', 'sub_labels_conf': 0.9977503418922424, 'id': 15}, {'box': [1020.7916870117188, 189.66448974609375, 66.0584716796875, 165.98768615722656], 'conf': 0.8575043, 'label_id': 'person', 'sub_labels': 'other', 'sub_labels_conf': 0.9991556406021118, 'id': 17}, {'box': [80.25110626220703, 604.9927978515625, 107.34645080566406, 203.22000122070312], 'conf': 0.626026, 'label_id': 'person', 'sub_labels': 'other', 'sub_labels_conf': 0.930292546749115, 'id': 7}, {'box': [932.702880859375, 156.8502197265625, 45.72613525390625, 128.2124481201172], 'conf': 0.6127534, 'label_id': 'person', 'sub_labels': 'other', 'sub_labels_conf': 0.5652839541435242, 'id': 18}, {'box': [320.72613525390625, 551.5811157226562, 120.21182250976562, 234.32748413085938], 'conf': 0.7852887, 'label_id': 'person', 'sub_labels': 'other', 'sub_labels_conf': 0.9998701810836792, 'id': 5}, {'box': [394.1319580078125, 403.6354675292969, 83.79055786132812, 112.5902099609375], 'conf': 0.68263215, 'label_id': 'person', 'sub_labels': 'other', 'sub_labels_conf': 0.9313498139381409, 'id': 20}, {'box': [184.8207244873047, 750.3453979492188, 145.83261108398438, 251.0634765625], 'conf': 0.63717496, 'label_id': 'person', 'sub_labels': 'other', 'sub_labels_conf': 0.944380521774292, 'id': 19}]"
227,2024/5/22 Wednesday 0:0:9,"[{'box': [269.8619079589844, 552.093017578125, 131.57908630371094, 283.44769287109375], 'conf': 0.8233524, 'label_id': 'person', 'sub_labels': 'other', 'sub_labels_conf': 0.9999978542327881, 'id': 2}, {'box': [914.4763793945312, 197.27395629882812, 58.9222412109375, 148.992919921875], 'conf': 0.7486539, 'label_id': 'person', 'sub_labels': 'other', 'sub_labels_conf': 0.9859413504600525, 'id': 4}, {'box': [196.68580627441406, 558.2371826171875, 129.00082397460938, 240.99493408203125], 'conf': 0.6487987, 'label_id': 'person', 'sub_labels': 'other', 'sub_labels_conf': 0.9731981754302979, 'id': 9}, {'box': [1193.431884765625, 385.6170654296875, 94.3001708984375, 236.12503051757812], 'conf': 0.78061175, 'label_id': 'person', 'sub_labels': 'other', 'sub_labels_conf': 0.996573805809021, 'id': 11}, {'box': [571.7861328125, 679.41796875, 144.84332275390625, 304.6070556640625], 'conf': 0.86955124, 'label_id': 'person', 'sub_labels': 'other', 'sub_labels_conf': 0.9832044839859009, 'id': 12}, {'box': [1708.398193359375, 406.8404541015625, 68.2802734375, 220.5406494140625], 'conf': 0.75056, 'label_id': 'person', 'sub_labels': 'other', 'sub_labels_conf': 0.7482901811599731, 'id': 16}, {'box': [1199.165283203125, 248.53001403808594, 78.9013671875, 97.84292602539062], 'conf': 0.7684374, 'label_id': 'person', 'sub_labels': 'other', 'sub_labels_conf': 0.9918168187141418, 'id': 6}, {'box': [1614.3514404296875, 360.493896484375, 96.744140625, 189.46047973632812], 'conf': 0.67165303, 'label_id': 'person', 'sub_labels': 'other', 'sub_labels_conf': 0.998217761516571, 'id': 15}, {'box': [1021.28271484375, 188.7264404296875, 64.75494384765625, 163.8143310546875], 'conf': 0.8540837, 'label_id': 'person', 'sub_labels': 'other', 'sub_labels_conf': 0.998999297618866, 'id': 17}, {'box': [79.9583511352539, 616.515869140625, 107.81175994873047, 230.89166259765625], 'conf': 0.57646763, 'label_id': 'person', 'sub_labels': 'other', 'sub_labels_conf': 0.8561314344406128, 'id': 7}, {'box': [931.935546875, 154.57379150390625, 46.95440673828125, 123.97633361816406], 'conf': 0.5423487, 'label_id': 'person', 'sub_labels': 'other', 'sub_labels_conf': 0.5535591840744019, 'id': 18}, {'box': [320.96954345703125, 551.5067138671875, 119.74752807617188, 234.13937377929688], 'conf': 0.78983533, 'label_id': 'person', 'sub_labels': 'other', 'sub_labels_conf': 0.999756395816803, 'id': 5}, {'box': [394.2351989746094, 403.733642578125, 83.5, 112.32327270507812], 'conf': 0.68111706, 'label_id': 'person', 'sub_labels': 'other', 'sub_labels_conf': 0.9136255979537964, 'id': 20}, {'box': [190.83111572265625, 749.742919921875, 144.5413360595703, 252.6588134765625], 'conf': 0.71189654, 'label_id': 'person', 'sub_labels': 'other', 'sub_labels_conf': 0.8781973719596863, 'id': 19}]"
228,2024/5/22 Wednesday 0:0:9,"[{'box': [268.88726806640625, 550.6703491210938, 135.29273986816406, 281.1096496582031], 'conf': 0.81793493, 'label_id': 'person', 'sub_labels': 'other', 'sub_labels_conf': 0.999996542930603, 'id': 2}, {'box': [912.7840576171875, 195.6795196533203, 60.3060302734375, 147.79275512695312], 'conf': 0.76381725, 'label_id': 'person', 'sub_labels': 'other', 'sub_labels_conf': 0.9783334732055664, 'id': 4}, {'box': [197.67242431640625, 558.69580078125, 132.66392517089844, 244.50119018554688], 'conf': 0.66582596, 'label_id': 'person', 'sub_labels': 'other', 'sub_labels_conf': 0.9844571948051453, 'id': 9}, {'box': [1191.9873046875, 385.215576171875, 91.7808837890625, 236.15444946289062], 'conf': 0.7553054, 'label_id': 'person', 'sub_labels': 'other', 'sub_labels_conf': 0.995205819606781, 'id': 11}, {'box': [577.58203125, 682.8260498046875, 150.07333374023438, 306.57391357421875], 'conf': 0.8559318, 'label_id': 'person', 'sub_labels': 'other', 'sub_labels_conf': 0.975555419921875, 'id': 12}, {'box': [1708.5467529296875, 406.7607421875, 68.193603515625, 220.47305297851562], 'conf': 0.7490108, 'label_id': 'person', 'sub_labels': 'other', 'sub_labels_conf': 0.8191704750061035, 'id': 16}, {'box': [1199.488037109375, 250.86227416992188, 78.836669921875, 102.5943603515625], 'conf': 0.73255354, 'label_id': 'person', 'sub_labels': 'other', 'sub_labels_conf': 0.9945657253265381, 'id': 6}, {'box': [1614.9595947265625, 360.26800537109375, 93.633056640625, 187.89151000976562], 'conf': 0.6637001, 'label_id': 'person', 'sub_labels': 'other', 'sub_labels_conf': 0.9971240162849426, 'id': 15}, {'box': [1021.5802001953125, 187.40342712402344, 64.4140625, 163.58169555664062], 'conf': 0.8471845, 'label_id': 'person', 'sub_labels': 'other', 'sub_labels_conf': 0.9942179918289185, 'id': 17}, {'box': [84.35536193847656, 622.0228881835938, 116.39501953125, 245.84677124023438], 'conf': 0.7074314, 'label_id': 'person', 'sub_labels': 'other', 'sub_labels_conf': 0.9592688083648682, 'id': 7}, {'box': [930.7235107421875, 154.14492797851562, 48.63677978515625, 123.778564453125], 'conf': 0.65552896, 'label_id': 'person', 'sub_labels': 'other', 'sub_labels_conf': 0.8010571599006653, 'id': 18}, {'box': [319.89959716796875, 551.00390625, 122.12057495117188, 234.43951416015625], 'conf': 0.7662551, 'label_id': 'person', 'sub_labels': 'other', 'sub_labels_conf': 0.9999393224716187, 'id': 5}, {'box': [394.625, 403.81097412109375, 83.25967407226562, 112.61654663085938], 'conf': 0.63603187, 'label_id': 'person', 'sub_labels': 'other', 'sub_labels_conf': 0.8168651461601257, 'id': 20}, {'box': [203.44000244140625, 751.6424560546875, 153.31024169921875, 249.11761474609375], 'conf': 0.56520104, 'label_id': 'suitcase', 'sub_labels': 'other', 'sub_labels_conf': 0.8909379839897156, 'id': 19}]"
229,2024/5/22 Wednesday 0:0:9,"[{'box': [268.2132873535156, 551.8292236328125, 137.1541748046875, 281.0978698730469], 'conf': 0.816574, 'label_id': 'person', 'sub_labels': 'other', 'sub_labels_conf': 0.9999985694885254, 'id': 2}, {'box': [911.0340576171875, 194.28640747070312, 63.53057861328125, 146.77227783203125], 'conf': 0.74651587, 'label_id': 'person', 'sub_labels': 'other', 'sub_labels_conf': 0.9933841824531555, 'id': 4}, {'box': [196.42294311523438, 559.1959838867188, 130.54286193847656, 242.7789306640625], 'conf': 0.5647868, 'label_id': 'person', 'sub_labels': 'other', 'sub_labels_conf': 0.9811161756515503, 'id': 9}, {'box': [1193.47265625, 382.2027587890625, 92.90625, 236.32879638671875], 'conf': 0.7973435, 'label_id': 'person', 'sub_labels': 'other', 'sub_labels_conf': 0.9960474371910095, 'id': 11}, {'box': [583.9974365234375, 683.9420166015625, 152.05084228515625, 312.58538818359375], 'conf': 0.86875075, 'label_id': 'person', 'sub_labels': 'other', 'sub_labels_conf': 0.9802427887916565, 'id': 12}, {'box': [1708.5811767578125, 406.9010009765625, 68.19091796875, 220.44784545898438], 'conf': 0.747011, 'label_id': 'person', 'sub_labels': 'other', 'sub_labels_conf': 0.7685439586639404, 'id': 16}, {'box': [1199.71923828125, 249.4179229736328, 79.1571044921875, 99.55203247070312], 'conf': 0.74988186, 'label_id': 'person', 'sub_labels': 'other', 'sub_labels_conf': 0.9740303158760071, 'id': 6}, {'box': [1614.31591796875, 360.87890625, 94.1710205078125, 188.52774047851562], 'conf': 0.649142, 'label_id': 'person', 'sub_labels': 'other', 'sub_labels_conf': 0.993681788444519, 'id': 15}, {'box': [1022.2080078125, 186.7694549560547, 63.66839599609375, 165.24026489257812], 'conf': 0.8423296, 'label_id': 'person', 'sub_labels': 'other', 'sub_labels_conf': 0.9914626479148865, 'id': 17}, {'box': [87.91877746582031, 627.8687744140625, 128.98165893554688, 253.0428466796875], 'conf': 0.6528315, 'label_id': 'person', 'sub_labels': 'other', 'sub_labels_conf': 0.8705836534500122, 'id': 7}, {'box': [930.4134521484375, 159.1934814453125, 49.02142333984375, 134.35267639160156], 'conf': 0.5582656, 'label_id': 'person', 'sub_labels': 'other', 'sub_labels_conf': 0.9591331481933594, 'id': 18}, {'box': [319.37310791015625, 550.7343139648438, 123.29251098632812, 233.95974731445312], 'conf': 0.7422599, 'label_id': 'person', 'sub_labels': 'other', 'sub_labels_conf': 0.9999552965164185, 'id': 5}, {'box': [395.26898193359375, 403.58868408203125, 82.24945068359375, 113.1959228515625], 'conf': 0.65491915, 'label_id': 'person', 'sub_labels': 'other', 'sub_labels_conf': 0.9185313582420349, 'id': 20}, {'box': [214.00079345703125, 748.6331176757812, 166.34315490722656, 255.54052734375], 'conf': 0.5455208, 'label_id': 'person', 'sub_labels': 'cashier', 'sub_labels_conf': 0.801899790763855, 'id': 19}, {'box': [489.434326171875, 491.78936767578125, 102.96127319335938, 306.8507080078125], 'conf': 0.5173988, 'label_id': 'person', 'sub_labels': 'other', 'sub_labels_conf': 0.9933817386627197, 'id': 8}]"
230,2024/5/22 Wednesday 0:0:9,"[{'box': [267.34881591796875, 552.376220703125, 137.66925048828125, 281.22564697265625], 'conf': 0.80694544, 'label_id': 'person', 'sub_labels': 'other', 'sub_labels_conf': 0.9999963045120239, 'id': 2}, {'box': [909.7312622070312, 193.397705078125, 63.39501953125, 147.65301513671875], 'conf': 0.7386029, 'label_id': 'person', 'sub_labels': 'other', 'sub_labels_conf': 0.9943163990974426, 'id': 4}, {'box': [194.96925354003906, 559.3607177734375, 127.75155639648438, 240.77142333984375], 'conf': 0.5950851, 'label_id': 'person', 'sub_labels': 'other', 'sub_labels_conf': 0.9732455611228943, 'id': 9}, {'box': [1194.701416015625, 380.505615234375, 93.343505859375, 237.41622924804688], 'conf': 0.82006925, 'label_id': 'person', 'sub_labels': 'other', 'sub_labels_conf': 0.9988393187522888, 'id': 11}, {'box': [591.00390625, 689.3580322265625, 149.90472412109375, 308.174560546875], 'conf': 0.86494505, 'label_id': 'person', 'sub_labels': 'other', 'sub_labels_conf': 0.9845511317253113, 'id': 12}, {'box': [1708.619873046875, 407.0430908203125, 68.06689453125, 220.276123046875], 'conf': 0.7540789, 'label_id': 'person', 'sub_labels': 'other', 'sub_labels_conf': 0.7492184042930603, 'id': 16}, {'box': [1200.103515625, 248.863037109375, 79.56787109375, 98.31904602050781], 'conf': 0.7578947, 'label_id': 'person', 'sub_labels': 'other', 'sub_labels_conf': 0.9626162648200989, 'id': 6}, {'box': [1613.50439453125, 361.06005859375, 93.9453125, 188.83282470703125], 'conf': 0.6511589, 'label_id': 'person', 'sub_labels': 'other', 'sub_labels_conf': 0.9966384172439575, 'id': 15}, {'box': [1022.4073486328125, 186.68701171875, 63.10247802734375, 166.2471160888672], 'conf': 0.8417137, 'label_id': 'person', 'sub_labels': 'other', 'sub_labels_conf': 0.9910871386528015, 'id': 17}, {'box': [91.9726791381836, 632.4216918945312, 138.61582946777344, 261.2307434082031], 'conf': 0.80061686, 'label_id': 'person', 'sub_labels': 'other', 'sub_labels_conf': 0.9770505428314209, 'id': 7}, {'box': [931.748046875, 163.23855590820312, 46.80096435546875, 142.53768920898438], 'conf': 0.6192232, 'label_id': 'person', 'sub_labels': 'other', 'sub_labels_conf': 0.768677830696106, 'id': 18}, {'box': [319.6881103515625, 551.5574951171875, 122.82852172851562, 233.53289794921875], 'conf': 0.74188566, 'label_id': 'person', 'sub_labels': 'other', 'sub_labels_conf': 0.9999325275421143, 'id': 5}, {'box': [395.263427734375, 403.11590576171875, 81.41867065429688, 113.22097778320312], 'conf': 0.653138, 'label_id': 'person', 'sub_labels': 'other', 'sub_labels_conf': 0.774050772190094, 'id': 20}, {'box': [215.92440795898438, 748.3724365234375, 159.8470916748047, 255.9725341796875], 'conf': 0.19836627, 'label_id': 'person', 'sub_labels': 'other', 'sub_labels_conf': 0.5680575966835022, 'id': 19}, {'box': [487.691650390625, 496.41229248046875, 99.76266479492188, 313.462890625], 'conf': 0.5630205, 'label_id': 'person', 'sub_labels': 'other', 'sub_labels_conf': 0.9917641282081604, 'id': 8}]"
231,2024/5/22 Wednesday 0:0:9,"[{'box': [266.5932312011719, 552.7274169921875, 137.2119903564453, 281.04254150390625], 'conf': 0.80816066, 'label_id': 'person', 'sub_labels': 'other', 'sub_labels_conf': 0.9999926090240479, 'id': 2}, {'box': [908.1947021484375, 192.5579071044922, 63.49957275390625, 148.53262329101562], 'conf': 0.75878745, 'label_id': 'person', 'sub_labels': 'other', 'sub_labels_conf': 0.9893771409988403, 'id': 4}, {'box': [191.77615356445312, 560.0123901367188, 120.94601440429688, 239.8565673828125], 'conf': 0.60559773, 'label_id': 'person', 'sub_labels': 'other', 'sub_labels_conf': 0.9665628671646118, 'id': 9}, {'box': [1194.685302734375, 380.1017150878906, 93.2110595703125, 237.8468017578125], 'conf': 0.82886136, 'label_id': 'person', 'sub_labels': 'other', 'sub_labels_conf': 0.9988271594047546, 'id': 11}, {'box': [596.7105712890625, 691.7096557617188, 152.14141845703125, 306.2943115234375], 'conf': 0.87463194, 'label_id': 'person', 'sub_labels': 'other', 'sub_labels_conf': 0.988058865070343, 'id': 12}, {'box': [1708.6656494140625, 406.9773254394531, 67.87060546875, 220.44390869140625], 'conf': 0.7442422, 'label_id': 'person', 'sub_labels': 'other', 'sub_labels_conf': 0.6991013288497925, 'id': 16}, {'box': [1200.329345703125, 249.56524658203125, 79.80029296875, 99.82232666015625], 'conf': 0.7425431, 'label_id': 'person', 'sub_labels': 'other', 'sub_labels_conf': 0.9815172553062439, 'id': 6}, {'box': [1613.653076171875, 360.59454345703125, 94.1895751953125, 187.73135375976562], 'conf': 0.6460287, 'label_id': 'person', 'sub_labels': 'other', 'sub_labels_conf': 0.9948379397392273, 'id': 15}, {'box': [1022.5089111328125, 186.7607421875, 62.46240234375, 166.75794982910156], 'conf': 0.8413031, 'label_id': 'person', 'sub_labels': 'other', 'sub_labels_conf': 0.9830638766288757, 'id': 17}, {'box': [96.83055877685547, 631.8960571289062, 140.1647186279297, 269.5054931640625], 'conf': 0.81730545, 'label_id': 'person', 'sub_labels': 'other', 'sub_labels_conf': 0.9538902044296265, 'id': 7}, {'box': [931.7899780273438, 156.9072265625, 45.4964599609375, 131.59500122070312], 'conf': 0.49081296, 'label_id': 'person', 'sub_labels': 'not_human', 'sub_labels_conf': 0.5439589619636536, 'id': 18}, {'box': [320.30181884765625, 552.5140380859375, 121.92156982421875, 232.81588745117188], 'conf': 0.7384463, 'label_id': 'person', 'sub_labels': 'other', 'sub_labels_conf': 0.9998606443405151, 'id': 5}, {'box': [395.41033935546875, 402.8927001953125, 81.74044799804688, 113.80416870117188], 'conf': 0.6417286, 'label_id': 'person', 'sub_labels': 'other', 'sub_labels_conf': 0.8545426726341248, 'id': 20}, {'box': [218.79248046875, 748.5908813476562, 158.46058654785156, 254.638916015625], 'conf': 0.5371775, 'label_id': 'person', 'sub_labels': 'other', 'sub_labels_conf': 0.7644239664077759, 'id': 19}, {'box': [488.27813720703125, 498.1163024902344, 100.77511596679688, 316.95489501953125], 'conf': 0.5838533, 'label_id': 'person', 'sub_labels': 'other', 'sub_labels_conf': 0.9950227737426758, 'id': 8}]"
232,2024/5/22 Wednesday 0:0:9,"[{'box': [265.67291259765625, 552.689697265625, 137.74363708496094, 280.93475341796875], 'conf': 0.81260353, 'label_id': 'person', 'sub_labels': 'other', 'sub_labels_conf': 0.9999498128890991, 'id': 2}, {'box': [908.9113159179688, 191.6353759765625, 61.65380859375, 148.849609375], 'conf': 0.77648336, 'label_id': 'person', 'sub_labels': 'other', 'sub_labels_conf': 0.9854572415351868, 'id': 4}, {'box': [185.005615234375, 555.8502807617188, 108.04791259765625, 233.58010864257812], 'conf': 0.59726346, 'label_id': 'person', 'sub_labels': 'other', 'sub_labels_conf': 0.9069486856460571, 'id': 9}, {'box': [1194.47216796875, 379.93939208984375, 93.183349609375, 237.80532836914062], 'conf': 0.8275557, 'label_id': 'person', 'sub_labels': 'other', 'sub_labels_conf': 0.9994768500328064, 'id': 11}, {'box': [601.8046875, 691.5059204101562, 156.025634765625, 308.202392578125], 'conf': 0.8745903, 'label_id': 'person', 'sub_labels': 'other', 'sub_labels_conf': 0.9787740111351013, 'id': 12}, {'box': [1708.526123046875, 407.05078125, 67.9022216796875, 220.4501953125], 'conf': 0.7448908, 'label_id': 'person', 'sub_labels': 'other', 'sub_labels_conf': 0.6676055788993835, 'id': 16}, {'box': [1200.55224609375, 249.61593627929688, 79.7999267578125, 99.98268127441406], 'conf': 0.7307134, 'label_id': 'person', 'sub_labels': 'other', 'sub_labels_conf': 0.9883542060852051, 'id': 6}, {'box': [1613.800048828125, 360.08428955078125, 94.2244873046875, 186.52505493164062], 'conf': 0.61853766, 'label_id': 'person', 'sub_labels': 'other', 'sub_labels_conf': 0.9947473406791687, 'id': 15}, {'box': [1022.2769775390625, 186.60089111328125, 61.02685546875, 166.46372985839844], 'conf': 0.84756494, 'label_id': 'person', 'sub_labels': 'other', 'sub_labels_conf': 0.9926056861877441, 'id': 17}, {'box': [98.56768798828125, 631.669921875, 143.804931640625, 272.590087890625], 'conf': 0.82084167, 'label_id': 'person', 'sub_labels': 'other', 'sub_labels_conf': 0.943394660949707, 'id': 7}, {'box': [932.89453125, 152.87109375, 44.34100341796875, 122.82310485839844], 'conf': 0.5231843, 'label_id': 'person', 'sub_labels': 'other', 'sub_labels_conf': 0.566498875617981, 'id': 18}, {'box': [320.80474853515625, 553.2989501953125, 120.84280395507812, 231.19772338867188], 'conf': 0.7706745, 'label_id': 'person', 'sub_labels': 'other', 'sub_labels_conf': 0.9995463490486145, 'id': 5}, {'box': [394.44854736328125, 402.84429931640625, 83.94827270507812, 114.32363891601562], 'conf': 0.6504172, 'label_id': 'person', 'sub_labels': 'other', 'sub_labels_conf': 0.7991281747817993, 'id': 20}, {'box': [234.93557739257812, 747.3492431640625, 177.73338317871094, 257.01849365234375], 'conf': 0.8211784, 'label_id': 'person', 'sub_labels': 'cashier', 'sub_labels_conf': 0.6328725814819336, 'id': 19}, {'box': [488.47698974609375, 498.666748046875, 101.26919555664062, 317.5098876953125], 'conf': 0.567878, 'label_id': 'person', 'sub_labels': 'other', 'sub_labels_conf': 0.993696391582489, 'id': 8}]"
233,2024/5/22 Wednesday 0:0:9,"[{'box': [265.31549072265625, 552.6597900390625, 138.6094512939453, 281.0597839355469], 'conf': 0.8090635, 'label_id': 'person', 'sub_labels': 'other', 'sub_labels_conf': 0.9999409914016724, 'id': 2}, {'box': [910.35595703125, 191.40090942382812, 61.41998291015625, 149.314453125], 'conf': 0.77810436, 'label_id': 'person', 'sub_labels': 'other', 'sub_labels_conf': 0.9871616959571838, 'id': 4}, {'box': [180.03213500976562, 550.6158447265625, 96.68621826171875, 234.23532104492188], 'conf': 0.47942135, 'label_id': 'person', 'sub_labels': 'other', 'sub_labels_conf': 0.9620568752288818, 'id': 9}, {'box': [1194.26513671875, 379.81640625, 92.8294677734375, 237.61001586914062], 'conf': 0.82732505, 'label_id': 'person', 'sub_labels': 'other', 'sub_labels_conf': 0.9996911287307739, 'id': 11}, {'box': [610.4515380859375, 695.4053344726562, 153.00250244140625, 300.4344482421875], 'conf': 0.87781996, 'label_id': 'person', 'sub_labels': 'other', 'sub_labels_conf': 0.9751046895980835, 'id': 12}, {'box': [1708.256591796875, 407.1539306640625, 68.1976318359375, 220.34033203125], 'conf': 0.74178207, 'label_id': 'person', 'sub_labels': 'other', 'sub_labels_conf': 0.7770864963531494, 'id': 16}, {'box': [1200.6611328125, 248.79922485351562, 79.6817626953125, 98.35926818847656], 'conf': 0.73191714, 'label_id': 'person', 'sub_labels': 'other', 'sub_labels_conf': 0.9816194772720337, 'id': 6}, {'box': [1613.611328125, 359.6719055175781, 93.40625, 185.71453857421875], 'conf': 0.6054943, 'label_id': 'person', 'sub_labels': 'other', 'sub_labels_conf': 0.995703399181366, 'id': 15}, {'box': [1021.626708984375, 186.6043243408203, 61.14471435546875, 165.82968139648438], 'conf': 0.8517382, 'label_id': 'person', 'sub_labels': 'other', 'sub_labels_conf': 0.9806692004203796, 'id': 17}, {'box': [101.05982208251953, 629.6770629882812, 146.2476348876953, 274.5169982910156], 'conf': 0.80386245, 'label_id': 'person', 'sub_labels': 'other', 'sub_labels_conf': 0.9696300625801086, 'id': 7}, {'box': [932.9132690429688, 145.7279510498047, 44.408935546875, 108.17142486572266], 'conf': 0.5342188, 'label_id': 'person', 'sub_labels': 'not_human', 'sub_labels_conf': 0.7903701066970825, 'id': 18}, {'box': [320.8760986328125, 553.6981201171875, 120.51119995117188, 230.97662353515625], 'conf': 0.78127986, 'label_id': 'person', 'sub_labels': 'other', 'sub_labels_conf': 0.9996784925460815, 'id': 5}, {'box': [394.14422607421875, 402.60198974609375, 84.1820068359375, 114.65255737304688], 'conf': 0.67709976, 'label_id': 'person', 'sub_labels': 'other', 'sub_labels_conf': 0.8552380204200745, 'id': 20}, {'box': [243.1964111328125, 746.7080078125, 179.15736389160156, 257.5189208984375], 'conf': 0.66471916, 'label_id': 'person', 'sub_labels': 'other', 'sub_labels_conf': 0.6145315766334534, 'id': 19}, {'box': [489.01763916015625, 495.42205810546875, 102.92929077148438, 308.8647155761719], 'conf': 0.58766633, 'label_id': 'person', 'sub_labels': 'other', 'sub_labels_conf': 0.9812595248222351, 'id': 8}]"
234,2024/5/22 Wednesday 0:0:9,"[{'box': [264.9549560546875, 552.1683349609375, 138.8522186279297, 279.20098876953125], 'conf': 0.7940356, 'label_id': 'person', 'sub_labels': 'other', 'sub_labels_conf': 0.9995898604393005, 'id': 2}, {'box': [911.6729736328125, 191.08114624023438, 62.37261962890625, 149.3874969482422], 'conf': 0.783748, 'label_id': 'person', 'sub_labels': 'other', 'sub_labels_conf': 0.9917371869087219, 'id': 4}, {'box': [176.4854736328125, 546.1116943359375, 87.73716735839844, 228.32879638671875], 'conf': 0.33510053, 'label_id': 'person', 'sub_labels': 'other', 'sub_labels_conf': 0.9814249277114868, 'id': 9}, {'box': [1194.43798828125, 380.0050354003906, 93.5499267578125, 237.08380126953125], 'conf': 0.8366938, 'label_id': 'person', 'sub_labels': 'other', 'sub_labels_conf': 0.9991222023963928, 'id': 11}, {'box': [616.4556884765625, 697.0431518554688, 150.9447021484375, 296.0023193359375], 'conf': 0.88322186, 'label_id': 'person', 'sub_labels': 'other', 'sub_labels_conf': 0.9119846224784851, 'id': 12}, {'box': [1707.986572265625, 407.2982177734375, 68.424072265625, 220.18478393554688], 'conf': 0.72968644, 'label_id': 'person', 'sub_labels': 'other', 'sub_labels_conf': 0.7173097133636475, 'id': 16}, {'box': [1201.0020751953125, 248.43057250976562, 79.148681640625, 97.73326110839844], 'conf': 0.72224456, 'label_id': 'person', 'sub_labels': 'other', 'sub_labels_conf': 0.955023467540741, 'id': 6}, {'box': [1614.43994140625, 359.6304016113281, 94.9251708984375, 188.39532470703125], 'conf': 0.60484123, 'label_id': 'person', 'sub_labels': 'other', 'sub_labels_conf': 0.995462954044342, 'id': 15}, {'box': [1021.462646484375, 186.76498413085938, 61.384521484375, 165.2265625], 'conf': 0.8447451, 'label_id': 'person', 'sub_labels': 'other', 'sub_labels_conf': 0.9844719767570496, 'id': 17}, {'box': [102.60291290283203, 631.9508056640625, 150.58653259277344, 270.2298278808594], 'conf': 0.7042303, 'label_id': 'person', 'sub_labels': 'other', 'sub_labels_conf': 0.958936333656311, 'id': 7}, {'box': [933.0693359375, 141.9398651123047, 43.41461181640625, 100.4822998046875], 'conf': 0.55181545, 'label_id': 'person', 'sub_labels': 'not_human', 'sub_labels_conf': 0.8726657032966614, 'id': 18}, {'box': [320.3334045410156, 554.1834716796875, 121.722412109375, 231.45489501953125], 'conf': 0.76370007, 'label_id': 'person', 'sub_labels': 'other', 'sub_labels_conf': 0.999226450920105, 'id': 5}, {'box': [393.7309265136719, 402.51104736328125, 84.78253173828125, 114.86550903320312], 'conf': 0.66879463, 'label_id': 'person', 'sub_labels': 'other', 'sub_labels_conf': 0.9004166126251221, 'id': 20}, {'box': [249.90695190429688, 745.1227416992188, 183.9069061279297, 261.9052734375], 'conf': 0.85104376, 'label_id': 'person', 'sub_labels': 'other', 'sub_labels_conf': 0.877627432346344, 'id': 19}, {'box': [490.4729919433594, 499.977294921875, 106.51898193359375, 318.6567077636719], 'conf': 0.5026472, 'label_id': 'person', 'sub_labels': 'other', 'sub_labels_conf': 0.9897670149803162, 'id': 8}]"
235,2024/5/22 Wednesday 0:0:9,"[{'box': [265.95501708984375, 552.181884765625, 138.25172424316406, 279.86614990234375], 'conf': 0.78555197, 'label_id': 'person', 'sub_labels': 'other', 'sub_labels_conf': 0.9998401403427124, 'id': 2}, {'box': [912.7779541015625, 190.44140625, 63.52197265625, 148.21522521972656], 'conf': 0.78049797, 'label_id': 'person', 'sub_labels': 'other', 'sub_labels_conf': 0.9909120798110962, 'id': 4}, {'box': [176.6090850830078, 543.63671875, 86.61703491210938, 220.97137451171875], 'conf': 0.4384534, 'label_id': 'person', 'sub_labels': 'other', 'sub_labels_conf': 0.9776545166969299, 'id': 9}, {'box': [1194.165771484375, 380.1059875488281, 93.8099365234375, 237.251953125], 'conf': 0.83700013, 'label_id': 'person', 'sub_labels': 'other', 'sub_labels_conf': 0.9989702701568604, 'id': 11}, {'box': [621.4877319335938, 697.1761474609375, 147.7376708984375, 294.90155029296875], 'conf': 0.8712453, 'label_id': 'person', 'sub_labels': 'other', 'sub_labels_conf': 0.8998059034347534, 'id': 12}, {'box': [1707.8424072265625, 407.20233154296875, 68.390625, 220.472412109375], 'conf': 0.710912, 'label_id': 'person', 'sub_labels': 'other', 'sub_labels_conf': 0.7166436910629272, 'id': 16}, {'box': [1201.853515625, 248.53579711914062, 77.5482177734375, 97.92976379394531], 'conf': 0.74392533, 'label_id': 'person', 'sub_labels': 'other', 'sub_labels_conf': 0.9453675150871277, 'id': 6}, {'box': [1615.468505859375, 359.5899658203125, 95.6435546875, 189.14862060546875], 'conf': 0.5642636, 'label_id': 'person', 'sub_labels': 'other', 'sub_labels_conf': 0.9968718886375427, 'id': 15}, {'box': [1020.6509399414062, 185.83676147460938, 59.9390869140625, 163.54371643066406], 'conf': 0.83728176, 'label_id': 'person', 'sub_labels': 'other', 'sub_labels_conf': 0.9930151700973511, 'id': 17}, {'box': [103.6789779663086, 632.3974609375, 147.9085235595703, 271.9854431152344], 'conf': 0.7681481, 'label_id': 'person', 'sub_labels': 'other', 'sub_labels_conf': 0.9373154640197754, 'id': 7}, {'box': [933.3964233398438, 143.01907348632812, 42.788818359375, 103.94661712646484], 'conf': 0.55250907, 'label_id': 'person', 'sub_labels': 'not_human', 'sub_labels_conf': 0.883173406124115, 'id': 18}, {'box': [319.90875244140625, 554.572998046875, 122.42214965820312, 232.49468994140625], 'conf': 0.75153863, 'label_id': 'person', 'sub_labels': 'other', 'sub_labels_conf': 0.9993152618408203, 'id': 5}, {'box': [393.6650390625, 402.0665283203125, 84.77828979492188, 115.30319213867188], 'conf': 0.6852905, 'label_id': 'person', 'sub_labels': 'other', 'sub_labels_conf': 0.9165052771568298, 'id': 20}, {'box': [255.77621459960938, 743.4193725585938, 181.32484436035156, 264.008056640625], 'conf': 0.8766339, 'label_id': 'person', 'sub_labels': 'other', 'sub_labels_conf': 0.7823477387428284, 'id': 19}, {'box': [493.04144287109375, 504.40185546875, 110.71011352539062, 327.8634033203125], 'conf': 0.57518363, 'label_id': 'person', 'sub_labels': 'other', 'sub_labels_conf': 0.9908964037895203, 'id': 8}]"
236,2024/5/22 Wednesday 0:0:9,"[{'box': [266.9635314941406, 552.2774658203125, 137.75238037109375, 280.79913330078125], 'conf': 0.8032096, 'label_id': 'person', 'sub_labels': 'other', 'sub_labels_conf': 0.9999536275863647, 'id': 2}, {'box': [912.307373046875, 190.16871643066406, 62.26495361328125, 146.80392456054688], 'conf': 0.75688857, 'label_id': 'person', 'sub_labels': 'other', 'sub_labels_conf': 0.9866863489151001, 'id': 4}, {'box': [175.46356201171875, 541.8699340820312, 83.61451721191406, 210.81118774414062], 'conf': 0.40030333, 'label_id': 'person', 'sub_labels': 'other', 'sub_labels_conf': 0.9912812113761902, 'id': 9}, {'box': [1193.9674072265625, 379.3529052734375, 93.113037109375, 237.86813354492188], 'conf': 0.84537834, 'label_id': 'person', 'sub_labels': 'other', 'sub_labels_conf': 0.9981797933578491, 'id': 11}, {'box': [624.5106201171875, 698.240478515625, 145.78668212890625, 292.64910888671875], 'conf': 0.8999933, 'label_id': 'person', 'sub_labels': 'other', 'sub_labels_conf': 0.9826186895370483, 'id': 12}, {'box': [1707.7327880859375, 408.1314697265625, 67.5615234375, 218.86087036132812], 'conf': 0.70344746, 'label_id': 'person', 'sub_labels': 'other', 'sub_labels_conf': 0.5006772875785828, 'id': 16}, {'box': [1201.9549560546875, 247.6825408935547, 77.330810546875, 95.64254760742188], 'conf': 0.73409975, 'label_id': 'person', 'sub_labels': 'other', 'sub_labels_conf': 0.9837784767150879, 'id': 6}, {'box': [1615.97900390625, 359.4638671875, 95.2698974609375, 189.434814453125], 'conf': 0.5466842, 'label_id': 'person', 'sub_labels': 'other', 'sub_labels_conf': 0.9977121353149414, 'id': 15}, {'box': [1019.4247436523438, 184.48687744140625, 58.9534912109375, 160.39772033691406], 'conf': 0.8433052, 'label_id': 'person', 'sub_labels': 'other', 'sub_labels_conf': 0.9914259910583496, 'id': 17}, {'box': [104.359375, 635.2926635742188, 151.96725463867188, 266.7228088378906], 'conf': 0.7664464, 'label_id': 'person', 'sub_labels': 'other', 'sub_labels_conf': 0.976934015750885, 'id': 7}, {'box': [933.04443359375, 147.09735107421875, 43.84552001953125, 113.5739974975586], 'conf': 0.6298884, 'label_id': 'person', 'sub_labels': 'not_human', 'sub_labels_conf': 0.7648569345474243, 'id': 18}, {'box': [319.67041015625, 554.7322387695312, 123.26947021484375, 233.24832153320312], 'conf': 0.7640015, 'label_id': 'person', 'sub_labels': 'other', 'sub_labels_conf': 0.9995261430740356, 'id': 5}, {'box': [393.99957275390625, 401.7967224121094, 84.09503173828125, 115.4134521484375], 'conf': 0.68243873, 'label_id': 'person', 'sub_labels': 'other', 'sub_labels_conf': 0.9299301505088806, 'id': 20}, {'box': [259.9003601074219, 742.2960205078125, 176.5900115966797, 264.25830078125], 'conf': 0.84337574, 'label_id': 'person', 'sub_labels': 'other', 'sub_labels_conf': 0.6637040972709656, 'id': 19}, {'box': [495.009765625, 506.6680908203125, 114.08859252929688, 331.0318908691406], 'conf': 0.62030935, 'label_id': 'person', 'sub_labels': 'other', 'sub_labels_conf': 0.9778341054916382, 'id': 8}]"
237,2024/5/22 Wednesday 0:0:9,"[{'box': [266.4382019042969, 552.0419921875, 135.01136779785156, 280.5158386230469], 'conf': 0.77716005, 'label_id': 'person', 'sub_labels': 'other', 'sub_labels_conf': 0.9999786615371704, 'id': 2}, {'box': [911.9583740234375, 190.7870330810547, 60.44952392578125, 147.08364868164062], 'conf': 0.7232732, 'label_id': 'person', 'sub_labels': 'other', 'sub_labels_conf': 0.9845832586288452, 'id': 4}, {'box': [176.7935028076172, 544.5570678710938, 89.54092407226562, 211.0484619140625], 'conf': 0.29731002, 'label_id': 'person', 'sub_labels': 'other', 'sub_labels_conf': 0.9870085120201111, 'id': 9}, {'box': [1194.091796875, 379.16259765625, 93.6431884765625, 238.07928466796875], 'conf': 0.8469861, 'label_id': 'person', 'sub_labels': 'other', 'sub_labels_conf': 0.9952899217605591, 'id': 11}, {'box': [634.6981201171875, 700.5806884765625, 147.58624267578125, 287.535400390625], 'conf': 0.88503724, 'label_id': 'person', 'sub_labels': 'other', 'sub_labels_conf': 0.9924185276031494, 'id': 12}, {'box': [1707.73828125, 408.3629150390625, 67.2232666015625, 218.50900268554688], 'conf': 0.68837625, 'label_id': 'person', 'sub_labels': 'other', 'sub_labels_conf': 0.5403872132301331, 'id': 16}, {'box': [1202.0087890625, 247.41989135742188, 77.3074951171875, 94.89508056640625], 'conf': 0.7446581, 'label_id': 'person', 'sub_labels': 'other', 'sub_labels_conf': 0.9777640104293823, 'id': 6}, {'box': [1616.51611328125, 359.39105224609375, 95.1900634765625, 189.47232055664062], 'conf': 0.49141365, 'label_id': 'person', 'sub_labels': 'other', 'sub_labels_conf': 0.9963615536689758, 'id': 15}, {'box': [1018.3494262695312, 183.2283935546875, 57.2061767578125, 157.7218780517578], 'conf': 0.8419795, 'label_id': 'person', 'sub_labels': 'other', 'sub_labels_conf': 0.9882330298423767, 'id': 17}, {'box': [104.58538818359375, 636.8250122070312, 154.33334350585938, 264.105224609375], 'conf': 0.7689995, 'label_id': 'person', 'sub_labels': 'other', 'sub_labels_conf': 0.9808101058006287, 'id': 7}, {'box': [932.6698608398438, 148.3919219970703, 44.531982421875, 113.2260971069336], 'conf': 0.6323263, 'label_id': 'person', 'sub_labels': 'other', 'sub_labels_conf': 0.5173124074935913, 'id': 18}, {'box': [319.05743408203125, 555.4583129882812, 124.923095703125, 234.89321899414062], 'conf': 0.7940403, 'label_id': 'person', 'sub_labels': 'other', 'sub_labels_conf': 0.9992038607597351, 'id': 5}, {'box': [394.0421142578125, 401.6160888671875, 83.280517578125, 115.39288330078125], 'conf': 0.68481606, 'label_id': 'person', 'sub_labels': 'other', 'sub_labels_conf': 0.9548698663711548, 'id': 20}, {'box': [264.5958251953125, 750.2273559570312, 174.62490844726562, 262.04736328125], 'conf': 0.50945884, 'label_id': 'person', 'sub_labels': 'cashier', 'sub_labels_conf': 0.7690101265907288, 'id': 19}, {'box': [496.974365234375, 507.4649353027344, 117.833740234375, 332.65863037109375], 'conf': 0.6494377, 'label_id': 'person', 'sub_labels': 'other', 'sub_labels_conf': 0.9690464735031128, 'id': 8}]"
238,2024/5/22 Wednesday 0:0:9,"[{'box': [266.2449951171875, 551.945068359375, 134.20840454101562, 279.52899169921875], 'conf': 0.7852543, 'label_id': 'person', 'sub_labels': 'other', 'sub_labels_conf': 0.9999972581863403, 'id': 2}, {'box': [912.453857421875, 190.96182250976562, 60.97637939453125, 149.0419921875], 'conf': 0.7216333, 'label_id': 'person', 'sub_labels': 'other', 'sub_labels_conf': 0.9845730662345886, 'id': 4}, {'box': [174.43283081054688, 537.77734375, 84.70176696777344, 195.14422607421875], 'conf': 0.22334497, 'label_id': 'person', 'sub_labels': 'other', 'sub_labels_conf': 0.9883032441139221, 'id': 9}, {'box': [1194.000732421875, 378.8689880371094, 93.6986083984375, 238.19598388671875], 'conf': 0.85097647, 'label_id': 'person', 'sub_labels': 'other', 'sub_labels_conf': 0.9970152378082275, 'id': 11}, {'box': [650.5025634765625, 702.8726806640625, 158.184326171875, 284.1939697265625], 'conf': 0.9047968, 'label_id': 'person', 'sub_labels': 'other', 'sub_labels_conf': 0.993513822555542, 'id': 12}, {'box': [1707.697021484375, 408.5700378417969, 66.8597412109375, 218.20172119140625], 'conf': 0.71001434, 'label_id': 'person', 'sub_labels': 'not_human', 'sub_labels_conf': 0.5651375651359558, 'id': 16}, {'box': [1202.3759765625, 247.6116943359375, 76.5809326171875, 94.54460144042969], 'conf': 0.74796855, 'label_id': 'person', 'sub_labels': 'other', 'sub_labels_conf': 0.9844679236412048, 'id': 6}, {'box': [1618.688232421875, 359.33935546875, 99.3131103515625, 189.62771606445312], 'conf': 0.50098926, 'label_id': 'person', 'sub_labels': 'other', 'sub_labels_conf': 0.9984210729598999, 'id': 15}, {'box': [1017.723876953125, 181.45738220214844, 56.30328369140625, 155.11764526367188], 'conf': 0.85090876, 'label_id': 'person', 'sub_labels': 'other', 'sub_labels_conf': 0.989012598991394, 'id': 17}, {'box': [107.22244262695312, 636.0087890625, 150.02328491210938, 262.16253662109375], 'conf': 0.76683813, 'label_id': 'person', 'sub_labels': 'other', 'sub_labels_conf': 0.9625462889671326, 'id': 7}, {'box': [932.1064453125, 148.0009002685547, 45.81689453125, 112.11590576171875], 'conf': 0.57799435, 'label_id': 'person', 'sub_labels': 'other', 'sub_labels_conf': 0.5066972374916077, 'id': 18}, {'box': [318.9681396484375, 555.09228515625, 125.12454223632812, 235.16397094726562], 'conf': 0.77618873, 'label_id': 'person', 'sub_labels': 'other', 'sub_labels_conf': 0.9990683197975159, 'id': 5}, {'box': [394.6485900878906, 401.54412841796875, 82.409912109375, 115.68618774414062], 'conf': 0.68928397, 'label_id': 'person', 'sub_labels': 'other', 'sub_labels_conf': 0.9444751143455505, 'id': 20}, {'box': [266.0666198730469, 738.5188598632812, 168.6829071044922, 263.5706787109375], 'conf': 0.7199794, 'label_id': 'person', 'sub_labels': 'other', 'sub_labels_conf': 0.5941893458366394, 'id': 19}, {'box': [496.9735107421875, 508.0279541015625, 117.5015869140625, 335.2791748046875], 'conf': 0.7619065, 'label_id': 'person', 'sub_labels': 'other', 'sub_labels_conf': 0.9639840126037598, 'id': 8}]"
239,2024/5/22 Wednesday 0:0:9,"[{'box': [266.64691162109375, 551.948974609375, 133.2135009765625, 279.2753601074219], 'conf': 0.80520916, 'label_id': 'person', 'sub_labels': 'other', 'sub_labels_conf': 0.9999985694885254, 'id': 2}, {'box': [912.163330078125, 190.4949493408203, 59.610107421875, 148.09390258789062], 'conf': 0.7312071, 'label_id': 'person', 'sub_labels': 'other', 'sub_labels_conf': 0.9449673891067505, 'id': 4}, {'box': [176.53756713867188, 536.152099609375, 88.57075500488281, 191.385986328125], 'conf': 0.20112896, 'label_id': 'person', 'sub_labels': 'other', 'sub_labels_conf': 0.9845000505447388, 'id': 9}, {'box': [1194.13134765625, 378.9854431152344, 94.1505126953125, 238.76666259765625], 'conf': 0.83392495, 'label_id': 'person', 'sub_labels': 'other', 'sub_labels_conf': 0.9977374076843262, 'id': 11}, {'box': [662.8828125, 705.5667724609375, 179.5999755859375, 283.9757080078125], 'conf': 0.87547374, 'label_id': 'person', 'sub_labels': 'other', 'sub_labels_conf': 0.9742398858070374, 'id': 12}, {'box': [1707.731201171875, 408.53662109375, 66.5142822265625, 218.2071533203125], 'conf': 0.69244295, 'label_id': 'person', 'sub_labels': 'not_human', 'sub_labels_conf': 0.5774328112602234, 'id': 16}, {'box': [1203.2333984375, 247.76966857910156, 74.4642333984375, 94.22030639648438], 'conf': 0.740366, 'label_id': 'person', 'sub_labels': 'other', 'sub_labels_conf': 0.9855873584747314, 'id': 6}, {'box': [1623.59765625, 359.8899841308594, 109.959716796875, 190.637939453125], 'conf': 0.52201533, 'label_id': 'person', 'sub_labels': 'other', 'sub_labels_conf': 0.9987115859985352, 'id': 15}, {'box': [1017.3883056640625, 179.46551513671875, 55.5869140625, 154.9056396484375], 'conf': 0.8439355, 'label_id': 'person', 'sub_labels': 'other', 'sub_labels_conf': 0.9917905330657959, 'id': 17}, {'box': [107.88391876220703, 635.13916015625, 145.7281036376953, 261.3116149902344], 'conf': 0.75684637, 'label_id': 'person', 'sub_labels': 'other', 'sub_labels_conf': 0.9901579022407532, 'id': 7}, {'box': [932.5015258789062, 147.8228759765625, 44.592041015625, 112.49808502197266], 'conf': 0.61064, 'label_id': 'person', 'sub_labels': 'not_human', 'sub_labels_conf': 0.7019910216331482, 'id': 18}, {'box': [319.28460693359375, 554.203857421875, 124.54434204101562, 233.62954711914062], 'conf': 0.7177362, 'label_id': 'person', 'sub_labels': 'other', 'sub_labels_conf': 0.9995788931846619, 'id': 5}, {'box': [395.2139892578125, 401.1915283203125, 80.70977783203125, 115.33206176757812], 'conf': 0.6725812, 'label_id': 'person', 'sub_labels': 'other', 'sub_labels_conf': 0.9404262900352478, 'id': 20}, {'box': [267.4613952636719, 731.2967529296875, 161.5648193359375, 260.26910400390625], 'conf': 0.7329902, 'label_id': 'person', 'sub_labels': 'other', 'sub_labels_conf': 0.6646273136138916, 'id': 19}, {'box': [497.2801513671875, 508.27532958984375, 118.31124877929688, 336.0248718261719], 'conf': 0.7521996, 'label_id': 'person', 'sub_labels': 'other', 'sub_labels_conf': 0.9716471433639526, 'id': 8}]"
240,2024/5/22 Wednesday 0:0:9,"[{'box': [266.31390380859375, 551.5552978515625, 130.0764923095703, 278.2261047363281], 'conf': 0.80839115, 'label_id': 'person', 'sub_labels': 'other', 'sub_labels_conf': 0.9999988079071045, 'id': 2}, {'box': [913.39013671875, 190.4834747314453, 58.85772705078125, 146.93978881835938], 'conf': 0.718999, 'label_id': 'person', 'sub_labels': 'other', 'sub_labels_conf': 0.9491098523139954, 'id': 4}, {'box': [172.1875, 526.679931640625, 80.57087707519531, 171.9053955078125], 'conf': 0.34106794, 'label_id': 'person', 'sub_labels': 'other', 'sub_labels_conf': 0.9878382682800293, 'id': 9}, {'box': [1193.680419921875, 378.87786865234375, 94.7811279296875, 241.45156860351562], 'conf': 0.8361545, 'label_id': 'person', 'sub_labels': 'other', 'sub_labels_conf': 0.9924662709236145, 'id': 11}, {'box': [672.7069702148438, 705.947998046875, 200.6182861328125, 288.10626220703125], 'conf': 0.8754499, 'label_id': 'person', 'sub_labels': 'other', 'sub_labels_conf': 0.7167633175849915, 'id': 12}, {'box': [1707.5595703125, 408.3601989746094, 66.4141845703125, 218.15777587890625], 'conf': 0.66818506, 'label_id': 'person', 'sub_labels': 'not_human', 'sub_labels_conf': 0.5311328172683716, 'id': 16}, {'box': [1203.6357421875, 247.81146240234375, 73.4163818359375, 93.85365295410156], 'conf': 0.74472946, 'label_id': 'person', 'sub_labels': 'other', 'sub_labels_conf': 0.987257182598114, 'id': 6}, {'box': [1623.70654296875, 359.65240478515625, 111.3177490234375, 189.56289672851562], 'conf': 0.5184865, 'label_id': 'person', 'sub_labels': 'other', 'sub_labels_conf': 0.9984824061393738, 'id': 15}, {'box': [1017.0858154296875, 179.12371826171875, 53.074951171875, 154.3468017578125], 'conf': 0.83356076, 'label_id': 'person', 'sub_labels': 'other', 'sub_labels_conf': 0.9942814111709595, 'id': 17}, {'box': [106.80370330810547, 637.295654296875, 139.12159729003906, 256.9820556640625], 'conf': 0.760984, 'label_id': 'person', 'sub_labels': 'other', 'sub_labels_conf': 0.9937212467193604, 'id': 7}, {'box': [932.413330078125, 148.0751953125, 43.20037841796875, 116.68858337402344], 'conf': 0.6287937, 'label_id': 'person', 'sub_labels': 'not_human', 'sub_labels_conf': 0.7093338966369629, 'id': 18}, {'box': [320.3634033203125, 555.9512329101562, 122.73907470703125, 237.3441162109375], 'conf': 0.7513614, 'label_id': 'person', 'sub_labels': 'other', 'sub_labels_conf': 0.9993102550506592, 'id': 5}, {'box': [396.16595458984375, 401.3963623046875, 78.90011596679688, 115.18936157226562], 'conf': 0.66436136, 'label_id': 'person', 'sub_labels': 'other', 'sub_labels_conf': 0.9260299205780029, 'id': 20}, {'box': [268.1792907714844, 727.4690551757812, 158.88597106933594, 265.2010498046875], 'conf': 0.8448893, 'label_id': 'person', 'sub_labels': 'other', 'sub_labels_conf': 0.7229944467544556, 'id': 19}, {'box': [497.49737548828125, 511.05560302734375, 119.18603515625, 329.1844482421875], 'conf': 0.7028987, 'label_id': 'person', 'sub_labels': 'other', 'sub_labels_conf': 0.920825719833374, 'id': 8}]"
241,2024/5/22 Wednesday 0:0:9,"[{'box': [265.4299621582031, 550.5009155273438, 126.54109191894531, 276.40625], 'conf': 0.79708666, 'label_id': 'person', 'sub_labels': 'other', 'sub_labels_conf': 0.9999984502792358, 'id': 2}, {'box': [914.503173828125, 189.626708984375, 59.47833251953125, 146.79754638671875], 'conf': 0.6966938, 'label_id': 'person', 'sub_labels': 'other', 'sub_labels_conf': 0.9538045525550842, 'id': 4}, {'box': [170.4272003173828, 536.5502319335938, 79.99404907226562, 193.70315551757812], 'conf': 0.3841621, 'label_id': 'person', 'sub_labels': 'other', 'sub_labels_conf': 0.9697433710098267, 'id': 9}, {'box': [1193.259033203125, 378.8411560058594, 94.3778076171875, 242.31024169921875], 'conf': 0.84188783, 'label_id': 'person', 'sub_labels': 'other', 'sub_labels_conf': 0.9939975738525391, 'id': 11}, {'box': [690.025146484375, 710.0176391601562, 193.7806396484375, 284.5338134765625], 'conf': 0.88310844, 'label_id': 'person', 'sub_labels': 'other', 'sub_labels_conf': 0.9575135707855225, 'id': 12}, {'box': [1707.47021484375, 408.17755126953125, 66.4183349609375, 218.45059204101562], 'conf': 0.67509586, 'label_id': 'person', 'sub_labels': 'not_human', 'sub_labels_conf': 0.5417815446853638, 'id': 16}, {'box': [1204.014404296875, 247.81463623046875, 72.624267578125, 93.81159973144531], 'conf': 0.7445836, 'label_id': 'person', 'sub_labels': 'other', 'sub_labels_conf': 0.987984836101532, 'id': 6}, {'box': [1622.9775390625, 359.60040283203125, 109.8082275390625, 189.55953979492188], 'conf': 0.51235944, 'label_id': 'person', 'sub_labels': 'other', 'sub_labels_conf': 0.9986253976821899, 'id': 15}, {'box': [1017.02587890625, 178.8055419921875, 51.61737060546875, 154.48370361328125], 'conf': 0.83875185, 'label_id': 'person', 'sub_labels': 'other', 'sub_labels_conf': 0.985640287399292, 'id': 17}, {'box': [105.41908264160156, 638.5729370117188, 135.78945922851562, 256.1836242675781], 'conf': 0.7853992, 'label_id': 'person', 'sub_labels': 'other', 'sub_labels_conf': 0.9940642714500427, 'id': 7}, {'box': [932.6577758789062, 146.62608337402344, 42.10791015625, 115.011474609375], 'conf': 0.5837917, 'label_id': 'person', 'sub_labels': 'not_human', 'sub_labels_conf': 0.7246675491333008, 'id': 18}, {'box': [319.6025085449219, 557.3184814453125, 124.842529296875, 240.55380249023438], 'conf': 0.77488965, 'label_id': 'person', 'sub_labels': 'other', 'sub_labels_conf': 0.9987995624542236, 'id': 5}, {'box': [397.1719970703125, 401.59796142578125, 77.48611450195312, 115.16207885742188], 'conf': 0.6915426, 'label_id': 'person', 'sub_labels': 'other', 'sub_labels_conf': 0.9650721549987793, 'id': 20}, {'box': [269.24169921875, 725.2120361328125, 161.2282257080078, 270.64483642578125], 'conf': 0.85061425, 'label_id': 'person', 'sub_labels': 'other', 'sub_labels_conf': 0.6176027655601501, 'id': 19}, {'box': [499.5127258300781, 511.47283935546875, 123.25006103515625, 325.9664306640625], 'conf': 0.70342, 'label_id': 'person', 'sub_labels': 'other', 'sub_labels_conf': 0.9560467004776001, 'id': 8}]"
242,2024/5/22 Wednesday 0:0:9,"[{'box': [263.9002380371094, 550.1969604492188, 123.29301452636719, 271.2314758300781], 'conf': 0.7950404, 'label_id': 'person', 'sub_labels': 'other', 'sub_labels_conf': 0.9999988079071045, 'id': 2}, {'box': [915.5947265625, 187.59811401367188, 57.6533203125, 144.46910095214844], 'conf': 0.70148975, 'label_id': 'person', 'sub_labels': 'other', 'sub_labels_conf': 0.9218000173568726, 'id': 4}, {'box': [171.10031127929688, 549.2064208984375, 81.6732177734375, 219.6007080078125], 'conf': 0.46383813, 'label_id': 'person', 'sub_labels': 'other', 'sub_labels_conf': 0.987500011920929, 'id': 9}, {'box': [1192.8466796875, 379.0931701660156, 93.943603515625, 242.77520751953125], 'conf': 0.8409922, 'label_id': 'person', 'sub_labels': 'other', 'sub_labels_conf': 0.9965556859970093, 'id': 11}, {'box': [700.9793701171875, 712.0584716796875, 188.76470947265625, 289.68402099609375], 'conf': 0.8900345, 'label_id': 'person', 'sub_labels': 'other', 'sub_labels_conf': 0.9335172176361084, 'id': 12}, {'box': [1707.36669921875, 407.9631652832031, 66.2470703125, 218.68157958984375], 'conf': 0.686264, 'label_id': 'person', 'sub_labels': 'other', 'sub_labels_conf': 0.528886079788208, 'id': 16}, {'box': [1204.18115234375, 248.37588500976562, 72.4791259765625, 93.99273681640625], 'conf': 0.75717455, 'label_id': 'person', 'sub_labels': 'other', 'sub_labels_conf': 0.99275803565979, 'id': 6}, {'box': [1617.97802734375, 359.6285095214844, 99.7320556640625, 190.0955810546875], 'conf': 0.5930558, 'label_id': 'person', 'sub_labels': 'other', 'sub_labels_conf': 0.9973952770233154, 'id': 15}, {'box': [1017.0223999023438, 178.4284210205078, 51.1387939453125, 154.51104736328125], 'conf': 0.8405627, 'label_id': 'person', 'sub_labels': 'other', 'sub_labels_conf': 0.9915819764137268, 'id': 17}, {'box': [105.1939468383789, 639.05712890625, 134.2886505126953, 255.7735595703125], 'conf': 0.7797541, 'label_id': 'person', 'sub_labels': 'other', 'sub_labels_conf': 0.9871075749397278, 'id': 7}, {'box': [933.3782348632812, 147.95428466796875, 40.5987548828125, 118.72019958496094], 'conf': 0.60009515, 'label_id': 'person', 'sub_labels': 'not_human', 'sub_labels_conf': 0.8846551775932312, 'id': 18}, {'box': [318.7431945800781, 557.25244140625, 126.83970642089844, 240.7978515625], 'conf': 0.77279043, 'label_id': 'person', 'sub_labels': 'other', 'sub_labels_conf': 0.9981051683425903, 'id': 5}, {'box': [397.69976806640625, 401.6441650390625, 76.97482299804688, 114.57183837890625], 'conf': 0.69183487, 'label_id': 'person', 'sub_labels': 'other', 'sub_labels_conf': 0.9555603265762329, 'id': 20}, {'box': [278.4190673828125, 726.8931274414062, 162.071044921875, 270.688720703125], 'conf': 0.74361265, 'label_id': 'person', 'sub_labels': 'other', 'sub_labels_conf': 0.7959422469139099, 'id': 19}, {'box': [499.5111083984375, 510.7705383300781, 123.12234497070312, 326.36614990234375], 'conf': 0.7169262, 'label_id': 'person', 'sub_labels': 'other', 'sub_labels_conf': 0.959897518157959, 'id': 8}]"
243,2024/5/22 Wednesday 0:0:9,"[{'box': [264.2527160644531, 550.9024047851562, 121.47386169433594, 273.0311279296875], 'conf': 0.79576653, 'label_id': 'person', 'sub_labels': 'other', 'sub_labels_conf': 0.9999990463256836, 'id': 2}, {'box': [915.2822265625, 185.08029174804688, 54.8553466796875, 142.59832763671875], 'conf': 0.7051768, 'label_id': 'person', 'sub_labels': 'other', 'sub_labels_conf': 0.923758864402771, 'id': 4}, {'box': [173.09365844726562, 555.2288208007812, 84.28077697753906, 231.04269409179688], 'conf': 0.71300167, 'label_id': 'person', 'sub_labels': 'other', 'sub_labels_conf': 0.9186564683914185, 'id': 9}, {'box': [1192.90869140625, 378.032958984375, 93.38134765625, 244.5790557861328], 'conf': 0.83973044, 'label_id': 'person', 'sub_labels': 'other', 'sub_labels_conf': 0.9978704452514648, 'id': 11}, {'box': [710.619140625, 711.420654296875, 179.2689208984375, 294.42779541015625], 'conf': 0.9155464, 'label_id': 'person', 'sub_labels': 'other', 'sub_labels_conf': 0.9528310298919678, 'id': 12}, {'box': [1707.227783203125, 407.9063415527344, 66.065185546875, 218.81939697265625], 'conf': 0.6783706, 'label_id': 'person', 'sub_labels': 'other', 'sub_labels_conf': 0.5750858187675476, 'id': 16}, {'box': [1204.9935302734375, 248.922119140625, 71.037841796875, 94.99769592285156], 'conf': 0.7506034, 'label_id': 'person', 'sub_labels': 'other', 'sub_labels_conf': 0.9909809231758118, 'id': 6}, {'box': [1615.5999755859375, 359.77508544921875, 94.973388671875, 190.18673706054688], 'conf': 0.56532115, 'label_id': 'person', 'sub_labels': 'other', 'sub_labels_conf': 0.998601496219635, 'id': 15}, {'box': [1016.8739013671875, 177.87940979003906, 51.51971435546875, 154.83477783203125], 'conf': 0.8391682, 'label_id': 'person', 'sub_labels': 'other', 'sub_labels_conf': 0.995147168636322, 'id': 17}, {'box': [106.03973388671875, 638.9375, 134.19943237304688, 255.45721435546875], 'conf': 0.7888379, 'label_id': 'person', 'sub_labels': 'other', 'sub_labels_conf': 0.98561030626297, 'id': 7}, {'box': [934.5810546875, 148.42678833007812, 37.91497802734375, 123.63059997558594], 'conf': 0.58506185, 'label_id': 'person', 'sub_labels': 'not_human', 'sub_labels_conf': 0.8991796374320984, 'id': 18}, {'box': [318.6475524902344, 557.1891479492188, 127.20439147949219, 239.92739868164062], 'conf': 0.7691641, 'label_id': 'person', 'sub_labels': 'other', 'sub_labels_conf': 0.9997082352638245, 'id': 5}, {'box': [398.5455017089844, 400.76910400390625, 75.78448486328125, 111.84014892578125], 'conf': 0.69412434, 'label_id': 'person', 'sub_labels': 'other', 'sub_labels_conf': 0.9568405747413635, 'id': 20}, {'box': [289.55194091796875, 727.1611328125, 169.82594299316406, 274.165771484375], 'conf': 0.87138164, 'label_id': 'person', 'sub_labels': 'other', 'sub_labels_conf': 0.8849295377731323, 'id': 19}, {'box': [500.58740234375, 510.31439208984375, 125.26895141601562, 325.9522399902344], 'conf': 0.719118, 'label_id': 'person', 'sub_labels': 'other', 'sub_labels_conf': 0.960568368434906, 'id': 8}]"
244,2024/5/22 Wednesday 0:0:9,"[{'box': [262.978515625, 548.388671875, 118.12825012207031, 268.04827880859375], 'conf': 0.7783644, 'label_id': 'person', 'sub_labels': 'other', 'sub_labels_conf': 0.9999991655349731, 'id': 2}, {'box': [915.450439453125, 181.63291931152344, 55.99468994140625, 140.60784912109375], 'conf': 0.7321876, 'label_id': 'person', 'sub_labels': 'other', 'sub_labels_conf': 0.9543135762214661, 'id': 4}, {'box': [175.76771545410156, 556.9682006835938, 88.82382202148438, 234.6318359375], 'conf': 0.71934694, 'label_id': 'person', 'sub_labels': 'other', 'sub_labels_conf': 0.9362736344337463, 'id': 9}, {'box': [1192.99462890625, 377.51507568359375, 93.2032470703125, 245.17767333984375], 'conf': 0.831773, 'label_id': 'person', 'sub_labels': 'other', 'sub_labels_conf': 0.9951702952384949, 'id': 11}, {'box': [716.3546142578125, 711.9677734375, 171.15667724609375, 298.07208251953125], 'conf': 0.91300493, 'label_id': 'person', 'sub_labels': 'other', 'sub_labels_conf': 0.9903726577758789, 'id': 12}, {'box': [1707.078369140625, 407.90740966796875, 66.0540771484375, 218.79177856445312], 'conf': 0.684909, 'label_id': 'person', 'sub_labels': 'other', 'sub_labels_conf': 0.5961894392967224, 'id': 16}, {'box': [1205.364990234375, 249.10488891601562, 70.2901611328125, 95.27320861816406], 'conf': 0.7350231, 'label_id': 'person', 'sub_labels': 'other', 'sub_labels_conf': 0.9901843070983887, 'id': 6}, {'box': [1613.771240234375, 359.702880859375, 93.7635498046875, 187.90447998046875], 'conf': 0.64427423, 'label_id': 'person', 'sub_labels': 'other', 'sub_labels_conf': 0.9978063702583313, 'id': 15}, {'box': [1016.5673828125, 177.66314697265625, 52.19805908203125, 154.9617462158203], 'conf': 0.8332491, 'label_id': 'person', 'sub_labels': 'other', 'sub_labels_conf': 0.995503842830658, 'id': 17}, {'box': [107.11669921875, 638.584716796875, 136.6461181640625, 256.6033935546875], 'conf': 0.7994939, 'label_id': 'person', 'sub_labels': 'other', 'sub_labels_conf': 0.9916996955871582, 'id': 7}, {'box': [935.81640625, 141.55120849609375, 35.58465576171875, 109.75399780273438], 'conf': 0.4868641, 'label_id': 'person', 'sub_labels': 'not_human', 'sub_labels_conf': 0.9012737274169922, 'id': 18}, {'box': [318.2794494628906, 556.768798828125, 128.4122314453125, 238.90634155273438], 'conf': 0.79392135, 'label_id': 'person', 'sub_labels': 'other', 'sub_labels_conf': 0.999723494052887, 'id': 5}, {'box': [398.87469482421875, 399.82330322265625, 75.33392333984375, 109.21759033203125], 'conf': 0.7094625, 'label_id': 'person', 'sub_labels': 'other', 'sub_labels_conf': 0.9315468072891235, 'id': 20}, {'box': [298.95062255859375, 725.969482421875, 173.37281799316406, 269.39788818359375], 'conf': 0.85855144, 'label_id': 'person', 'sub_labels': 'other', 'sub_labels_conf': 0.840009331703186, 'id': 19}, {'box': [500.5306701660156, 510.26177978515625, 124.94769287109375, 324.1220397949219], 'conf': 0.7302387, 'label_id': 'person', 'sub_labels': 'other', 'sub_labels_conf': 0.96090167760849, 'id': 8}]"
245,2024/5/22 Wednesday 0:0:9,"[{'box': [263.2999267578125, 547.8643798828125, 118.64537048339844, 266.2958984375], 'conf': 0.7921144, 'label_id': 'person', 'sub_labels': 'other', 'sub_labels_conf': 0.9999986886978149, 'id': 2}, {'box': [915.61962890625, 179.5828857421875, 57.169189453125, 139.38531494140625], 'conf': 0.74994797, 'label_id': 'person', 'sub_labels': 'other', 'sub_labels_conf': 0.9772013425827026, 'id': 4}, {'box': [178.141357421875, 557.9219970703125, 92.29896545410156, 236.16131591796875], 'conf': 0.7577917, 'label_id': 'person', 'sub_labels': 'other', 'sub_labels_conf': 0.9221741557121277, 'id': 9}, {'box': [1192.2518310546875, 378.6805114746094, 93.025146484375, 244.234375], 'conf': 0.82769144, 'label_id': 'person', 'sub_labels': 'other', 'sub_labels_conf': 0.993285059928894, 'id': 11}, {'box': [719.724365234375, 711.29443359375, 164.93463134765625, 300.24932861328125], 'conf': 0.91511714, 'label_id': 'person', 'sub_labels': 'other', 'sub_labels_conf': 0.9763960242271423, 'id': 12}, {'box': [1706.947509765625, 407.7425537109375, 65.9932861328125, 219.07980346679688], 'conf': 0.6639399, 'label_id': 'person', 'sub_labels': 'other', 'sub_labels_conf': 0.5330452919006348, 'id': 16}, {'box': [1205.48095703125, 249.74832153320312, 70.3538818359375, 96.15608215332031], 'conf': 0.7026569, 'label_id': 'person', 'sub_labels': 'other', 'sub_labels_conf': 0.9908897280693054, 'id': 6}, {'box': [1613.4228515625, 359.5809326171875, 93.8963623046875, 187.04681396484375], 'conf': 0.6279486, 'label_id': 'person', 'sub_labels': 'other', 'sub_labels_conf': 0.998437225818634, 'id': 15}, {'box': [1016.2862548828125, 177.44142150878906, 53.275634765625, 155.2930908203125], 'conf': 0.8273646, 'label_id': 'person', 'sub_labels': 'other', 'sub_labels_conf': 0.9984182119369507, 'id': 17}, {'box': [107.7242431640625, 637.7974853515625, 138.29995727539062, 257.98895263671875], 'conf': 0.80656993, 'label_id': 'person', 'sub_labels': 'other', 'sub_labels_conf': 0.9896341562271118, 'id': 7}, {'box': [936.6685180664062, 136.9676971435547, 33.44775390625, 99.65692901611328], 'conf': 0.47465208, 'label_id': 'person', 'sub_labels': 'not_human', 'sub_labels_conf': 0.903700590133667, 'id': 18}, {'box': [318.48931884765625, 556.238037109375, 127.740966796875, 237.77874755859375], 'conf': 0.77508897, 'label_id': 'person', 'sub_labels': 'other', 'sub_labels_conf': 0.9997013211250305, 'id': 5}, {'box': [398.7224426269531, 399.592529296875, 75.47662353515625, 107.93038940429688], 'conf': 0.7223188, 'label_id': 'person', 'sub_labels': 'other', 'sub_labels_conf': 0.9422820806503296, 'id': 20}, {'box': [308.858642578125, 724.5403442382812, 179.65768432617188, 266.506103515625], 'conf': 0.8218968, 'label_id': 'person', 'sub_labels': 'other', 'sub_labels_conf': 0.7569770812988281, 'id': 19}, {'box': [500.7486267089844, 510.38641357421875, 125.26531982421875, 321.7747802734375], 'conf': 0.7050627, 'label_id': 'person', 'sub_labels': 'other', 'sub_labels_conf': 0.9582847356796265, 'id': 8}]"
246,2024/5/22 Wednesday 0:0:9,"[{'box': [262.5657653808594, 544.64111328125, 117.21238708496094, 259.1812438964844], 'conf': 0.76092243, 'label_id': 'person', 'sub_labels': 'other', 'sub_labels_conf': 0.9999985694885254, 'id': 2}, {'box': [916.008056640625, 178.708740234375, 56.09539794921875, 138.78799438476562], 'conf': 0.73437506, 'label_id': 'person', 'sub_labels': 'other', 'sub_labels_conf': 0.9247897863388062, 'id': 4}, {'box': [179.40695190429688, 557.6832885742188, 94.72727966308594, 236.61965942382812], 'conf': 0.72634137, 'label_id': 'person', 'sub_labels': 'other', 'sub_labels_conf': 0.8668149709701538, 'id': 9}, {'box': [1191.846435546875, 379.423095703125, 92.6002197265625, 243.76910400390625], 'conf': 0.825114, 'label_id': 'person', 'sub_labels': 'other', 'sub_labels_conf': 0.988465428352356, 'id': 11}, {'box': [722.3919677734375, 710.87548828125, 158.9727783203125, 300.88311767578125], 'conf': 0.9188814, 'label_id': 'person', 'sub_labels': 'other', 'sub_labels_conf': 0.9228941202163696, 'id': 12}, {'box': [1706.95849609375, 407.5874328613281, 65.7938232421875, 219.36444091796875], 'conf': 0.6819089, 'label_id': 'person', 'sub_labels': 'other', 'sub_labels_conf': 0.5685276985168457, 'id': 16}, {'box': [1205.62060546875, 250.4012451171875, 70.1854248046875, 96.83642578125], 'conf': 0.70091236, 'label_id': 'person', 'sub_labels': 'other', 'sub_labels_conf': 0.9933750033378601, 'id': 6}, {'box': [1613.6591796875, 359.43975830078125, 94.22021484375, 187.42474365234375], 'conf': 0.7419192, 'label_id': 'person', 'sub_labels': 'other', 'sub_labels_conf': 0.9980138540267944, 'id': 15}, {'box': [1016.3001708984375, 177.20986938476562, 53.35546875, 156.02865600585938], 'conf': 0.82470727, 'label_id': 'person', 'sub_labels': 'other', 'sub_labels_conf': 0.9977806210517883, 'id': 17}, {'box': [107.82928466796875, 636.9385986328125, 138.86801147460938, 258.9674377441406], 'conf': 0.80674297, 'label_id': 'person', 'sub_labels': 'other', 'sub_labels_conf': 0.9457185864448547, 'id': 7}, {'box': [936.61865234375, 134.0076141357422, 33.09478759765625, 93.72473907470703], 'conf': 0.43176684, 'label_id': 'person', 'sub_labels': 'not_human', 'sub_labels_conf': 0.8923078179359436, 'id': 18}, {'box': [318.7830810546875, 555.42041015625, 126.60205078125, 232.27511596679688], 'conf': 0.79447687, 'label_id': 'person', 'sub_labels': 'other', 'sub_labels_conf': 0.9998550415039062, 'id': 5}, {'box': [398.2310791015625, 400.359375, 76.32882690429688, 108.83404541015625], 'conf': 0.7146675, 'label_id': 'person', 'sub_labels': 'other', 'sub_labels_conf': 0.8949897885322571, 'id': 20}, {'box': [316.4984130859375, 724.211181640625, 183.84017944335938, 266.7244873046875], 'conf': 0.89281285, 'label_id': 'person', 'sub_labels': 'other', 'sub_labels_conf': 0.7656612992286682, 'id': 19}, {'box': [500.6878967285156, 511.7106018066406, 124.44134521484375, 321.57867431640625], 'conf': 0.72814894, 'label_id': 'person', 'sub_labels': 'other', 'sub_labels_conf': 0.9450944066047668, 'id': 8}]"
247,2024/5/22 Wednesday 0:0:9,"[{'box': [260.19757080078125, 540.4956665039062, 113.39169311523438, 250.14303588867188], 'conf': 0.7319854, 'label_id': 'person', 'sub_labels': 'other', 'sub_labels_conf': 0.9999977350234985, 'id': 2}, {'box': [917.11669921875, 178.5359344482422, 55.27618408203125, 138.61099243164062], 'conf': 0.6916873, 'label_id': 'person', 'sub_labels': 'other', 'sub_labels_conf': 0.9630188941955566, 'id': 4}, {'box': [179.83126831054688, 557.5584106445312, 95.5828857421875, 237.87417602539062], 'conf': 0.7042358, 'label_id': 'person', 'sub_labels': 'other', 'sub_labels_conf': 0.8369475603103638, 'id': 9}, {'box': [1191.73779296875, 380.32489013671875, 92.5491943359375, 243.01971435546875], 'conf': 0.8223879, 'label_id': 'person', 'sub_labels': 'other', 'sub_labels_conf': 0.9968634843826294, 'id': 11}, {'box': [725.468017578125, 710.3486328125, 151.77117919921875, 300.96429443359375], 'conf': 0.8836162, 'label_id': 'person', 'sub_labels': 'other', 'sub_labels_conf': 0.9744592308998108, 'id': 12}, {'box': [1706.940673828125, 407.3795166015625, 65.7310791015625, 219.783203125], 'conf': 0.68901736, 'label_id': 'person', 'sub_labels': 'other', 'sub_labels_conf': 0.5611178278923035, 'id': 16}, {'box': [1205.240966796875, 251.81100463867188, 70.7738037109375, 98.5753173828125], 'conf': 0.6913805, 'label_id': 'person', 'sub_labels': 'other', 'sub_labels_conf': 0.9772735238075256, 'id': 6}, {'box': [1613.658447265625, 359.3077392578125, 95.08251953125, 187.80880737304688], 'conf': 0.755273, 'label_id': 'person', 'sub_labels': 'other', 'sub_labels_conf': 0.9978761672973633, 'id': 15}, {'box': [1016.0086669921875, 175.99951171875, 53.88677978515625, 158.24893188476562], 'conf': 0.8107715, 'label_id': 'person', 'sub_labels': 'other', 'sub_labels_conf': 0.9990741014480591, 'id': 17}, {'box': [108.03948974609375, 636.4434814453125, 138.92779541015625, 259.22503662109375], 'conf': 0.8156607, 'label_id': 'person', 'sub_labels': 'other', 'sub_labels_conf': 0.9682500958442688, 'id': 7}, {'box': [936.9498901367188, 133.09933471679688, 32.234619140625, 92.42596435546875], 'conf': 0.43222797, 'label_id': 'person', 'sub_labels': 'not_human', 'sub_labels_conf': 0.9124799370765686, 'id': 18}, {'box': [319.8138427734375, 555.8184204101562, 123.76190185546875, 232.44229125976562], 'conf': 0.8121376, 'label_id': 'person', 'sub_labels': 'other', 'sub_labels_conf': 0.9999504089355469, 'id': 5}, {'box': [397.664306640625, 401.31292724609375, 77.02963256835938, 111.64785766601562], 'conf': 0.72525644, 'label_id': 'person', 'sub_labels': 'other', 'sub_labels_conf': 0.8490715026855469, 'id': 20}, {'box': [323.2706298828125, 723.64990234375, 187.48841857910156, 269.0877685546875], 'conf': 0.8697049, 'label_id': 'person', 'sub_labels': 'other', 'sub_labels_conf': 0.803888738155365, 'id': 19}, {'box': [500.9827880859375, 512.2793579101562, 124.73989868164062, 321.8944091796875], 'conf': 0.75612897, 'label_id': 'person', 'sub_labels': 'other', 'sub_labels_conf': 0.9356875419616699, 'id': 8}]"
248,2024/5/22 Wednesday 0:0:9,"[{'box': [256.82513427734375, 535.6883544921875, 107.93772888183594, 239.93515014648438], 'conf': 0.7542831, 'label_id': 'person', 'sub_labels': 'other', 'sub_labels_conf': 0.9999940395355225, 'id': 2}, {'box': [917.5092163085938, 178.65365600585938, 55.615478515625, 138.78916931152344], 'conf': 0.680065, 'label_id': 'person', 'sub_labels': 'other', 'sub_labels_conf': 0.9580144286155701, 'id': 4}, {'box': [181.61380004882812, 559.0548706054688, 100.84158325195312, 240.85720825195312], 'conf': 0.65382785, 'label_id': 'person', 'sub_labels': 'other', 'sub_labels_conf': 0.8819022178649902, 'id': 9}, {'box': [1191.7955322265625, 381.58990478515625, 92.733642578125, 241.51669311523438], 'conf': 0.81487316, 'label_id': 'person', 'sub_labels': 'other', 'sub_labels_conf': 0.9971883893013, 'id': 11}, {'box': [732.2135009765625, 710.946533203125, 137.004150390625, 301.79595947265625], 'conf': 0.9071639, 'label_id': 'person', 'sub_labels': 'other', 'sub_labels_conf': 0.9896655678749084, 'id': 12}, {'box': [1706.9638671875, 407.1037902832031, 65.7791748046875, 220.44122314453125], 'conf': 0.6909741, 'label_id': 'person', 'sub_labels': 'other', 'sub_labels_conf': 0.5486571788787842, 'id': 16}, {'box': [1204.988525390625, 251.88858032226562, 71.4334716796875, 98.48992919921875], 'conf': 0.68671215, 'label_id': 'person', 'sub_labels': 'other', 'sub_labels_conf': 0.9887747764587402, 'id': 6}, {'box': [1613.3134765625, 359.2406005859375, 95.1944580078125, 188.20431518554688], 'conf': 0.75556666, 'label_id': 'person', 'sub_labels': 'other', 'sub_labels_conf': 0.9957680702209473, 'id': 15}, {'box': [1016.0997924804688, 175.11077880859375, 55.2506103515625, 160.23068237304688], 'conf': 0.8118418, 'label_id': 'person', 'sub_labels': 'other', 'sub_labels_conf': 0.9989768266677856, 'id': 17}, {'box': [107.96514892578125, 636.2316284179688, 139.35763549804688, 259.0514221191406], 'conf': 0.81819725, 'label_id': 'person', 'sub_labels': 'other', 'sub_labels_conf': 0.9218977093696594, 'id': 7}, {'box': [937.0536499023438, 132.0960693359375, 31.62939453125, 90.66526794433594], 'conf': 0.40558207, 'label_id': 'person', 'sub_labels': 'not_human', 'sub_labels_conf': 0.8820549249649048, 'id': 18}, {'box': [321.3641662597656, 555.6954345703125, 120.5931396484375, 230.26446533203125], 'conf': 0.8286023, 'label_id': 'person', 'sub_labels': 'other', 'sub_labels_conf': 0.9999173879623413, 'id': 5}, {'box': [397.0724182128906, 401.3409423828125, 77.78375244140625, 113.11526489257812], 'conf': 0.73950946, 'label_id': 'person', 'sub_labels': 'other', 'sub_labels_conf': 0.8426372408866882, 'id': 20}, {'box': [329.17901611328125, 723.61865234375, 188.33810424804688, 269.74371337890625], 'conf': 0.880592, 'label_id': 'person', 'sub_labels': 'other', 'sub_labels_conf': 0.8055802583694458, 'id': 19}, {'box': [502.8732604980469, 513.375732421875, 128.34954833984375, 320.42767333984375], 'conf': 0.7660549, 'label_id': 'person', 'sub_labels': 'other', 'sub_labels_conf': 0.9655541777610779, 'id': 8}]"
249,2024/5/22 Wednesday 0:0:9,"[{'box': [253.35610961914062, 527.4896240234375, 103.0927734375, 222.60775756835938], 'conf': 0.7544837, 'label_id': 'person', 'sub_labels': 'other', 'sub_labels_conf': 0.9999761581420898, 'id': 2}, {'box': [917.3347778320312, 178.58123779296875, 56.200927734375, 139.4732208251953], 'conf': 0.7154695, 'label_id': 'person', 'sub_labels': 'other', 'sub_labels_conf': 0.9795586466789246, 'id': 4}, {'box': [181.20968627929688, 558.28369140625, 99.20677185058594, 240.21661376953125], 'conf': 0.656771, 'label_id': 'person', 'sub_labels': 'other', 'sub_labels_conf': 0.8723310828208923, 'id': 9}, {'box': [1192.26953125, 381.978515625, 92.9146728515625, 238.88015747070312], 'conf': 0.80891585, 'label_id': 'person', 'sub_labels': 'other', 'sub_labels_conf': 0.9980635046958923, 'id': 11}, {'box': [737.830322265625, 712.3167114257812, 126.8514404296875, 301.343505859375], 'conf': 0.77438927, 'label_id': 'person', 'sub_labels': 'other', 'sub_labels_conf': 0.9215986132621765, 'id': 12}, {'box': [1706.931640625, 407.1009521484375, 65.7537841796875, 220.5157470703125], 'conf': 0.6958379, 'label_id': 'person', 'sub_labels': 'other', 'sub_labels_conf': 0.5829401016235352, 'id': 16}, {'box': [1204.6025390625, 251.85499572753906, 72.3551025390625, 98.48782348632812], 'conf': 0.7013423, 'label_id': 'person', 'sub_labels': 'other', 'sub_labels_conf': 0.992230236530304, 'id': 6}, {'box': [1613.636962890625, 358.33502197265625, 93.8939208984375, 187.14163208007812], 'conf': 0.7730046, 'label_id': 'person', 'sub_labels': 'other', 'sub_labels_conf': 0.9978235960006714, 'id': 15}, {'box': [1016.5997314453125, 174.57113647460938, 57.00555419921875, 159.80715942382812], 'conf': 0.8081371, 'label_id': 'person', 'sub_labels': 'other', 'sub_labels_conf': 0.9980080723762512, 'id': 17}, {'box': [107.84202575683594, 636.2186279296875, 138.81314086914062, 258.87445068359375], 'conf': 0.8149282, 'label_id': 'person', 'sub_labels': 'other', 'sub_labels_conf': 0.9253595471382141, 'id': 7}, {'box': [935.8822021484375, 129.5526123046875, 33.02294921875, 87.37571716308594], 'conf': 0.47466806, 'label_id': 'person', 'sub_labels': 'not_human', 'sub_labels_conf': 0.8468021154403687, 'id': 18}, {'box': [321.5263977050781, 554.8327026367188, 119.87530517578125, 235.42172241210938], 'conf': 0.8122172, 'label_id': 'person', 'sub_labels': 'other', 'sub_labels_conf': 0.9997790455818176, 'id': 5}, {'box': [396.98638916015625, 401.3507080078125, 77.98159790039062, 113.78982543945312], 'conf': 0.7447749, 'label_id': 'person', 'sub_labels': 'other', 'sub_labels_conf': 0.8075768351554871, 'id': 20}, {'box': [331.8505859375, 721.6922607421875, 188.23672485351562, 273.20928955078125], 'conf': 0.86191636, 'label_id': 'person', 'sub_labels': 'other', 'sub_labels_conf': 0.9378840923309326, 'id': 19}, {'box': [502.54840087890625, 513.9073486328125, 127.488525390625, 319.3489074707031], 'conf': 0.76493984, 'label_id': 'person', 'sub_labels': 'other', 'sub_labels_conf': 0.9496822357177734, 'id': 8}]"
250,2024/5/22 Wednesday 0:0:10,"[{'box': [250.65589904785156, 523.26220703125, 98.11508178710938, 214.17950439453125], 'conf': 0.74878645, 'label_id': 'person', 'sub_labels': 'other', 'sub_labels_conf': 0.9999734163284302, 'id': 2}, {'box': [917.1416015625, 178.57180786132812, 56.24542236328125, 139.361572265625], 'conf': 0.7555331, 'label_id': 'person', 'sub_labels': 'other', 'sub_labels_conf': 0.9711037874221802, 'id': 4}, {'box': [181.6239013671875, 558.3695678710938, 99.39645385742188, 239.89669799804688], 'conf': 0.6569822, 'label_id': 'person', 'sub_labels': 'other', 'sub_labels_conf': 0.8883771896362305, 'id': 9}, {'box': [1192.60546875, 383.92803955078125, 93.1607666015625, 234.0169677734375], 'conf': 0.803733, 'label_id': 'person', 'sub_labels': 'other', 'sub_labels_conf': 0.997560977935791, 'id': 11}, {'box': [757.07568359375, 716.235107421875, 147.66253662109375, 306.1981201171875], 'conf': 0.807246, 'label_id': 'person', 'sub_labels': 'other', 'sub_labels_conf': 0.9745553731918335, 'id': 12}, {'box': [1706.88671875, 407.0719299316406, 65.6512451171875, 220.60369873046875], 'conf': 0.69962585, 'label_id': 'person', 'sub_labels': 'other', 'sub_labels_conf': 0.5930702090263367, 'id': 16}, {'box': [1203.9609375, 252.22447204589844, 73.7257080078125, 99.02139282226562], 'conf': 0.71828395, 'label_id': 'person', 'sub_labels': 'other', 'sub_labels_conf': 0.9869677424430847, 'id': 6}, {'box': [1613.5684814453125, 357.86468505859375, 92.751708984375, 185.80062866210938], 'conf': 0.7761326, 'label_id': 'person', 'sub_labels': 'other', 'sub_labels_conf': 0.9984347224235535, 'id': 15}, {'box': [1017.1787109375, 174.91183471679688, 56.93060302734375, 158.88592529296875], 'conf': 0.80753905, 'label_id': 'person', 'sub_labels': 'other', 'sub_labels_conf': 0.998736560344696, 'id': 17}, {'box': [107.22307586669922, 636.1163330078125, 137.44139099121094, 258.0793151855469], 'conf': 0.811163, 'label_id': 'person', 'sub_labels': 'other', 'sub_labels_conf': 0.9061102271080017, 'id': 7}, {'box': [935.4266357421875, 128.30519104003906, 34.03094482421875, 85.85704803466797], 'conf': 0.52076125, 'label_id': 'person', 'sub_labels': 'not_human', 'sub_labels_conf': 0.8097423315048218, 'id': 18}, {'box': [321.7877197265625, 555.3906860351562, 119.02188110351562, 236.36941528320312], 'conf': 0.8202316, 'label_id': 'person', 'sub_labels': 'other', 'sub_labels_conf': 0.9998088479042053, 'id': 5}, {'box': [396.9715576171875, 401.5101013183594, 77.76168823242188, 114.17950439453125], 'conf': 0.73832047, 'label_id': 'person', 'sub_labels': 'other', 'sub_labels_conf': 0.927760660648346, 'id': 20}, {'box': [335.51544189453125, 722.5548095703125, 180.21522521972656, 272.07470703125], 'conf': 0.8886503, 'label_id': 'person', 'sub_labels': 'other', 'sub_labels_conf': 0.9786369800567627, 'id': 19}, {'box': [501.857421875, 514.4810791015625, 126.08731079101562, 317.12884521484375], 'conf': 0.76568973, 'label_id': 'person', 'sub_labels': 'other', 'sub_labels_conf': 0.9519910216331482, 'id': 8}]"
251,2024/5/22 Wednesday 0:0:10,"[{'box': [248.10183715820312, 523.8255004882812, 96.1072998046875, 212.22647094726562], 'conf': 0.7611993, 'label_id': 'person', 'sub_labels': 'other', 'sub_labels_conf': 0.9999854564666748, 'id': 2}, {'box': [918.289794921875, 178.46713256835938, 54.65673828125, 139.90771484375], 'conf': 0.7147734, 'label_id': 'person', 'sub_labels': 'other', 'sub_labels_conf': 0.9693000912666321, 'id': 4}, {'box': [181.9752960205078, 558.2379150390625, 99.68377685546875, 239.34857177734375], 'conf': 0.6643294, 'label_id': 'person', 'sub_labels': 'other', 'sub_labels_conf': 0.8756024837493896, 'id': 9}, {'box': [1192.903076171875, 383.8897705078125, 93.5391845703125, 233.41033935546875], 'conf': 0.80712724, 'label_id': 'person', 'sub_labels': 'other', 'sub_labels_conf': 0.9990721940994263, 'id': 11}, {'box': [771.4130249023438, 725.2810668945312, 158.751953125, 320.2354736328125], 'conf': 0.8571301, 'label_id': 'person', 'sub_labels': 'other', 'sub_labels_conf': 0.9442310333251953, 'id': 12}, {'box': [1706.848388671875, 407.0806884765625, 65.701904296875, 220.58419799804688], 'conf': 0.69128215, 'label_id': 'person', 'sub_labels': 'other', 'sub_labels_conf': 0.6023110747337341, 'id': 16}, {'box': [1203.795166015625, 252.25965881347656, 74.1669921875, 98.95217895507812], 'conf': 0.7059678, 'label_id': 'person', 'sub_labels': 'other', 'sub_labels_conf': 0.966474711894989, 'id': 6}, {'box': [1613.5654296875, 357.690185546875, 92.5572509765625, 185.234375], 'conf': 0.7763774, 'label_id': 'person', 'sub_labels': 'other', 'sub_labels_conf': 0.998097836971283, 'id': 15}, {'box': [1018.1782836914062, 174.7000732421875, 59.2786865234375, 156.21682739257812], 'conf': 0.8070259, 'label_id': 'person', 'sub_labels': 'other', 'sub_labels_conf': 0.9993879795074463, 'id': 17}, {'box': [106.12290954589844, 636.136474609375, 135.144775390625, 257.31597900390625], 'conf': 0.8020787, 'label_id': 'person', 'sub_labels': 'other', 'sub_labels_conf': 0.9370735883712769, 'id': 7}, {'box': [934.6795043945312, 127.08039855957031, 34.9161376953125, 84.6107177734375], 'conf': 0.48178387, 'label_id': 'person', 'sub_labels': 'not_human', 'sub_labels_conf': 0.6510295271873474, 'id': 18}, {'box': [321.4448547363281, 558.7108154296875, 119.4476318359375, 236.91070556640625], 'conf': 0.8054813, 'label_id': 'person', 'sub_labels': 'other', 'sub_labels_conf': 0.9997292160987854, 'id': 5}, {'box': [396.67919921875, 401.5401306152344, 77.83621215820312, 114.07696533203125], 'conf': 0.74515885, 'label_id': 'person', 'sub_labels': 'other', 'sub_labels_conf': 0.9212555885314941, 'id': 20}, {'box': [337.8695068359375, 722.5457763671875, 174.82791137695312, 271.20770263671875], 'conf': 0.8298539, 'label_id': 'person', 'sub_labels': 'other', 'sub_labels_conf': 0.947372555732727, 'id': 19}, {'box': [500.7735900878906, 515.1998901367188, 123.77093505859375, 316.0495910644531], 'conf': 0.78169584, 'label_id': 'person', 'sub_labels': 'other', 'sub_labels_conf': 0.9297629594802856, 'id': 8}]"
252,2024/5/22 Wednesday 0:0:10,"[{'box': [245.3791046142578, 521.3696899414062, 91.69473266601562, 207.38729858398438], 'conf': 0.7121076, 'label_id': 'person', 'sub_labels': 'other', 'sub_labels_conf': 0.9999740123748779, 'id': 2}, {'box': [919.59228515625, 178.6793670654297, 53.29840087890625, 140.14865112304688], 'conf': 0.68060327, 'label_id': 'person', 'sub_labels': 'other', 'sub_labels_conf': 0.9759092926979065, 'id': 4}, {'box': [181.91448974609375, 557.68115234375, 99.85627746582031, 239.69766235351562], 'conf': 0.63252133, 'label_id': 'person', 'sub_labels': 'other', 'sub_labels_conf': 0.8259226679801941, 'id': 9}, {'box': [1193.08935546875, 383.32623291015625, 93.7403564453125, 233.80624389648438], 'conf': 0.8123196, 'label_id': 'person', 'sub_labels': 'other', 'sub_labels_conf': 0.9954785704612732, 'id': 11}, {'box': [782.2677001953125, 733.0943603515625, 161.05511474609375, 330.20257568359375], 'conf': 0.8956707, 'label_id': 'person', 'sub_labels': 'other', 'sub_labels_conf': 0.8303059935569763, 'id': 12}, {'box': [1706.851806640625, 407.23779296875, 65.7957763671875, 220.26171875], 'conf': 0.68425465, 'label_id': 'person', 'sub_labels': 'other', 'sub_labels_conf': 0.5865686535835266, 'id': 16}, {'box': [1203.7633056640625, 252.53367614746094, 74.205810546875, 99.43545532226562], 'conf': 0.69566834, 'label_id': 'person', 'sub_labels': 'other', 'sub_labels_conf': 0.9732607007026672, 'id': 6}, {'box': [1613.742431640625, 357.6327819824219, 92.7545166015625, 185.05712890625], 'conf': 0.7678692, 'label_id': 'person', 'sub_labels': 'other', 'sub_labels_conf': 0.9986396431922913, 'id': 15}, {'box': [1018.847412109375, 174.31134033203125, 59.40277099609375, 152.28636169433594], 'conf': 0.80015033, 'label_id': 'person', 'sub_labels': 'other', 'sub_labels_conf': 0.9997488856315613, 'id': 17}, {'box': [105.53642272949219, 636.093017578125, 137.38485717773438, 257.41973876953125], 'conf': 0.80802304, 'label_id': 'person', 'sub_labels': 'other', 'sub_labels_conf': 0.9732139706611633, 'id': 7}, {'box': [934.4913330078125, 130.3632354736328, 35.97576904296875, 91.02987670898438], 'conf': 0.44385114, 'label_id': 'person', 'sub_labels': 'not_human', 'sub_labels_conf': 0.8658734560012817, 'id': 18}, {'box': [322.119140625, 555.991943359375, 118.93853759765625, 236.78799438476562], 'conf': 0.8176988, 'label_id': 'person', 'sub_labels': 'other', 'sub_labels_conf': 0.9999125003814697, 'id': 5}, {'box': [396.21270751953125, 401.52410888671875, 78.59442138671875, 113.96481323242188], 'conf': 0.7449732, 'label_id': 'person', 'sub_labels': 'other', 'sub_labels_conf': 0.9114336371421814, 'id': 20}, {'box': [341.38922119140625, 721.3904418945312, 166.53390502929688, 272.9969482421875], 'conf': 0.8612273, 'label_id': 'person', 'sub_labels': 'other', 'sub_labels_conf': 0.9163065552711487, 'id': 19}, {'box': [500.05322265625, 515.132568359375, 122.188232421875, 315.18927001953125], 'conf': 0.77553624, 'label_id': 'person', 'sub_labels': 'other', 'sub_labels_conf': 0.9335881471633911, 'id': 8}]"
253,2024/5/22 Wednesday 0:0:10,"[{'box': [246.1171417236328, 524.618408203125, 94.53231811523438, 214.83187866210938], 'conf': 0.7787823, 'label_id': 'person', 'sub_labels': 'other', 'sub_labels_conf': 0.9999160766601562, 'id': 2}, {'box': [919.7462158203125, 178.87547302246094, 53.14208984375, 140.63589477539062], 'conf': 0.6791307, 'label_id': 'person', 'sub_labels': 'other', 'sub_labels_conf': 0.9760134220123291, 'id': 4}, {'box': [187.6461181640625, 558.582275390625, 113.44151306152344, 240.59310913085938], 'conf': 0.59301925, 'label_id': 'person', 'sub_labels': 'other', 'sub_labels_conf': 0.8982959985733032, 'id': 9}, {'box': [1193.1510009765625, 381.9443359375, 93.9296875, 236.91650390625], 'conf': 0.8144581, 'label_id': 'person', 'sub_labels': 'other', 'sub_labels_conf': 0.9966779947280884, 'id': 11}, {'box': [797.1932373046875, 738.7064819335938, 165.95013427734375, 335.74462890625], 'conf': 0.8964736, 'label_id': 'person', 'sub_labels': 'other', 'sub_labels_conf': 0.8786299824714661, 'id': 12}, {'box': [1706.864013671875, 407.0138854980469, 65.6151123046875, 220.83123779296875], 'conf': 0.66845495, 'label_id': 'person', 'sub_labels': 'other', 'sub_labels_conf': 0.5799367427825928, 'id': 16}, {'box': [1202.7052001953125, 252.42645263671875, 76.023193359375, 98.92558288574219], 'conf': 0.70681673, 'label_id': 'person', 'sub_labels': 'other', 'sub_labels_conf': 0.9508898854255676, 'id': 6}, {'box': [1613.17919921875, 358.68927001953125, 95.5096435546875, 186.516845703125], 'conf': 0.7523745, 'label_id': 'person', 'sub_labels': 'other', 'sub_labels_conf': 0.9989492297172546, 'id': 15}, {'box': [1019.825927734375, 173.60043334960938, 61.11395263671875, 149.2529754638672], 'conf': 0.8185912, 'label_id': 'person', 'sub_labels': 'other', 'sub_labels_conf': 0.9988083839416504, 'id': 17}, {'box': [105.29317474365234, 636.7605590820312, 138.97792053222656, 257.1960754394531], 'conf': 0.8051795, 'label_id': 'person', 'sub_labels': 'other', 'sub_labels_conf': 0.9768965840339661, 'id': 7}, {'box': [933.9990844726562, 130.91944885253906, 37.281005859375, 91.84455108642578], 'conf': 0.38589376, 'label_id': 'person', 'sub_labels': 'not_human', 'sub_labels_conf': 0.8787407875061035, 'id': 18}, {'box': [322.734130859375, 551.0238037109375, 116.92282104492188, 228.70428466796875], 'conf': 0.8128836, 'label_id': 'person', 'sub_labels': 'other', 'sub_labels_conf': 0.9998743534088135, 'id': 5}, {'box': [396.15234375, 401.63995361328125, 78.84588623046875, 113.9154052734375], 'conf': 0.7509722, 'label_id': 'person', 'sub_labels': 'other', 'sub_labels_conf': 0.8896998763084412, 'id': 20}, {'box': [344.9845275878906, 724.5177612304688, 159.99652099609375, 267.864990234375], 'conf': 0.81201684, 'label_id': 'person', 'sub_labels': 'other', 'sub_labels_conf': 0.9514136910438538, 'id': 19}, {'box': [499.66058349609375, 514.508056640625, 121.40243530273438, 315.6465759277344], 'conf': 0.77218735, 'label_id': 'person', 'sub_labels': 'other', 'sub_labels_conf': 0.9323737621307373, 'id': 8}]"
254,2024/5/22 Wednesday 0:0:10,"[{'box': [244.789306640625, 528.7216186523438, 93.04780578613281, 225.37649536132812], 'conf': 0.7889062, 'label_id': 'person', 'sub_labels': 'other', 'sub_labels_conf': 0.9999711513519287, 'id': 2}, {'box': [919.9171142578125, 178.3985137939453, 53.97216796875, 138.68475341796875], 'conf': 0.6109824, 'label_id': 'person', 'sub_labels': 'other', 'sub_labels_conf': 0.966018795967102, 'id': 4}, {'box': [192.93585205078125, 558.9520263671875, 124.46955871582031, 238.82376098632812], 'conf': 0.6679432, 'label_id': 'person', 'sub_labels': 'other', 'sub_labels_conf': 0.9714615941047668, 'id': 9}, {'box': [1193.248046875, 380.954345703125, 94.0101318359375, 238.99737548828125], 'conf': 0.8139448, 'label_id': 'person', 'sub_labels': 'other', 'sub_labels_conf': 0.9946445226669312, 'id': 11}, {'box': [810.3184814453125, 746.7757568359375, 168.30767822265625, 330.65277099609375], 'conf': 0.8821775, 'label_id': 'person', 'sub_labels': 'other', 'sub_labels_conf': 0.8190227746963501, 'id': 12}, {'box': [1706.84765625, 407.0733947753906, 65.520263671875, 220.79937744140625], 'conf': 0.66785336, 'label_id': 'person', 'sub_labels': 'other', 'sub_labels_conf': 0.5764586329460144, 'id': 16}, {'box': [1202.267333984375, 251.8808135986328, 76.759521484375, 97.89248657226562], 'conf': 0.6959629, 'label_id': 'person', 'sub_labels': 'other', 'sub_labels_conf': 0.9015703201293945, 'id': 6}, {'box': [1613.2576904296875, 359.0897521972656, 97.203125, 187.0291748046875], 'conf': 0.7278639, 'label_id': 'person', 'sub_labels': 'other', 'sub_labels_conf': 0.9991218447685242, 'id': 15}, {'box': [1020.75732421875, 172.57437133789062, 62.43023681640625, 146.95428466796875], 'conf': 0.82880586, 'label_id': 'person', 'sub_labels': 'other', 'sub_labels_conf': 0.9988129138946533, 'id': 17}, {'box': [105.56977081298828, 637.6053466796875, 138.91441345214844, 257.41021728515625], 'conf': 0.80299026, 'label_id': 'person', 'sub_labels': 'other', 'sub_labels_conf': 0.9754158854484558, 'id': 7}, {'box': [933.0791015625, 133.82070922851562, 38.64617919921875, 97.3344497680664], 'conf': 0.37543273, 'label_id': 'person', 'sub_labels': 'not_human', 'sub_labels_conf': 0.8864710330963135, 'id': 18}, {'box': [322.31317138671875, 548.39208984375, 115.00973510742188, 223.92266845703125], 'conf': 0.7878485, 'label_id': 'person', 'sub_labels': 'other', 'sub_labels_conf': 0.9996415376663208, 'id': 5}, {'box': [396.1834716796875, 401.64691162109375, 78.73898315429688, 114.05520629882812], 'conf': 0.7484836, 'label_id': 'person', 'sub_labels': 'other', 'sub_labels_conf': 0.9222515225410461, 'id': 20}, {'box': [348.43621826171875, 726.5479736328125, 154.65585327148438, 265.7239990234375], 'conf': 0.79986954, 'label_id': 'person', 'sub_labels': 'other', 'sub_labels_conf': 0.9175868034362793, 'id': 19}, {'box': [499.7718505859375, 514.8211059570312, 121.71798706054688, 315.5899658203125], 'conf': 0.76939625, 'label_id': 'person', 'sub_labels': 'other', 'sub_labels_conf': 0.9355443716049194, 'id': 8}]"
255,2024/5/22 Wednesday 0:0:10,"[{'box': [246.64212036132812, 529.3497924804688, 96.04010009765625, 227.635498046875], 'conf': 0.73933077, 'label_id': 'person', 'sub_labels': 'other', 'sub_labels_conf': 0.9999725818634033, 'id': 2}, {'box': [920.128173828125, 177.08401489257812, 52.73187255859375, 139.8317413330078], 'conf': 0.69882274, 'label_id': 'person', 'sub_labels': 'other', 'sub_labels_conf': 0.9768660068511963, 'id': 4}, {'box': [195.79400634765625, 558.2633056640625, 129.50494384765625, 240.79782104492188], 'conf': 0.7234503, 'label_id': 'person', 'sub_labels': 'other', 'sub_labels_conf': 0.989497184753418, 'id': 9}, {'box': [1193.1064453125, 381.5276794433594, 94.1591796875, 238.5189208984375], 'conf': 0.8265536, 'label_id': 'person', 'sub_labels': 'other', 'sub_labels_conf': 0.9841061234474182, 'id': 11}, {'box': [825.4500732421875, 749.3272094726562, 168.95037841796875, 325.7408447265625], 'conf': 0.8925391, 'label_id': 'person', 'sub_labels': 'other', 'sub_labels_conf': 0.8997172117233276, 'id': 12}, {'box': [1706.9072265625, 407.2106018066406, 65.1549072265625, 221.08258056640625], 'conf': 0.6644125, 'label_id': 'person', 'sub_labels': 'not_human', 'sub_labels_conf': 0.6964250802993774, 'id': 16}, {'box': [1201.989990234375, 251.654052734375, 76.7249755859375, 97.53651428222656], 'conf': 0.7248222, 'label_id': 'person', 'sub_labels': 'other', 'sub_labels_conf': 0.9634665846824646, 'id': 6}, {'box': [1614.0076904296875, 359.79058837890625, 100.87548828125, 187.40008544921875], 'conf': 0.7529125, 'label_id': 'person', 'sub_labels': 'other', 'sub_labels_conf': 0.9982074499130249, 'id': 15}, {'box': [1020.4584350585938, 171.21095275878906, 63.5762939453125, 145.0538330078125], 'conf': 0.81615704, 'label_id': 'person', 'sub_labels': 'other', 'sub_labels_conf': 0.993411123752594, 'id': 17}, {'box': [106.8082046508789, 637.7811279296875, 138.77101135253906, 257.12969970703125], 'conf': 0.7994486, 'label_id': 'person', 'sub_labels': 'other', 'sub_labels_conf': 0.987398624420166, 'id': 7}, {'box': [934.0057373046875, 134.82989501953125, 36.11541748046875, 100.95195007324219], 'conf': 0.40180218, 'label_id': 'person', 'sub_labels': 'not_human', 'sub_labels_conf': 0.8517062067985535, 'id': 18}, {'box': [321.431396484375, 545.246826171875, 110.29983520507812, 218.43951416015625], 'conf': 0.753174, 'label_id': 'person', 'sub_labels': 'other', 'sub_labels_conf': 0.9971964359283447, 'id': 5}, {'box': [395.990478515625, 401.2879333496094, 78.7105712890625, 114.54949951171875], 'conf': 0.74485993, 'label_id': 'person', 'sub_labels': 'other', 'sub_labels_conf': 0.9797050356864929, 'id': 20}, {'box': [351.13018798828125, 723.8135986328125, 150.22653198242188, 270.4998779296875], 'conf': 0.83854574, 'label_id': 'person', 'sub_labels': 'other', 'sub_labels_conf': 0.9765051603317261, 'id': 19}, {'box': [500.30474853515625, 512.40283203125, 122.4686279296875, 317.6225891113281], 'conf': 0.7861652, 'label_id': 'person', 'sub_labels': 'other', 'sub_labels_conf': 0.9417977929115295, 'id': 8}]"
256,2024/5/22 Wednesday 0:0:10,"[{'box': [246.34933471679688, 538.2490234375, 95.38426208496094, 245.83892822265625], 'conf': 0.77464074, 'label_id': 'person', 'sub_labels': 'other', 'sub_labels_conf': 0.999932050704956, 'id': 2}, {'box': [920.1854248046875, 176.6451873779297, 52.13427734375, 140.735107421875], 'conf': 0.6998049, 'label_id': 'person', 'sub_labels': 'other', 'sub_labels_conf': 0.971761167049408, 'id': 4}, {'box': [196.99964904785156, 558.46337890625, 131.85263061523438, 238.9549560546875], 'conf': 0.7217737, 'label_id': 'person', 'sub_labels': 'other', 'sub_labels_conf': 0.9909569621086121, 'id': 9}, {'box': [1193.0601806640625, 381.9044189453125, 94.2080078125, 237.99810791015625], 'conf': 0.8241782, 'label_id': 'person', 'sub_labels': 'other', 'sub_labels_conf': 0.9856480360031128, 'id': 11}, {'box': [837.4166259765625, 750.396728515625, 172.1766357421875, 322.0887451171875], 'conf': 0.890691, 'label_id': 'person', 'sub_labels': 'other', 'sub_labels_conf': 0.9725058674812317, 'id': 12}, {'box': [1706.9132080078125, 406.9680480957031, 66.80859375, 221.95465087890625], 'conf': 0.6685343, 'label_id': 'person', 'sub_labels': 'other', 'sub_labels_conf': 0.5326032042503357, 'id': 16}, {'box': [1201.8218994140625, 251.35675048828125, 76.862548828125, 97.18492126464844], 'conf': 0.7141558, 'label_id': 'person', 'sub_labels': 'other', 'sub_labels_conf': 0.9544696807861328, 'id': 6}, {'box': [1614.3216552734375, 360.4681396484375, 102.98681640625, 188.01290893554688], 'conf': 0.7349624, 'label_id': 'person', 'sub_labels': 'other', 'sub_labels_conf': 0.9967160224914551, 'id': 15}, {'box': [1021.235107421875, 170.39776611328125, 64.49169921875, 144.429931640625], 'conf': 0.820576, 'label_id': 'person', 'sub_labels': 'other', 'sub_labels_conf': 0.9989792108535767, 'id': 17}, {'box': [106.7897720336914, 638.5431518554688, 138.8509979248047, 255.41683959960938], 'conf': 0.78530675, 'label_id': 'person', 'sub_labels': 'other', 'sub_labels_conf': 0.9929302334785461, 'id': 7}, {'box': [934.1985473632812, 132.3712158203125, 35.2208251953125, 97.84949493408203], 'conf': 0.37482476, 'label_id': 'person', 'sub_labels': 'not_human', 'sub_labels_conf': 0.8841710090637207, 'id': 18}, {'box': [319.7930908203125, 541.1090087890625, 107.01925659179688, 212.31008911132812], 'conf': 0.74376047, 'label_id': 'person', 'sub_labels': 'other', 'sub_labels_conf': 0.9995319843292236, 'id': 5}, {'box': [396.25347900390625, 401.2310791015625, 78.13992309570312, 114.86141967773438], 'conf': 0.7514331, 'label_id': 'person', 'sub_labels': 'other', 'sub_labels_conf': 0.9761124849319458, 'id': 20}, {'box': [354.74200439453125, 728.9915771484375, 145.00247192382812, 259.25140380859375], 'conf': 0.72882426, 'label_id': 'person', 'sub_labels': 'other', 'sub_labels_conf': 0.9936181306838989, 'id': 19}, {'box': [500.12066650390625, 511.04852294921875, 121.95584106445312, 317.0272521972656], 'conf': 0.79972637, 'label_id': 'person', 'sub_labels': 'other', 'sub_labels_conf': 0.962691068649292, 'id': 8}]"
257,2024/5/22 Wednesday 0:0:10,"[{'box': [248.17626953125, 544.7314453125, 99.08726501464844, 259.2741394042969], 'conf': 0.8096226, 'label_id': 'person', 'sub_labels': 'other', 'sub_labels_conf': 0.9999369382858276, 'id': 2}, {'box': [921.8869018554688, 169.76925659179688, 53.6573486328125, 152.99972534179688], 'conf': 0.69896626, 'label_id': 'person', 'sub_labels': 'other', 'sub_labels_conf': 0.9926726222038269, 'id': 4}, {'box': [196.033935546875, 558.5052490234375, 129.7048797607422, 238.24691772460938], 'conf': 0.7263463, 'label_id': 'person', 'sub_labels': 'other', 'sub_labels_conf': 0.9966940879821777, 'id': 9}, {'box': [1193.027099609375, 383.528564453125, 94.4974365234375, 235.77261352539062], 'conf': 0.8243748, 'label_id': 'person', 'sub_labels': 'other', 'sub_labels_conf': 0.9906489253044128, 'id': 11}, {'box': [846.2871704101562, 751.338623046875, 174.8902587890625, 322.961181640625], 'conf': 0.901272, 'label_id': 'person', 'sub_labels': 'other', 'sub_labels_conf': 0.9912240505218506, 'id': 12}, {'box': [1706.783203125, 407.34881591796875, 65.8941650390625, 221.2117919921875], 'conf': 0.6881688, 'label_id': 'person', 'sub_labels': 'not_human', 'sub_labels_conf': 0.7002995610237122, 'id': 16}, {'box': [1201.0084228515625, 251.423095703125, 78.091796875, 97.93443298339844], 'conf': 0.7270546, 'label_id': 'person', 'sub_labels': 'other', 'sub_labels_conf': 0.9622610807418823, 'id': 6}, {'box': [1614.5638427734375, 360.5428161621094, 103.690185546875, 187.77001953125], 'conf': 0.72111845, 'label_id': 'person', 'sub_labels': 'other', 'sub_labels_conf': 0.9960552453994751, 'id': 15}, {'box': [1020.9852905273438, 169.80589294433594, 65.6429443359375, 144.16946411132812], 'conf': 0.81265604, 'label_id': 'person', 'sub_labels': 'other', 'sub_labels_conf': 0.9981132745742798, 'id': 17}, {'box': [104.54935455322266, 638.77685546875, 143.5465545654297, 255.03509521484375], 'conf': 0.7735486, 'label_id': 'person', 'sub_labels': 'other', 'sub_labels_conf': 0.9632192254066467, 'id': 7}, {'box': [932.74658203125, 130.69830322265625, 37.7789306640625, 97.30924987792969], 'conf': 0.19518857, 'label_id': 'person', 'sub_labels': 'not_human', 'sub_labels_conf': 0.8914316296577454, 'id': 18}, {'box': [318.507080078125, 538.0191040039062, 103.49929809570312, 205.4300537109375], 'conf': 0.7410884, 'label_id': 'person', 'sub_labels': 'other', 'sub_labels_conf': 0.9999343156814575, 'id': 5}, {'box': [396.5118103027344, 401.21832275390625, 77.88836669921875, 114.97421264648438], 'conf': 0.75119793, 'label_id': 'person', 'sub_labels': 'other', 'sub_labels_conf': 0.9898960590362549, 'id': 20}, {'box': [360.95068359375, 737.6376953125, 143.9862060546875, 241.0001220703125], 'conf': 0.6980081, 'label_id': 'person', 'sub_labels': 'other', 'sub_labels_conf': 0.9331339001655579, 'id': 19}, {'box': [500.53155517578125, 510.76788330078125, 122.73129272460938, 316.8222961425781], 'conf': 0.79615694, 'label_id': 'person', 'sub_labels': 'other', 'sub_labels_conf': 0.9120403528213501, 'id': 8}]"
258,2024/5/22 Wednesday 0:0:10,"[{'box': [250.30865478515625, 547.9933471679688, 103.68638610839844, 265.57177734375], 'conf': 0.8117034, 'label_id': 'person', 'sub_labels': 'other', 'sub_labels_conf': 0.9998981952667236, 'id': 2}, {'box': [922.74755859375, 165.27342224121094, 55.0164794921875, 156.11105346679688], 'conf': 0.7242095, 'label_id': 'person', 'sub_labels': 'other', 'sub_labels_conf': 0.9951295852661133, 'id': 4}, {'box': [191.30865478515625, 558.6429443359375, 119.79161071777344, 237.90594482421875], 'conf': 0.7190441, 'label_id': 'person', 'sub_labels': 'other', 'sub_labels_conf': 0.9868881106376648, 'id': 9}, {'box': [1193.084228515625, 384.30841064453125, 94.6417236328125, 234.49838256835938], 'conf': 0.8318479, 'label_id': 'person', 'sub_labels': 'other', 'sub_labels_conf': 0.9737300872802734, 'id': 11}, {'box': [854.2041015625, 751.3328857421875, 172.31793212890625, 326.00616455078125], 'conf': 0.8957805, 'label_id': 'person', 'sub_labels': 'other', 'sub_labels_conf': 0.9897441267967224, 'id': 12}, {'box': [1706.69580078125, 407.05242919921875, 67.2427978515625, 221.88552856445312], 'conf': 0.6861161, 'label_id': 'person', 'sub_labels': 'not_human', 'sub_labels_conf': 0.4979538917541504, 'id': 16}, {'box': [1200.579833984375, 251.27902221679688, 78.4388427734375, 98.0384521484375], 'conf': 0.7499388, 'label_id': 'person', 'sub_labels': 'other', 'sub_labels_conf': 0.9835077524185181, 'id': 6}, {'box': [1615.080078125, 360.2216796875, 105.0787353515625, 186.84384155273438], 'conf': 0.6705867, 'label_id': 'person', 'sub_labels': 'other', 'sub_labels_conf': 0.9966018199920654, 'id': 15}, {'box': [1021.0306396484375, 170.16012573242188, 62.81866455078125, 141.9781951904297], 'conf': 0.75035465, 'label_id': 'person', 'sub_labels': 'other', 'sub_labels_conf': 0.996483564376831, 'id': 17}, {'box': [97.13427734375, 639.4847412109375, 159.13748168945312, 255.0233154296875], 'conf': 0.8013904, 'label_id': 'person', 'sub_labels': 'other', 'sub_labels_conf': 0.9738360047340393, 'id': 7}, {'box': [933.9495849609375, 131.92318725585938, 35.64788818359375, 97.92546081542969], 'conf': 0.13474622, 'label_id': 'person', 'sub_labels': 'not_human', 'sub_labels_conf': 0.8456213474273682, 'id': 18}, {'box': [317.73358154296875, 537.2014770507812, 101.47726440429688, 204.25924682617188], 'conf': 0.7072271, 'label_id': 'person', 'sub_labels': 'other', 'sub_labels_conf': 0.9997667670249939, 'id': 5}, {'box': [396.48736572265625, 401.19122314453125, 77.93353271484375, 114.93765258789062], 'conf': 0.7518963, 'label_id': 'person', 'sub_labels': 'other', 'sub_labels_conf': 0.9892132878303528, 'id': 20}, {'box': [372.1224670410156, 729.4119873046875, 152.87109375, 258.41656494140625], 'conf': 0.7664825, 'label_id': 'person', 'sub_labels': 'other', 'sub_labels_conf': 0.8558965921401978, 'id': 19}, {'box': [500.4779052734375, 510.88421630859375, 122.4490966796875, 318.1717529296875], 'conf': 0.79846257, 'label_id': 'person', 'sub_labels': 'other', 'sub_labels_conf': 0.9243762493133545, 'id': 8}]"
259,2024/5/22 Wednesday 0:0:10,"[{'box': [251.71551513671875, 549.8892211914062, 107.45304870605469, 268.9212341308594], 'conf': 0.82339996, 'label_id': 'person', 'sub_labels': 'other', 'sub_labels_conf': 0.9998193383216858, 'id': 2}, {'box': [922.9312133789062, 161.63392639160156, 55.06396484375, 152.87179565429688], 'conf': 0.7097136, 'label_id': 'person', 'sub_labels': 'other', 'sub_labels_conf': 0.9930919408798218, 'id': 4}, {'box': [184.650390625, 558.1180419921875, 103.97908020019531, 237.07443237304688], 'conf': 0.7321848, 'label_id': 'person', 'sub_labels': 'other', 'sub_labels_conf': 0.9032025933265686, 'id': 9}, {'box': [1193.194091796875, 385.0787353515625, 94.5059814453125, 232.73464965820312], 'conf': 0.83312935, 'label_id': 'person', 'sub_labels': 'other', 'sub_labels_conf': 0.9950113296508789, 'id': 11}, {'box': [862.0799560546875, 753.9371337890625, 162.59454345703125, 322.9820556640625], 'conf': 0.88825184, 'label_id': 'person', 'sub_labels': 'other', 'sub_labels_conf': 0.9801768064498901, 'id': 12}, {'box': [1706.68359375, 406.93365478515625, 67.799560546875, 222.100830078125], 'conf': 0.68175256, 'label_id': 'person', 'sub_labels': 'other', 'sub_labels_conf': 0.5361590385437012, 'id': 16}, {'box': [1200.3009033203125, 250.92742919921875, 78.6689453125, 97.97041320800781], 'conf': 0.7649223, 'label_id': 'person', 'sub_labels': 'other', 'sub_labels_conf': 0.9727686047554016, 'id': 6}, {'box': [1620.44384765625, 359.55828857421875, 109.0953369140625, 187.222412109375], 'conf': 0.6346676, 'label_id': 'person', 'sub_labels': 'other', 'sub_labels_conf': 0.9988093376159668, 'id': 15}, {'box': [1021.3369140625, 170.2444610595703, 61.03082275390625, 140.71896362304688], 'conf': 0.7407904, 'label_id': 'person', 'sub_labels': 'other', 'sub_labels_conf': 0.9972111582756042, 'id': 17}, {'box': [94.06873321533203, 639.2774658203125, 165.6619415283203, 255.11199951171875], 'conf': 0.8188596, 'label_id': 'person', 'sub_labels': 'other', 'sub_labels_conf': 0.9600597023963928, 'id': 7}, {'box': [934.0144653320312, 135.69943237304688, 37.013916015625, 109.38134765625], 'conf': 0.20425422, 'label_id': 'person', 'sub_labels': 'not_human', 'sub_labels_conf': 0.919678270816803, 'id': 18}, {'box': [312.65106201171875, 535.565185546875, 93.80191040039062, 201.65338134765625], 'conf': 0.6868829, 'label_id': 'person', 'sub_labels': 'other', 'sub_labels_conf': 0.9999334812164307, 'id': 5}, {'box': [396.27679443359375, 401.1448059082031, 78.28396606445312, 114.86016845703125], 'conf': 0.75665915, 'label_id': 'person', 'sub_labels': 'other', 'sub_labels_conf': 0.9690621495246887, 'id': 20}, {'box': [380.027587890625, 722.7808837890625, 161.16769409179688, 270.3316650390625], 'conf': 0.8549702, 'label_id': 'person', 'sub_labels': 'other', 'sub_labels_conf': 0.7490541934967041, 'id': 19}, {'box': [500.04681396484375, 511.5337829589844, 121.45068359375, 319.25164794921875], 'conf': 0.8028467, 'label_id': 'person', 'sub_labels': 'other', 'sub_labels_conf': 0.961666464805603, 'id': 8}]"
260,2024/5/22 Wednesday 0:0:10,"[{'box': [254.6130828857422, 551.894775390625, 113.95944213867188, 272.1747741699219], 'conf': 0.8313204, 'label_id': 'person', 'sub_labels': 'other', 'sub_labels_conf': 0.9998923540115356, 'id': 2}, {'box': [923.26708984375, 159.17396545410156, 55.65509033203125, 154.00177001953125], 'conf': 0.7534741, 'label_id': 'person', 'sub_labels': 'other', 'sub_labels_conf': 0.9948205947875977, 'id': 4}, {'box': [182.365966796875, 557.87158203125, 98.42034912109375, 236.67431640625], 'conf': 0.735197, 'label_id': 'person', 'sub_labels': 'other', 'sub_labels_conf': 0.8935728073120117, 'id': 9}, {'box': [1193.205810546875, 383.81475830078125, 94.8236083984375, 234.63528442382812], 'conf': 0.83496684, 'label_id': 'person', 'sub_labels': 'other', 'sub_labels_conf': 0.987141489982605, 'id': 11}, {'box': [868.074462890625, 754.97607421875, 149.63665771484375, 320.2637939453125], 'conf': 0.8562816, 'label_id': 'person', 'sub_labels': 'other', 'sub_labels_conf': 0.9297316670417786, 'id': 12}, {'box': [1706.69873046875, 406.9203796386719, 68.1077880859375, 222.08453369140625], 'conf': 0.67675745, 'label_id': 'person', 'sub_labels': 'other', 'sub_labels_conf': 0.5904092192649841, 'id': 16}, {'box': [1199.884521484375, 250.3577880859375, 78.3125, 97.80690002441406], 'conf': 0.7646081, 'label_id': 'person', 'sub_labels': 'other', 'sub_labels_conf': 0.9851786494255066, 'id': 6}, {'box': [1624.6903076171875, 358.50665283203125, 115.64892578125, 185.65582275390625], 'conf': 0.58513075, 'label_id': 'person', 'sub_labels': 'other', 'sub_labels_conf': 0.9948738217353821, 'id': 15}, {'box': [1021.7813720703125, 170.14599609375, 57.80303955078125, 140.71038818359375], 'conf': 0.7179795, 'label_id': 'person', 'sub_labels': 'other', 'sub_labels_conf': 0.9990578293800354, 'id': 17}, {'box': [93.52979278564453, 639.8491821289062, 166.9641876220703, 255.1656494140625], 'conf': 0.80052584, 'label_id': 'person', 'sub_labels': 'other', 'sub_labels_conf': 0.9585490822792053, 'id': 7}, {'box': [932.9911499023438, 131.71347045898438, 39.3443603515625, 104.11550903320312], 'conf': 0.13915613, 'label_id': 'person', 'sub_labels': 'not_human', 'sub_labels_conf': 0.8877712488174438, 'id': 18}, {'box': [310.081298828125, 536.268798828125, 87.99026489257812, 202.27090454101562], 'conf': 0.7044338, 'label_id': 'person', 'sub_labels': 'other', 'sub_labels_conf': 0.999862790107727, 'id': 5}, {'box': [395.9944763183594, 401.1933288574219, 78.764892578125, 114.9432373046875], 'conf': 0.75808626, 'label_id': 'person', 'sub_labels': 'other', 'sub_labels_conf': 0.9829615950584412, 'id': 20}, {'box': [393.25799560546875, 717.5023803710938, 179.78756713867188, 280.5924072265625], 'conf': 0.87791294, 'label_id': 'person', 'sub_labels': 'other', 'sub_labels_conf': 0.7006716132164001, 'id': 19}, {'box': [499.8218688964844, 512.3121948242188, 120.71978759765625, 318.9384460449219], 'conf': 0.8088405, 'label_id': 'person', 'sub_labels': 'other', 'sub_labels_conf': 0.9431498646736145, 'id': 8}]"
261,2024/5/22 Wednesday 0:0:10,"[{'box': [256.4178466796875, 553.0149536132812, 117.95014953613281, 273.5213623046875], 'conf': 0.8277718, 'label_id': 'person', 'sub_labels': 'other', 'sub_labels_conf': 0.9998683929443359, 'id': 2}, {'box': [922.974853515625, 160.19688415527344, 54.6282958984375, 148.483642578125], 'conf': 0.72703093, 'label_id': 'person', 'sub_labels': 'other', 'sub_labels_conf': 0.9962459206581116, 'id': 4}, {'box': [181.34849548339844, 557.7706298828125, 96.35733032226562, 236.89422607421875], 'conf': 0.75355446, 'label_id': 'person', 'sub_labels': 'other', 'sub_labels_conf': 0.8954117894172668, 'id': 9}, {'box': [1193.209228515625, 383.79180908203125, 95.452880859375, 234.73019409179688], 'conf': 0.8326329, 'label_id': 'person', 'sub_labels': 'other', 'sub_labels_conf': 0.9910305738449097, 'id': 11}, {'box': [874.5389404296875, 758.4984130859375, 132.43621826171875, 314.578125], 'conf': 0.8602144, 'label_id': 'person', 'sub_labels': 'other', 'sub_labels_conf': 0.9641340970993042, 'id': 12}, {'box': [1706.8037109375, 406.6680908203125, 68.0137939453125, 222.57058715820312], 'conf': 0.6740981, 'label_id': 'person', 'sub_labels': 'other', 'sub_labels_conf': 0.5748673677444458, 'id': 16}, {'box': [1199.38623046875, 250.08193969726562, 77.774169921875, 97.53959655761719], 'conf': 0.76689905, 'label_id': 'person', 'sub_labels': 'other', 'sub_labels_conf': 0.9888513684272766, 'id': 6}, {'box': [1629.1402587890625, 357.4556884765625, 122.711181640625, 183.6602783203125], 'conf': 0.6079437, 'label_id': 'person', 'sub_labels': 'other', 'sub_labels_conf': 0.9943220615386963, 'id': 15}, {'box': [1022.5042724609375, 170.28904724121094, 57.72894287109375, 139.953125], 'conf': 0.7121413, 'label_id': 'person', 'sub_labels': 'other', 'sub_labels_conf': 0.9990835189819336, 'id': 17}, {'box': [93.84148406982422, 639.9769287109375, 165.6011505126953, 255.43145751953125], 'conf': 0.7824037, 'label_id': 'person', 'sub_labels': 'other', 'sub_labels_conf': 0.9632666110992432, 'id': 7}, {'box': [932.8544921875, 128.61599731445312, 39.63446044921875, 98.74275207519531], 'conf': 0.23446159, 'label_id': 'person', 'sub_labels': 'not_human', 'sub_labels_conf': 0.7264431715011597, 'id': 18}, {'box': [308.17694091796875, 544.8592529296875, 85.63272094726562, 219.28863525390625], 'conf': 0.7090982, 'label_id': 'person', 'sub_labels': 'other', 'sub_labels_conf': 0.9998739957809448, 'id': 5}, {'box': [395.984375, 401.07373046875, 78.62646484375, 114.99215698242188], 'conf': 0.75679916, 'label_id': 'person', 'sub_labels': 'other', 'sub_labels_conf': 0.9815419316291809, 'id': 20}, {'box': [404.9381103515625, 716.3621826171875, 184.93087768554688, 282.42767333984375], 'conf': 0.89696705, 'label_id': 'person', 'sub_labels': 'other', 'sub_labels_conf': 0.5824944376945496, 'id': 19}, {'box': [499.8155517578125, 512.9327392578125, 120.70346069335938, 318.34356689453125], 'conf': 0.8143144, 'label_id': 'person', 'sub_labels': 'other', 'sub_labels_conf': 0.9446148872375488, 'id': 8}]"
262,2024/5/22 Wednesday 0:0:10,"[{'box': [259.15130615234375, 555.1910400390625, 123.48178100585938, 273.0986633300781], 'conf': 0.82266766, 'label_id': 'person', 'sub_labels': 'other', 'sub_labels_conf': 0.9999659061431885, 'id': 2}, {'box': [923.2672119140625, 159.1223907470703, 54.02874755859375, 147.44573974609375], 'conf': 0.72962606, 'label_id': 'person', 'sub_labels': 'other', 'sub_labels_conf': 0.966655433177948, 'id': 4}, {'box': [180.74737548828125, 557.6021728515625, 95.24050903320312, 236.63507080078125], 'conf': 0.75297177, 'label_id': 'person', 'sub_labels': 'other', 'sub_labels_conf': 0.8835094571113586, 'id': 9}, {'box': [1192.612060546875, 383.35693359375, 95.5150146484375, 236.83340454101562], 'conf': 0.8391627, 'label_id': 'person', 'sub_labels': 'other', 'sub_labels_conf': 0.9988873600959778, 'id': 11}, {'box': [883.4056396484375, 758.5601806640625, 121.45526123046875, 313.43768310546875], 'conf': 0.86947846, 'label_id': 'person', 'sub_labels': 'other', 'sub_labels_conf': 0.9469094276428223, 'id': 12}, {'box': [1706.74755859375, 406.8084411621094, 67.8350830078125, 222.25482177734375], 'conf': 0.67196625, 'label_id': 'person', 'sub_labels': 'not_human', 'sub_labels_conf': 0.4942364990711212, 'id': 16}, {'box': [1199.0557861328125, 249.06640625, 77.279541015625, 95.76930236816406], 'conf': 0.74631184, 'label_id': 'person', 'sub_labels': 'other', 'sub_labels_conf': 0.9876356720924377, 'id': 6}, {'box': [1629.5390625, 357.07696533203125, 122.09716796875, 183.06588745117188], 'conf': 0.58856815, 'label_id': 'person', 'sub_labels': 'other', 'sub_labels_conf': 0.9930834770202637, 'id': 15}, {'box': [1023.4635009765625, 169.8720703125, 59.06298828125, 141.56153869628906], 'conf': 0.7248446, 'label_id': 'person', 'sub_labels': 'other', 'sub_labels_conf': 0.9996376037597656, 'id': 17}, {'box': [93.21739196777344, 640.35107421875, 166.95278930664062, 255.08843994140625], 'conf': 0.783063, 'label_id': 'person', 'sub_labels': 'other', 'sub_labels_conf': 0.93143230676651, 'id': 7}, {'box': [934.6036376953125, 129.91976928710938, 37.80523681640625, 99.50401306152344], 'conf': 0.1524299, 'label_id': 'person', 'sub_labels': 'not_human', 'sub_labels_conf': 0.9213504195213318, 'id': 18}, {'box': [307.65625, 547.665771484375, 84.92837524414062, 225.70718383789062], 'conf': 0.7632828, 'label_id': 'person', 'sub_labels': 'other', 'sub_labels_conf': 0.999906063079834, 'id': 5}, {'box': [395.7550048828125, 401.00439453125, 78.9327392578125, 115.06497192382812], 'conf': 0.7582137, 'label_id': 'person', 'sub_labels': 'other', 'sub_labels_conf': 0.9447708129882812, 'id': 20}, {'box': [413.03863525390625, 715.76318359375, 191.51412963867188, 283.30230712890625], 'conf': 0.8881077, 'label_id': 'person', 'sub_labels': 'other', 'sub_labels_conf': 0.6487051844596863, 'id': 19}, {'box': [499.726806640625, 514.135009765625, 120.32485961914062, 317.58905029296875], 'conf': 0.8133813, 'label_id': 'person', 'sub_labels': 'other', 'sub_labels_conf': 0.9719939231872559, 'id': 8}]"
263,2024/5/22 Wednesday 0:0:10,"[{'box': [261.6667175292969, 555.7644653320312, 128.5516357421875, 274.67236328125], 'conf': 0.8045659, 'label_id': 'person', 'sub_labels': 'other', 'sub_labels_conf': 0.9999642372131348, 'id': 2}, {'box': [924.6403198242188, 156.24444580078125, 56.410888671875, 149.62210083007812], 'conf': 0.7898674, 'label_id': 'person', 'sub_labels': 'other', 'sub_labels_conf': 0.848655104637146, 'id': 4}, {'box': [180.37130737304688, 557.5785522460938, 94.00752258300781, 235.97549438476562], 'conf': 0.7205664, 'label_id': 'person', 'sub_labels': 'other', 'sub_labels_conf': 0.8916543126106262, 'id': 9}, {'box': [1192.331298828125, 383.4854736328125, 95.4122314453125, 236.77960205078125], 'conf': 0.83676004, 'label_id': 'person', 'sub_labels': 'other', 'sub_labels_conf': 0.999134361743927, 'id': 11}, {'box': [892.3232421875, 757.4825439453125, 128.15618896484375, 313.8209228515625], 'conf': 0.86565, 'label_id': 'person', 'sub_labels': 'other', 'sub_labels_conf': 0.9931386113166809, 'id': 12}, {'box': [1706.625732421875, 407.095458984375, 67.5147705078125, 221.67147827148438], 'conf': 0.6720327, 'label_id': 'person', 'sub_labels': 'not_human', 'sub_labels_conf': 0.5429853796958923, 'id': 16}, {'box': [1198.907470703125, 248.32745361328125, 76.8267822265625, 94.61445617675781], 'conf': 0.75586665, 'label_id': 'person', 'sub_labels': 'other', 'sub_labels_conf': 0.9922927618026733, 'id': 6}, {'box': [1629.51611328125, 356.88861083984375, 121.4830322265625, 183.01153564453125], 'conf': 0.5945468, 'label_id': 'person', 'sub_labels': 'other', 'sub_labels_conf': 0.9969956874847412, 'id': 15}, {'box': [1024.0692138671875, 169.68626403808594, 59.83892822265625, 142.1414794921875], 'conf': 0.72564995, 'label_id': 'person', 'sub_labels': 'other', 'sub_labels_conf': 0.9990938901901245, 'id': 17}, {'box': [95.07730102539062, 640.6485595703125, 163.66677856445312, 254.91937255859375], 'conf': 0.7608854, 'label_id': 'person', 'sub_labels': 'other', 'sub_labels_conf': 0.9050899147987366, 'id': 7}, {'box': [935.444580078125, 130.92111206054688, 38.64154052734375, 103.04956817626953], 'conf': 0.13130105, 'label_id': 'person', 'sub_labels': 'not_human', 'sub_labels_conf': 0.9270118474960327, 'id': 18}, {'box': [307.636474609375, 549.4012451171875, 84.75222778320312, 228.91619873046875], 'conf': 0.7639944, 'label_id': 'person', 'sub_labels': 'other', 'sub_labels_conf': 0.9998237490653992, 'id': 5}, {'box': [395.606689453125, 400.9228210449219, 79.34292602539062, 114.9932861328125], 'conf': 0.75484574, 'label_id': 'person', 'sub_labels': 'other', 'sub_labels_conf': 0.9820298552513123, 'id': 20}, {'box': [420.77447509765625, 715.2365112304688, 191.95718383789062, 284.97900390625], 'conf': 0.90330523, 'label_id': 'person', 'sub_labels': 'cashier', 'sub_labels_conf': 0.5706461668014526, 'id': 19}, {'box': [499.71087646484375, 513.777099609375, 119.91244506835938, 316.1668701171875], 'conf': 0.82039005, 'label_id': 'person', 'sub_labels': 'other', 'sub_labels_conf': 0.9722322225570679, 'id': 8}, {'box': [684.7091064453125, 348.994384765625, 20.91070556640625, 68.55307006835938], 'conf': 0.6004022, 'label_id': 'bottle', 'sub_labels': 'not_human', 'sub_labels_conf': 0.9314162135124207, 'id': 22}]"
264,2024/5/22 Wednesday 0:0:10,"[{'box': [262.55218505859375, 555.6887817382812, 130.13209533691406, 275.8292236328125], 'conf': 0.8012862, 'label_id': 'person', 'sub_labels': 'other', 'sub_labels_conf': 0.9999873638153076, 'id': 2}, {'box': [925.6673583984375, 155.16622924804688, 57.555419921875, 150.4359130859375], 'conf': 0.7795838, 'label_id': 'person', 'sub_labels': 'other', 'sub_labels_conf': 0.8448392152786255, 'id': 4}, {'box': [180.89584350585938, 558.0662841796875, 96.76797485351562, 235.90936279296875], 'conf': 0.72281915, 'label_id': 'person', 'sub_labels': 'other', 'sub_labels_conf': 0.9068863391876221, 'id': 9}, {'box': [1192.102294921875, 383.3518981933594, 95.1787109375, 236.572021484375], 'conf': 0.8398271, 'label_id': 'person', 'sub_labels': 'other', 'sub_labels_conf': 0.9994397759437561, 'id': 11}, {'box': [902.0816650390625, 755.14111328125, 135.39422607421875, 319.14678955078125], 'conf': 0.8978135, 'label_id': 'person', 'sub_labels': 'other', 'sub_labels_conf': 0.933670163154602, 'id': 12}, {'box': [1706.443359375, 407.2113952636719, 67.1898193359375, 221.46038818359375], 'conf': 0.6691862, 'label_id': 'person', 'sub_labels': 'not_human', 'sub_labels_conf': 0.4729669392108917, 'id': 16}, {'box': [1198.8670654296875, 247.8278350830078, 76.631103515625, 93.57919311523438], 'conf': 0.7535268, 'label_id': 'person', 'sub_labels': 'other', 'sub_labels_conf': 0.9857662916183472, 'id': 6}, {'box': [1630.4593505859375, 357.1190185546875, 123.560791015625, 183.50125122070312], 'conf': 0.6074343, 'label_id': 'person', 'sub_labels': 'other', 'sub_labels_conf': 0.9957045912742615, 'id': 15}, {'box': [1024.546142578125, 169.5660400390625, 59.38568115234375, 141.7245635986328], 'conf': 0.71764547, 'label_id': 'person', 'sub_labels': 'other', 'sub_labels_conf': 0.998400866985321, 'id': 17}, {'box': [98.72528839111328, 638.78662109375, 155.4800567626953, 255.45574951171875], 'conf': 0.7565906, 'label_id': 'person', 'sub_labels': 'other', 'sub_labels_conf': 0.9789246320724487, 'id': 7}, {'box': [936.3744506835938, 129.9007110595703, 38.45458984375, 101.42064666748047], 'conf': 0.13631158, 'label_id': 'person', 'sub_labels': 'not_human', 'sub_labels_conf': 0.8804182410240173, 'id': 18}, {'box': [308.59075927734375, 551.1317749023438, 87.04287719726562, 232.36642456054688], 'conf': 0.75916624, 'label_id': 'person', 'sub_labels': 'other', 'sub_labels_conf': 0.9999251365661621, 'id': 5}, {'box': [395.3150634765625, 400.91131591796875, 79.94039916992188, 114.662841796875], 'conf': 0.74632454, 'label_id': 'person', 'sub_labels': 'other', 'sub_labels_conf': 0.9805048108100891, 'id': 20}, {'box': [427.13592529296875, 713.9998779296875, 187.14151000976562, 288.63128662109375], 'conf': 0.8946626, 'label_id': 'person', 'sub_labels': 'other', 'sub_labels_conf': 0.6412301659584045, 'id': 19}, {'box': [499.5183410644531, 512.993896484375, 119.50946044921875, 314.75616455078125], 'conf': 0.8232607, 'label_id': 'person', 'sub_labels': 'other', 'sub_labels_conf': 0.9672475457191467, 'id': 8}, {'box': [684.7236328125, 349.025146484375, 20.89337158203125, 68.49484252929688], 'conf': 0.5740081, 'label_id': 'bottle', 'sub_labels': 'not_human', 'sub_labels_conf': 0.896175742149353, 'id': 22}]"
265,2024/5/22 Wednesday 0:0:10,"[{'box': [261.94781494140625, 555.5838012695312, 128.66427612304688, 276.1165466308594], 'conf': 0.8107876, 'label_id': 'person', 'sub_labels': 'other', 'sub_labels_conf': 0.9999665021896362, 'id': 2}, {'box': [925.9808959960938, 155.6531982421875, 57.5167236328125, 150.457275390625], 'conf': 0.7549525, 'label_id': 'person', 'sub_labels': 'other', 'sub_labels_conf': 0.9095032811164856, 'id': 4}, {'box': [182.2493896484375, 558.233154296875, 99.96200561523438, 236.02569580078125], 'conf': 0.7135352, 'label_id': 'person', 'sub_labels': 'other', 'sub_labels_conf': 0.8864147067070007, 'id': 9}, {'box': [1192.01025390625, 382.9761962890625, 94.95751953125, 236.45089721679688], 'conf': 0.8408494, 'label_id': 'person', 'sub_labels': 'other', 'sub_labels_conf': 0.9995667338371277, 'id': 11}, {'box': [912.0240478515625, 754.7440185546875, 140.71185302734375, 320.5577392578125], 'conf': 0.897962, 'label_id': 'person', 'sub_labels': 'other', 'sub_labels_conf': 0.6703248023986816, 'id': 12}, {'box': [1706.3416748046875, 407.4189453125, 67.15673828125, 221.06478881835938], 'conf': 0.6831911, 'label_id': 'person', 'sub_labels': 'not_human', 'sub_labels_conf': 0.4737076759338379, 'id': 16}, {'box': [1198.8427734375, 246.97860717773438, 76.8018798828125, 91.99952697753906], 'conf': 0.73517656, 'label_id': 'person', 'sub_labels': 'other', 'sub_labels_conf': 0.9932515025138855, 'id': 6}, {'box': [1629.362060546875, 357.66119384765625, 121.5853271484375, 184.89065551757812], 'conf': 0.6021305, 'label_id': 'person', 'sub_labels': 'other', 'sub_labels_conf': 0.9970654845237732, 'id': 15}, {'box': [1024.3223876953125, 169.13319396972656, 59.69793701171875, 142.25933837890625], 'conf': 0.7444362, 'label_id': 'person', 'sub_labels': 'other', 'sub_labels_conf': 0.9985421895980835, 'id': 17}, {'box': [95.80770111083984, 639.8294677734375, 160.7070770263672, 254.25079345703125], 'conf': 0.7788043, 'label_id': 'person', 'sub_labels': 'other', 'sub_labels_conf': 0.8167754411697388, 'id': 7}, {'box': [936.7620849609375, 139.82322692871094, 38.17657470703125, 120.4183578491211], 'conf': 0.17708515, 'label_id': 'person', 'sub_labels': 'not_human', 'sub_labels_conf': 0.95197993516922, 'id': 18}, {'box': [308.737548828125, 552.0199584960938, 88.51235961914062, 233.1754150390625], 'conf': 0.7360169, 'label_id': 'person', 'sub_labels': 'other', 'sub_labels_conf': 0.9997174143791199, 'id': 5}, {'box': [395.27081298828125, 400.9847412109375, 80.032958984375, 114.42041015625], 'conf': 0.7441533, 'label_id': 'person', 'sub_labels': 'other', 'sub_labels_conf': 0.9800621867179871, 'id': 20}, {'box': [432.0282287597656, 712.0988159179688, 182.09454345703125, 292.1302490234375], 'conf': 0.9114323, 'label_id': 'person', 'sub_labels': 'other', 'sub_labels_conf': 0.9631683826446533, 'id': 19}, {'box': [499.0097961425781, 512.4285278320312, 118.29656982421875, 312.7234802246094], 'conf': 0.8222105, 'label_id': 'person', 'sub_labels': 'other', 'sub_labels_conf': 0.9722827672958374, 'id': 8}, {'box': [684.707275390625, 349.07208251953125, 20.99981689453125, 68.53506469726562], 'conf': 0.5459403, 'label_id': 'bottle', 'sub_labels': 'not_human', 'sub_labels_conf': 0.9039531946182251, 'id': 22}, {'box': [66.51329803466797, 912.3440551757812, 132.4913787841797, 256.9173583984375], 'conf': 0.5808075, 'label_id': 'person', 'sub_labels': 'other', 'sub_labels_conf': 0.9993020296096802, 'id': 23}]"
266,2024/5/22 Wednesday 0:0:10,"[{'box': [262.85296630859375, 555.783203125, 130.39442443847656, 276.4040832519531], 'conf': 0.8147473, 'label_id': 'person', 'sub_labels': 'other', 'sub_labels_conf': 0.9999876022338867, 'id': 2}, {'box': [926.7280883789062, 156.55882263183594, 56.592529296875, 150.3607177734375], 'conf': 0.7692473, 'label_id': 'person', 'sub_labels': 'other', 'sub_labels_conf': 0.9831027984619141, 'id': 4}, {'box': [180.78060913085938, 557.6398315429688, 96.21391296386719, 235.8177490234375], 'conf': 0.70443267, 'label_id': 'person', 'sub_labels': 'other', 'sub_labels_conf': 0.9007832407951355, 'id': 9}, {'box': [1191.93408203125, 382.8277587890625, 94.9481201171875, 236.07852172851562], 'conf': 0.8404989, 'label_id': 'person', 'sub_labels': 'other', 'sub_labels_conf': 0.999382734298706, 'id': 11}, {'box': [926.7779541015625, 755.6910400390625, 163.39385986328125, 317.63525390625], 'conf': 0.90366644, 'label_id': 'person', 'sub_labels': 'other', 'sub_labels_conf': 0.9504345059394836, 'id': 12}, {'box': [1706.2921142578125, 408.302978515625, 65.58447265625, 219.22000122070312], 'conf': 0.6844982, 'label_id': 'person', 'sub_labels': 'not_human', 'sub_labels_conf': 0.8337451219558716, 'id': 16}, {'box': [1198.94775390625, 246.31005859375, 76.8741455078125, 91.26194763183594], 'conf': 0.7406614, 'label_id': 'person', 'sub_labels': 'other', 'sub_labels_conf': 0.990009605884552, 'id': 6}, {'box': [1622.564208984375, 357.96759033203125, 114.97998046875, 184.43710327148438], 'conf': 0.58954775, 'label_id': 'person', 'sub_labels': 'other', 'sub_labels_conf': 0.9975368976593018, 'id': 15}, {'box': [1023.701904296875, 169.32644653320312, 57.63446044921875, 141.336181640625], 'conf': 0.7188591, 'label_id': 'person', 'sub_labels': 'other', 'sub_labels_conf': 0.9975908994674683, 'id': 17}, {'box': [93.2569351196289, 640.1797485351562, 165.73414611816406, 253.5015869140625], 'conf': 0.8244559, 'label_id': 'person', 'sub_labels': 'other', 'sub_labels_conf': 0.912463366985321, 'id': 7}, {'box': [937.900634765625, 137.09152221679688, 36.2689208984375, 115.02156066894531], 'conf': 0.14958723, 'label_id': 'person', 'sub_labels': 'not_human', 'sub_labels_conf': 0.962187647819519, 'id': 18}, {'box': [309.04248046875, 552.4255981445312, 89.28079223632812, 236.53475952148438], 'conf': 0.7084476, 'label_id': 'person', 'sub_labels': 'other', 'sub_labels_conf': 0.9997602105140686, 'id': 5}, {'box': [395.60345458984375, 400.3412170410156, 79.31375122070312, 113.3443603515625], 'conf': 0.73816335, 'label_id': 'person', 'sub_labels': 'other', 'sub_labels_conf': 0.9576826095581055, 'id': 20}, {'box': [435.7308349609375, 710.2559204101562, 175.921142578125, 294.16455078125], 'conf': 0.8934278, 'label_id': 'person', 'sub_labels': 'other', 'sub_labels_conf': 0.9906822443008423, 'id': 19}, {'box': [499.000244140625, 512.726806640625, 118.30270385742188, 312.58074951171875], 'conf': 0.82541794, 'label_id': 'person', 'sub_labels': 'other', 'sub_labels_conf': 0.9674871563911438, 'id': 8}, {'box': [684.6387939453125, 349.14276123046875, 21.19378662109375, 68.69705200195312], 'conf': 0.53121173, 'label_id': 'bottle', 'sub_labels': 'not_human', 'sub_labels_conf': 0.9057039022445679, 'id': 22}, {'box': [67.39952850341797, 892.0946044921875, 134.47129821777344, 223.11505126953125], 'conf': 0.31955305, 'label_id': 'person', 'sub_labels': 'other', 'sub_labels_conf': 0.9975467324256897, 'id': 23}]"
267,2024/5/22 Wednesday 0:0:10,"[{'box': [263.5474853515625, 556.6349487304688, 131.62771606445312, 275.2411193847656], 'conf': 0.8184979, 'label_id': 'person', 'sub_labels': 'other', 'sub_labels_conf': 0.9999808073043823, 'id': 2}, {'box': [927.3297729492188, 156.88162231445312, 56.539794921875, 149.81272888183594], 'conf': 0.7387326, 'label_id': 'person', 'sub_labels': 'other', 'sub_labels_conf': 0.9949014186859131, 'id': 4}, {'box': [184.04141235351562, 557.9832153320312, 105.57009887695312, 236.38388061523438], 'conf': 0.67615163, 'label_id': 'person', 'sub_labels': 'other', 'sub_labels_conf': 0.8510047793388367, 'id': 9}, {'box': [1191.9267578125, 382.762451171875, 95.0992431640625, 235.8453369140625], 'conf': 0.8427127, 'label_id': 'person', 'sub_labels': 'other', 'sub_labels_conf': 0.999351441860199, 'id': 11}, {'box': [951.51611328125, 759.1668701171875, 176.44769287109375, 311.38995361328125], 'conf': 0.88502306, 'label_id': 'person', 'sub_labels': 'other', 'sub_labels_conf': 0.9773362278938293, 'id': 12}, {'box': [1706.2763671875, 408.531982421875, 65.0445556640625, 218.83511352539062], 'conf': 0.6955728, 'label_id': 'person', 'sub_labels': 'not_human', 'sub_labels_conf': 0.840349555015564, 'id': 16}, {'box': [1199.0635986328125, 245.65957641601562, 77.174072265625, 91.28929138183594], 'conf': 0.7443147, 'label_id': 'person', 'sub_labels': 'other', 'sub_labels_conf': 0.9973770380020142, 'id': 6}, {'box': [1618.952392578125, 358.547607421875, 111.811279296875, 185.06680297851562], 'conf': 0.64064914, 'label_id': 'person', 'sub_labels': 'other', 'sub_labels_conf': 0.9995379447937012, 'id': 15}, {'box': [1025.2095947265625, 168.51177978515625, 55.37969970703125, 140.770751953125], 'conf': 0.73716426, 'label_id': 'person', 'sub_labels': 'other', 'sub_labels_conf': 0.9997405409812927, 'id': 17}, {'box': [91.74262237548828, 640.7352905273438, 169.8350372314453, 251.3365478515625], 'conf': 0.8533315, 'label_id': 'person', 'sub_labels': 'other', 'sub_labels_conf': 0.9546997547149658, 'id': 7}, {'box': [938.9462890625, 142.33802795410156, 36.05133056640625, 125.2602767944336], 'conf': 0.20603083, 'label_id': 'person', 'sub_labels': 'not_human', 'sub_labels_conf': 0.9635618925094604, 'id': 18}, {'box': [308.85906982421875, 551.4955444335938, 89.00485229492188, 236.34103393554688], 'conf': 0.69582206, 'label_id': 'person', 'sub_labels': 'other', 'sub_labels_conf': 0.9998522996902466, 'id': 5}, {'box': [395.6378173828125, 400.08721923828125, 79.32205200195312, 112.90249633789062], 'conf': 0.7429096, 'label_id': 'person', 'sub_labels': 'other', 'sub_labels_conf': 0.9660152792930603, 'id': 20}, {'box': [438.9396057128906, 706.2032470703125, 169.45733642578125, 293.191162109375], 'conf': 0.8323555, 'label_id': 'person', 'sub_labels': 'other', 'sub_labels_conf': 0.9835782051086426, 'id': 19}, {'box': [499.26959228515625, 514.1896362304688, 119.28421020507812, 314.8963928222656], 'conf': 0.811302, 'label_id': 'person', 'sub_labels': 'other', 'sub_labels_conf': 0.9597812294960022, 'id': 8}, {'box': [684.6322021484375, 349.17059326171875, 21.2857666015625, 68.71420288085938], 'conf': 0.45743635, 'label_id': 'bottle', 'sub_labels': 'not_human', 'sub_labels_conf': 0.9069051742553711, 'id': 22}, {'box': [74.57318115234375, 898.6690673828125, 148.62722778320312, 242.78509521484375], 'conf': 0.5926872, 'label_id': 'person', 'sub_labels': 'other', 'sub_labels_conf': 0.9972363114356995, 'id': 23}]"
268,2024/5/22 Wednesday 0:0:10,"[{'box': [263.65057373046875, 554.8138427734375, 132.24807739257812, 275.9892883300781], 'conf': 0.80490583, 'label_id': 'person', 'sub_labels': 'other', 'sub_labels_conf': 0.9999831914901733, 'id': 2}, {'box': [928.7020263671875, 156.1182098388672, 56.31414794921875, 151.97186279296875], 'conf': 0.80374604, 'label_id': 'person', 'sub_labels': 'other', 'sub_labels_conf': 0.9926419854164124, 'id': 4}, {'box': [181.3380126953125, 557.2606201171875, 99.68521118164062, 236.19924926757812], 'conf': 0.6928023, 'label_id': 'person', 'sub_labels': 'other', 'sub_labels_conf': 0.8769525289535522, 'id': 9}, {'box': [1191.9541015625, 382.41107177734375, 94.5107421875, 235.83670043945312], 'conf': 0.83838207, 'label_id': 'person', 'sub_labels': 'other', 'sub_labels_conf': 0.9995501637458801, 'id': 11}, {'box': [968.8004150390625, 760.171630859375, 188.79559326171875, 310.06854248046875], 'conf': 0.90226495, 'label_id': 'person', 'sub_labels': 'other', 'sub_labels_conf': 0.9586746096611023, 'id': 12}, {'box': [1706.2720947265625, 407.9092102050781, 66.323486328125, 220.13836669921875], 'conf': 0.6911278, 'label_id': 'person', 'sub_labels': 'not_human', 'sub_labels_conf': 0.5300775170326233, 'id': 16}, {'box': [1199.0941162109375, 245.32192993164062, 77.4140625, 91.3251953125], 'conf': 0.7332903, 'label_id': 'person', 'sub_labels': 'other', 'sub_labels_conf': 0.9978875517845154, 'id': 6}, {'box': [1618.6195068359375, 358.63623046875, 112.83251953125, 185.155517578125], 'conf': 0.5971863, 'label_id': 'person', 'sub_labels': 'other', 'sub_labels_conf': 0.9993731379508972, 'id': 15}, {'box': [1025.88525390625, 168.05807495117188, 54.39154052734375, 138.70645141601562], 'conf': 0.7481448, 'label_id': 'person', 'sub_labels': 'other', 'sub_labels_conf': 0.9999140501022339, 'id': 17}, {'box': [91.0213623046875, 641.109130859375, 171.44613647460938, 250.499755859375], 'conf': 0.85769784, 'label_id': 'person', 'sub_labels': 'other', 'sub_labels_conf': 0.9615915417671204, 'id': 7}, {'box': [314.82977294921875, 557.2180786132812, 100.09439086914062, 247.10440063476562], 'conf': 0.7851568, 'label_id': 'person', 'sub_labels': 'other', 'sub_labels_conf': 0.9997760653495789, 'id': 5}, {'box': [395.83709716796875, 399.85528564453125, 79.11288452148438, 112.34283447265625], 'conf': 0.7425256, 'label_id': 'person', 'sub_labels': 'other', 'sub_labels_conf': 0.9716652035713196, 'id': 20}, {'box': [441.9573974609375, 709.2672119140625, 163.11929321289062, 304.58306884765625], 'conf': 0.8726482, 'label_id': 'person', 'sub_labels': 'other', 'sub_labels_conf': 0.8600689172744751, 'id': 19}, {'box': [499.0338134765625, 514.5878295898438, 118.8304443359375, 315.5003662109375], 'conf': 0.80212784, 'label_id': 'person', 'sub_labels': 'other', 'sub_labels_conf': 0.959931492805481, 'id': 8}, {'box': [684.6202392578125, 349.17108154296875, 21.20306396484375, 68.71560668945312], 'conf': 0.5069487, 'label_id': 'bottle', 'sub_labels': 'not_human', 'sub_labels_conf': 0.9069051742553711, 'id': 22}, {'box': [77.43851470947266, 890.643310546875, 154.18492126464844, 227.72796630859375], 'conf': 0.70146763, 'label_id': 'person', 'sub_labels': 'other', 'sub_labels_conf': 0.9939245581626892, 'id': 23}]"
269,2024/5/22 Wednesday 0:0:10,"[{'box': [263.8660888671875, 555.0704956054688, 132.04684448242188, 275.9061279296875], 'conf': 0.80241305, 'label_id': 'person', 'sub_labels': 'other', 'sub_labels_conf': 0.999988317489624, 'id': 2}, {'box': [929.8963623046875, 154.95697021484375, 55.337890625, 150.03482055664062], 'conf': 0.80676675, 'label_id': 'person', 'sub_labels': 'other', 'sub_labels_conf': 0.9477600455284119, 'id': 4}, {'box': [179.82992553710938, 557.0306396484375, 98.19564819335938, 236.47488403320312], 'conf': 0.69507587, 'label_id': 'person', 'sub_labels': 'other', 'sub_labels_conf': 0.836676299571991, 'id': 9}, {'box': [1191.941650390625, 381.8831787109375, 93.6026611328125, 236.68466186523438], 'conf': 0.83172977, 'label_id': 'person', 'sub_labels': 'other', 'sub_labels_conf': 0.9994422793388367, 'id': 11}, {'box': [979.64404296875, 760.579833984375, 198.07244873046875, 307.81695556640625], 'conf': 0.9022616, 'label_id': 'person', 'sub_labels': 'other', 'sub_labels_conf': 0.9957038760185242, 'id': 12}, {'box': [1706.297119140625, 407.5975341796875, 66.8226318359375, 220.79415893554688], 'conf': 0.68721485, 'label_id': 'person', 'sub_labels': 'not_human', 'sub_labels_conf': 0.5270901918411255, 'id': 16}, {'box': [1198.97509765625, 245.62295532226562, 77.5911865234375, 92.49298095703125], 'conf': 0.7214075, 'label_id': 'person', 'sub_labels': 'other', 'sub_labels_conf': 0.9978514909744263, 'id': 6}, {'box': [1624.29052734375, 358.91021728515625, 117.8009033203125, 186.95242309570312], 'conf': 0.60334074, 'label_id': 'person', 'sub_labels': 'other', 'sub_labels_conf': 0.9987220168113708, 'id': 15}, {'box': [1026.720947265625, 168.28648376464844, 54.13232421875, 134.68182373046875], 'conf': 0.74925554, 'label_id': 'person', 'sub_labels': 'other', 'sub_labels_conf': 0.9999188184738159, 'id': 17}, {'box': [90.87632751464844, 640.70947265625, 170.84100341796875, 251.0396728515625], 'conf': 0.8513396, 'label_id': 'person', 'sub_labels': 'other', 'sub_labels_conf': 0.982492208480835, 'id': 7}, {'box': [317.4730224609375, 558.5789794921875, 106.64859008789062, 248.31948852539062], 'conf': 0.76987433, 'label_id': 'person', 'sub_labels': 'other', 'sub_labels_conf': 0.999745786190033, 'id': 5}, {'box': [395.9564208984375, 399.6377258300781, 78.95260620117188, 111.8585205078125], 'conf': 0.73290336, 'label_id': 'person', 'sub_labels': 'other', 'sub_labels_conf': 0.9587500095367432, 'id': 20}, {'box': [445.2685546875, 700.8106689453125, 155.6414794921875, 294.69635009765625], 'conf': 0.88707626, 'label_id': 'person', 'sub_labels': 'other', 'sub_labels_conf': 0.8666332960128784, 'id': 19}, {'box': [499.0159606933594, 515.854736328125, 119.35528564453125, 319.2949523925781], 'conf': 0.80042946, 'label_id': 'person', 'sub_labels': 'other', 'sub_labels_conf': 0.9626051187515259, 'id': 8}, {'box': [684.5899658203125, 349.21075439453125, 21.31524658203125, 68.83016967773438], 'conf': 0.49557933, 'label_id': 'bottle', 'sub_labels': 'not_human', 'sub_labels_conf': 0.9069051742553711, 'id': 22}, {'box': [83.79269409179688, 893.2425537109375, 166.794921875, 237.4105224609375], 'conf': 0.68477064, 'label_id': 'person', 'sub_labels': 'other', 'sub_labels_conf': 0.9637337327003479, 'id': 23}]"
270,2024/5/22 Wednesday 0:0:10,"[{'box': [263.1126708984375, 553.6401977539062, 130.020751953125, 274.4489440917969], 'conf': 0.79393345, 'label_id': 'person', 'sub_labels': 'other', 'sub_labels_conf': 0.9999908208847046, 'id': 2}, {'box': [930.2581787109375, 153.91610717773438, 53.68658447265625, 148.6229248046875], 'conf': 0.80013674, 'label_id': 'person', 'sub_labels': 'other', 'sub_labels_conf': 0.8341313004493713, 'id': 4}, {'box': [180.0560302734375, 556.4700927734375, 98.96955871582031, 237.81610107421875], 'conf': 0.61431456, 'label_id': 'person', 'sub_labels': 'other', 'sub_labels_conf': 0.8870153427124023, 'id': 9}, {'box': [1192.1881103515625, 382.36322021484375, 92.854736328125, 235.55899047851562], 'conf': 0.8303353, 'label_id': 'person', 'sub_labels': 'other', 'sub_labels_conf': 0.9948663711547852, 'id': 11}, {'box': [985.7550659179688, 763.8348388671875, 205.1800537109375, 300.9053955078125], 'conf': 0.91616696, 'label_id': 'person', 'sub_labels': 'other', 'sub_labels_conf': 0.9892476201057434, 'id': 12}, {'box': [1706.609130859375, 407.72698974609375, 64.513916015625, 220.21316528320312], 'conf': 0.6422956, 'label_id': 'person', 'sub_labels': 'not_human', 'sub_labels_conf': 0.7891383767127991, 'id': 16}, {'box': [1198.8358154296875, 245.00320434570312, 77.465576171875, 92.00923156738281], 'conf': 0.7414206, 'label_id': 'person', 'sub_labels': 'other', 'sub_labels_conf': 0.9463414549827576, 'id': 6}, {'box': [1625.96435546875, 359.2027587890625, 119.3577880859375, 188.39065551757812], 'conf': 0.64288557, 'label_id': 'person', 'sub_labels': 'other', 'sub_labels_conf': 0.9979395270347595, 'id': 15}, {'box': [1027.846923828125, 167.15914916992188, 54.6103515625, 134.48973083496094], 'conf': 0.7545282, 'label_id': 'person', 'sub_labels': 'other', 'sub_labels_conf': 0.9998440742492676, 'id': 17}, {'box': [90.608642578125, 640.9732666015625, 169.83355712890625, 250.464599609375], 'conf': 0.836219, 'label_id': 'person', 'sub_labels': 'other', 'sub_labels_conf': 0.9551973342895508, 'id': 7}, {'box': [319.8240661621094, 559.76318359375, 111.3797607421875, 250.64007568359375], 'conf': 0.80437297, 'label_id': 'person', 'sub_labels': 'other', 'sub_labels_conf': 0.9998082518577576, 'id': 5}, {'box': [394.46588134765625, 398.901123046875, 81.52212524414062, 109.515380859375], 'conf': 0.6950248, 'label_id': 'person', 'sub_labels': 'other', 'sub_labels_conf': 0.955934464931488, 'id': 20}, {'box': [448.81951904296875, 691.2796630859375, 146.9151611328125, 280.19818115234375], 'conf': 0.8425918, 'label_id': 'person', 'sub_labels': 'other', 'sub_labels_conf': 0.6064488291740417, 'id': 19}, {'box': [498.92596435546875, 511.26214599609375, 119.55859375, 318.1836242675781], 'conf': 0.7748134, 'label_id': 'person', 'sub_labels': 'other', 'sub_labels_conf': 0.964726448059082, 'id': 8}, {'box': [684.681396484375, 349.02459716796875, 21.07733154296875, 68.890625], 'conf': 0.42969787, 'label_id': 'bottle', 'sub_labels': 'not_human', 'sub_labels_conf': 0.8046720623970032, 'id': 22}, {'box': [92.36235809326172, 892.8870849609375, 183.97410583496094, 254.3223876953125], 'conf': 0.49272063, 'label_id': 'person', 'sub_labels': 'other', 'sub_labels_conf': 0.9901258945465088, 'id': 23}]"
271,2024/5/22 Wednesday 0:0:10,"[{'box': [262.392578125, 552.8123779296875, 128.4208984375, 273.66510009765625], 'conf': 0.78612965, 'label_id': 'person', 'sub_labels': 'other', 'sub_labels_conf': 0.9999901056289673, 'id': 2}, {'box': [931.4270629882812, 151.78245544433594, 51.24560546875, 147.3837890625], 'conf': 0.78853285, 'label_id': 'person', 'sub_labels': 'other', 'sub_labels_conf': 0.7462141513824463, 'id': 4}, {'box': [180.08255004882812, 556.2987060546875, 97.96427917480469, 238.28775024414062], 'conf': 0.67065483, 'label_id': 'person', 'sub_labels': 'other', 'sub_labels_conf': 0.9177570939064026, 'id': 9}, {'box': [1192.123291015625, 382.7509765625, 92.3682861328125, 234.56875610351562], 'conf': 0.8343997, 'label_id': 'person', 'sub_labels': 'other', 'sub_labels_conf': 0.99534010887146, 'id': 11}, {'box': [991.4990234375, 765.134033203125, 207.69635009765625, 298.3018798828125], 'conf': 0.90744513, 'label_id': 'person', 'sub_labels': 'other', 'sub_labels_conf': 0.9750590920448303, 'id': 12}, {'box': [1706.728515625, 407.4666748046875, 63.4608154296875, 220.60812377929688], 'conf': 0.6264628, 'label_id': 'person', 'sub_labels': 'not_human', 'sub_labels_conf': 0.8906956315040588, 'id': 16}, {'box': [1198.6842041015625, 244.69931030273438, 77.479736328125, 91.517578125], 'conf': 0.7440687, 'label_id': 'person', 'sub_labels': 'other', 'sub_labels_conf': 0.9940651655197144, 'id': 6}, {'box': [1625.7623291015625, 359.146728515625, 118.659912109375, 189.27523803710938], 'conf': 0.6271826, 'label_id': 'person', 'sub_labels': 'other', 'sub_labels_conf': 0.9980584979057312, 'id': 15}, {'box': [1028.4754638671875, 166.48487854003906, 54.49310302734375, 132.40225219726562], 'conf': 0.743011, 'label_id': 'person', 'sub_labels': 'other', 'sub_labels_conf': 0.9997804760932922, 'id': 17}, {'box': [90.1974105834961, 641.60205078125, 169.20738220214844, 250.100341796875], 'conf': 0.83786464, 'label_id': 'person', 'sub_labels': 'other', 'sub_labels_conf': 0.9389942288398743, 'id': 7}, {'box': [321.9825439453125, 560.38525390625, 116.04879760742188, 251.38531494140625], 'conf': 0.8015905, 'label_id': 'person', 'sub_labels': 'other', 'sub_labels_conf': 0.999881386756897, 'id': 5}, {'box': [392.3431701660156, 399.0599365234375, 84.80584716796875, 108.93508911132812], 'conf': 0.69415164, 'label_id': 'person', 'sub_labels': 'other', 'sub_labels_conf': 0.9625326991081238, 'id': 20}, {'box': [452.9495849609375, 691.8175048828125, 142.13876342773438, 284.76409912109375], 'conf': 0.8915117, 'label_id': 'person', 'sub_labels': 'other', 'sub_labels_conf': 0.8479037880897522, 'id': 19}, {'box': [499.8231201171875, 508.01483154296875, 121.77346801757812, 313.131103515625], 'conf': 0.76058865, 'label_id': 'person', 'sub_labels': 'other', 'sub_labels_conf': 0.9616368412971497, 'id': 8}, {'box': [684.6962890625, 348.95758056640625, 21.09600830078125, 69.07037353515625], 'conf': 0.46898845, 'label_id': 'bottle', 'sub_labels': 'not_human', 'sub_labels_conf': 0.8407351970672607, 'id': 22}, {'box': [102.19944763183594, 889.2485961914062, 203.85055541992188, 280.4058837890625], 'conf': 0.42305386, 'label_id': 'person', 'sub_labels': 'other', 'sub_labels_conf': 0.9745725393295288, 'id': 23}]"
272,2024/5/22 Wednesday 0:0:10,"[{'box': [262.1876525878906, 552.6398315429688, 127.82658386230469, 273.2549133300781], 'conf': 0.7780627, 'label_id': 'person', 'sub_labels': 'other', 'sub_labels_conf': 0.9999912977218628, 'id': 2}, {'box': [932.7154541015625, 150.7074737548828, 49.32464599609375, 147.203125], 'conf': 0.7939705, 'label_id': 'person', 'sub_labels': 'not_human', 'sub_labels_conf': 0.5344251394271851, 'id': 4}, {'box': [180.3246307373047, 556.2928466796875, 96.81216430664062, 237.97247314453125], 'conf': 0.67864025, 'label_id': 'person', 'sub_labels': 'other', 'sub_labels_conf': 0.9115834832191467, 'id': 9}, {'box': [1192.5009765625, 382.818603515625, 92.6324462890625, 233.81744384765625], 'conf': 0.837245, 'label_id': 'person', 'sub_labels': 'other', 'sub_labels_conf': 0.9961403012275696, 'id': 11}, {'box': [997.0140380859375, 763.6082763671875, 203.10516357421875, 298.94921875], 'conf': 0.9037399, 'label_id': 'person', 'sub_labels': 'other', 'sub_labels_conf': 0.9838841557502747, 'id': 12}, {'box': [1706.7957763671875, 407.24114990234375, 63.023681640625, 221.006591796875], 'conf': 0.6277222, 'label_id': 'person', 'sub_labels': 'not_human', 'sub_labels_conf': 0.8954755663871765, 'id': 16}, {'box': [1198.573486328125, 243.8568572998047, 77.4453125, 90.05221557617188], 'conf': 0.75601095, 'label_id': 'person', 'sub_labels': 'other', 'sub_labels_conf': 0.99573814868927, 'id': 6}, {'box': [1624.113525390625, 359.01898193359375, 115.3509521484375, 189.68356323242188], 'conf': 0.6116702, 'label_id': 'person', 'sub_labels': 'other', 'sub_labels_conf': 0.995972216129303, 'id': 15}, {'box': [1028.8209228515625, 164.71810913085938, 54.49853515625, 133.0383758544922], 'conf': 0.7500786, 'label_id': 'person', 'sub_labels': 'other', 'sub_labels_conf': 0.9998855590820312, 'id': 17}, {'box': [90.4831314086914, 641.7821655273438, 167.89796447753906, 250.35400390625], 'conf': 0.7965286, 'label_id': 'person', 'sub_labels': 'other', 'sub_labels_conf': 0.9269677996635437, 'id': 7}, {'box': [322.6772155761719, 560.950439453125, 120.5015869140625, 253.11489868164062], 'conf': 0.8136101, 'label_id': 'person', 'sub_labels': 'other', 'sub_labels_conf': 0.9996211528778076, 'id': 5}, {'box': [390.671142578125, 399.16265869140625, 87.79367065429688, 108.79861450195312], 'conf': 0.7094185, 'label_id': 'person', 'sub_labels': 'other', 'sub_labels_conf': 0.886310875415802, 'id': 20}, {'box': [460.42425537109375, 692.2840576171875, 144.57888793945312, 291.27056884765625], 'conf': 0.8911463, 'label_id': 'person', 'sub_labels': 'other', 'sub_labels_conf': 0.9681210517883301, 'id': 19}, {'box': [501.3731689453125, 506.24346923828125, 124.66891479492188, 313.3330078125], 'conf': 0.7624544, 'label_id': 'person', 'sub_labels': 'other', 'sub_labels_conf': 0.951793372631073, 'id': 8}, {'box': [684.7239379882812, 348.9410095214844, 20.95263671875, 68.9215087890625], 'conf': 0.4219828, 'label_id': 'bottle', 'sub_labels': 'not_human', 'sub_labels_conf': 0.8407351970672607, 'id': 22}, {'box': [109.53827667236328, 881.84228515625, 218.8369598388672, 281.5257568359375], 'conf': 0.44405565, 'label_id': 'person', 'sub_labels': 'other', 'sub_labels_conf': 0.6678520441055298, 'id': 23}]"
273,2024/5/22 Wednesday 0:0:10,"[{'box': [262.114501953125, 552.662109375, 127.71043395996094, 273.01275634765625], 'conf': 0.78074336, 'label_id': 'person', 'sub_labels': 'other', 'sub_labels_conf': 0.9999936819076538, 'id': 2}, {'box': [933.3743896484375, 149.21133422851562, 48.59735107421875, 145.240966796875], 'conf': 0.7911707, 'label_id': 'person', 'sub_labels': 'not_human', 'sub_labels_conf': 0.5008097887039185, 'id': 4}, {'box': [181.32168579101562, 556.4447021484375, 97.75343322753906, 237.42022705078125], 'conf': 0.66980153, 'label_id': 'person', 'sub_labels': 'other', 'sub_labels_conf': 0.9298809766769409, 'id': 9}, {'box': [1192.5533447265625, 382.8050537109375, 92.44384765625, 233.56201171875], 'conf': 0.83726466, 'label_id': 'person', 'sub_labels': 'other', 'sub_labels_conf': 0.9960928559303284, 'id': 11}, {'box': [1002.6978759765625, 760.7938842773438, 192.44952392578125, 303.5635986328125], 'conf': 0.91625184, 'label_id': 'person', 'sub_labels': 'other', 'sub_labels_conf': 0.9833679795265198, 'id': 12}, {'box': [1706.8319091796875, 407.02593994140625, 62.925537109375, 221.40438842773438], 'conf': 0.63514745, 'label_id': 'person', 'sub_labels': 'not_human', 'sub_labels_conf': 0.9019684791564941, 'id': 16}, {'box': [1198.4444580078125, 243.50143432617188, 77.418212890625, 89.33265686035156], 'conf': 0.7630809, 'label_id': 'person', 'sub_labels': 'other', 'sub_labels_conf': 0.9963117241859436, 'id': 6}, {'box': [1620.01171875, 359.282470703125, 107.434326171875, 190.57296752929688], 'conf': 0.62514293, 'label_id': 'person', 'sub_labels': 'other', 'sub_labels_conf': 0.9869040250778198, 'id': 15}, {'box': [1029.3292236328125, 164.2215576171875, 54.36712646484375, 134.5891876220703], 'conf': 0.7533488, 'label_id': 'person', 'sub_labels': 'other', 'sub_labels_conf': 0.9995903372764587, 'id': 17}, {'box': [90.7162094116211, 641.553955078125, 168.75550842285156, 252.3310546875], 'conf': 0.7695565, 'label_id': 'person', 'sub_labels': 'other', 'sub_labels_conf': 0.9122105836868286, 'id': 7}, {'box': [323.1119689941406, 561.8660888671875, 121.59906005859375, 249.37603759765625], 'conf': 0.82253337, 'label_id': 'person', 'sub_labels': 'other', 'sub_labels_conf': 0.9994018077850342, 'id': 5}, {'box': [389.615478515625, 399.20159912109375, 89.59750366210938, 108.79592895507812], 'conf': 0.725238, 'label_id': 'person', 'sub_labels': 'other', 'sub_labels_conf': 0.8595315217971802, 'id': 20}, {'box': [469.5606689453125, 693.749267578125, 151.56570434570312, 295.51190185546875], 'conf': 0.8717911, 'label_id': 'person', 'sub_labels': 'other', 'sub_labels_conf': 0.8881943225860596, 'id': 19}, {'box': [501.263671875, 504.6827087402344, 124.71536254882812, 310.85113525390625], 'conf': 0.7761689, 'label_id': 'person', 'sub_labels': 'other', 'sub_labels_conf': 0.967100203037262, 'id': 8}, {'box': [684.728515625, 348.86358642578125, 20.8817138671875, 68.84701538085938], 'conf': 0.44421872, 'label_id': 'bottle', 'sub_labels': 'not_human', 'sub_labels_conf': 0.8407351970672607, 'id': 22}, {'box': [110.69158172607422, 877.9876708984375, 220.9811248779297, 280.04315185546875], 'conf': 0.2855661, 'label_id': 'person', 'sub_labels': 'other', 'sub_labels_conf': 0.43191462755203247, 'id': 23}]"
274,2024/5/22 Wednesday 0:0:10,"[{'box': [262.8707580566406, 553.0504150390625, 129.74244689941406, 273.34466552734375], 'conf': 0.79019195, 'label_id': 'person', 'sub_labels': 'other', 'sub_labels_conf': 0.999991774559021, 'id': 2}, {'box': [934.183837890625, 148.83401489257812, 47.927978515625, 144.4887237548828], 'conf': 0.7886301, 'label_id': 'person', 'sub_labels': 'not_human', 'sub_labels_conf': 0.6420732736587524, 'id': 4}, {'box': [181.38394165039062, 556.558349609375, 97.99958801269531, 237.43487548828125], 'conf': 0.6952821, 'label_id': 'person', 'sub_labels': 'other', 'sub_labels_conf': 0.9282791614532471, 'id': 9}, {'box': [1192.5830078125, 383.62725830078125, 92.1407470703125, 231.89956665039062], 'conf': 0.8441376, 'label_id': 'person', 'sub_labels': 'other', 'sub_labels_conf': 0.9991542100906372, 'id': 11}, {'box': [1014.048583984375, 758.0029296875, 181.2255859375, 304.83148193359375], 'conf': 0.9009832, 'label_id': 'person', 'sub_labels': 'other', 'sub_labels_conf': 0.8803365230560303, 'id': 12}, {'box': [1706.9566650390625, 406.39263916015625, 64.27099609375, 222.8446044921875], 'conf': 0.62826496, 'label_id': 'person', 'sub_labels': 'not_human', 'sub_labels_conf': 0.6109297275543213, 'id': 16}, {'box': [1198.3079833984375, 243.22360229492188, 77.286376953125, 88.81144714355469], 'conf': 0.7652977, 'label_id': 'person', 'sub_labels': 'other', 'sub_labels_conf': 0.9977754950523376, 'id': 6}, {'box': [1619.1900634765625, 359.31048583984375, 105.647705078125, 190.65847778320312], 'conf': 0.6275042, 'label_id': 'person', 'sub_labels': 'other', 'sub_labels_conf': 0.995952844619751, 'id': 15}, {'box': [1029.5806884765625, 163.7268829345703, 53.91961669921875, 135.67098999023438], 'conf': 0.74554604, 'label_id': 'person', 'sub_labels': 'other', 'sub_labels_conf': 0.9993696808815002, 'id': 17}, {'box': [90.9233627319336, 641.5087890625, 168.0269012451172, 252.50592041015625], 'conf': 0.79163647, 'label_id': 'person', 'sub_labels': 'other', 'sub_labels_conf': 0.9077883362770081, 'id': 7}, {'box': [322.6510925292969, 562.259521484375, 120.99639892578125, 246.27175903320312], 'conf': 0.82340395, 'label_id': 'person', 'sub_labels': 'other', 'sub_labels_conf': 0.9994717240333557, 'id': 5}, {'box': [389.47662353515625, 400.0205078125, 90.63433837890625, 110.59085083007812], 'conf': 0.7233019, 'label_id': 'person', 'sub_labels': 'other', 'sub_labels_conf': 0.8466160297393799, 'id': 20}, {'box': [482.95306396484375, 692.307373046875, 166.06558227539062, 293.806396484375], 'conf': 0.9028459, 'label_id': 'person', 'sub_labels': 'other', 'sub_labels_conf': 0.9959678649902344, 'id': 19}, {'box': [501.45745849609375, 503.7760009765625, 123.5682373046875, 308.4123229980469], 'conf': 0.7734625, 'label_id': 'person', 'sub_labels': 'other', 'sub_labels_conf': 0.9446531534194946, 'id': 8}, {'box': [684.681640625, 348.85552978515625, 20.9808349609375, 68.9405517578125], 'conf': 0.4699301, 'label_id': 'bottle', 'sub_labels': 'not_human', 'sub_labels_conf': 0.8407351970672607, 'id': 22}, {'box': [109.69234466552734, 884.9515380859375, 218.81883239746094, 295.75726318359375], 'conf': 0.1933228, 'label_id': 'person', 'sub_labels': 'other', 'sub_labels_conf': 0.8639163374900818, 'id': 23}]"
275,2024/5/22 Wednesday 0:0:11,"[{'box': [263.2411193847656, 553.518798828125, 130.41932678222656, 274.82574462890625], 'conf': 0.7918734, 'label_id': 'person', 'sub_labels': 'other', 'sub_labels_conf': 0.9999954700469971, 'id': 2}, {'box': [934.7342529296875, 148.06993103027344, 47.01031494140625, 143.36474609375], 'conf': 0.79849446, 'label_id': 'person', 'sub_labels': 'other', 'sub_labels_conf': 0.7664239406585693, 'id': 4}, {'box': [181.88034057617188, 556.5870361328125, 98.86260986328125, 237.60525512695312], 'conf': 0.7042486, 'label_id': 'person', 'sub_labels': 'other', 'sub_labels_conf': 0.9506897926330566, 'id': 9}, {'box': [1192.607177734375, 383.2818908691406, 92.083984375, 232.662841796875], 'conf': 0.8467344, 'label_id': 'person', 'sub_labels': 'other', 'sub_labels_conf': 0.9991470575332642, 'id': 11}, {'box': [1031.3209228515625, 757.6950073242188, 170.01177978515625, 303.1474609375], 'conf': 0.90168965, 'label_id': 'person', 'sub_labels': 'other', 'sub_labels_conf': 0.8983280658721924, 'id': 12}, {'box': [1707.0045166015625, 405.961181640625, 64.89013671875, 223.73251342773438], 'conf': 0.62229383, 'label_id': 'person', 'sub_labels': 'not_human', 'sub_labels_conf': 0.6649792790412903, 'id': 16}, {'box': [1198.214599609375, 242.99658203125, 77.0589599609375, 88.28416442871094], 'conf': 0.7603097, 'label_id': 'person', 'sub_labels': 'other', 'sub_labels_conf': 0.9957510232925415, 'id': 6}, {'box': [1620.3546142578125, 359.29302978515625, 107.54296875, 189.9205322265625], 'conf': 0.59367275, 'label_id': 'person', 'sub_labels': 'other', 'sub_labels_conf': 0.9875890612602234, 'id': 15}, {'box': [1029.6353759765625, 163.05307006835938, 53.30633544921875, 135.1295623779297], 'conf': 0.7376529, 'label_id': 'person', 'sub_labels': 'other', 'sub_labels_conf': 0.9996416568756104, 'id': 17}, {'box': [91.26842498779297, 641.960205078125, 167.23255920410156, 252.3359375], 'conf': 0.8018334, 'label_id': 'person', 'sub_labels': 'other', 'sub_labels_conf': 0.9176190495491028, 'id': 7}, {'box': [321.13226318359375, 562.630126953125, 120.77188110351562, 244.64215087890625], 'conf': 0.81342965, 'label_id': 'person', 'sub_labels': 'other', 'sub_labels_conf': 0.999738872051239, 'id': 5}, {'box': [389.643798828125, 400.62445068359375, 91.02938842773438, 111.93753051757812], 'conf': 0.722439, 'label_id': 'person', 'sub_labels': 'other', 'sub_labels_conf': 0.8768536448478699, 'id': 20}, {'box': [496.8519592285156, 688.2972412109375, 179.13677978515625, 289.69671630859375], 'conf': 0.8939303, 'label_id': 'person', 'sub_labels': 'cashier', 'sub_labels_conf': 0.6388028860092163, 'id': 19}, {'box': [501.255859375, 504.35113525390625, 124.624267578125, 310.4826965332031], 'conf': 0.7544869, 'label_id': 'person', 'sub_labels': 'other', 'sub_labels_conf': 0.9624037146568298, 'id': 8}, {'box': [684.6817626953125, 348.89739990234375, 20.89630126953125, 68.96328735351562], 'conf': 0.444095, 'label_id': 'bottle', 'sub_labels': 'not_human', 'sub_labels_conf': 0.8407351970672607, 'id': 22}, {'box': [119.73360443115234, 882.892822265625, 238.97618103027344, 300.11187744140625], 'conf': 0.15904285, 'label_id': 'person', 'sub_labels': 'not_human', 'sub_labels_conf': 0.6532957553863525, 'id': 23}, {'box': [1000.7371826171875, 138.9494171142578, 34.85333251953125, 107.84219360351562], 'conf': 0.7018581, 'label_id': 'person', 'sub_labels': 'other', 'sub_labels_conf': 0.5645904541015625, 'id': 24}]"
276,2024/5/22 Wednesday 0:0:11,"[{'box': [263.81512451171875, 553.9141845703125, 131.82009887695312, 275.60980224609375], 'conf': 0.7932257, 'label_id': 'person', 'sub_labels': 'other', 'sub_labels_conf': 0.9999958276748657, 'id': 2}, {'box': [935.224609375, 147.3328399658203, 47.10546875, 141.769287109375], 'conf': 0.79777694, 'label_id': 'person', 'sub_labels': 'other', 'sub_labels_conf': 0.7577940821647644, 'id': 4}, {'box': [181.89389038085938, 556.5582275390625, 99.00201416015625, 237.80319213867188], 'conf': 0.7073413, 'label_id': 'person', 'sub_labels': 'other', 'sub_labels_conf': 0.9481435418128967, 'id': 9}, {'box': [1192.6219482421875, 382.99151611328125, 92.20556640625, 232.9061279296875], 'conf': 0.8473752, 'label_id': 'person', 'sub_labels': 'other', 'sub_labels_conf': 0.9984251260757446, 'id': 11}, {'box': [1050.5020751953125, 758.2742919921875, 151.75445556640625, 306.63177490234375], 'conf': 0.89710706, 'label_id': 'person', 'sub_labels': 'other', 'sub_labels_conf': 0.7858454585075378, 'id': 12}, {'box': [1706.983154296875, 405.869384765625, 65.2188720703125, 223.94021606445312], 'conf': 0.6296364, 'label_id': 'person', 'sub_labels': 'not_human', 'sub_labels_conf': 0.6662458777427673, 'id': 16}, {'box': [1197.990966796875, 242.99420166015625, 76.8558349609375, 87.92875671386719], 'conf': 0.7593585, 'label_id': 'person', 'sub_labels': 'other', 'sub_labels_conf': 0.9978513717651367, 'id': 6}, {'box': [1621.516357421875, 359.20452880859375, 109.7769775390625, 189.44766235351562], 'conf': 0.598333, 'label_id': 'person', 'sub_labels': 'other', 'sub_labels_conf': 0.9957311749458313, 'id': 15}, {'box': [1029.50830078125, 162.3810577392578, 53.5169677734375, 133.75140380859375], 'conf': 0.7294991, 'label_id': 'person', 'sub_labels': 'other', 'sub_labels_conf': 0.9997811913490295, 'id': 17}, {'box': [91.66996765136719, 642.2055053710938, 166.88299560546875, 253.33984375], 'conf': 0.80905753, 'label_id': 'person', 'sub_labels': 'other', 'sub_labels_conf': 0.8839941620826721, 'id': 7}, {'box': [321.1480712890625, 561.8096923828125, 119.55575561523438, 248.17144775390625], 'conf': 0.8081811, 'label_id': 'person', 'sub_labels': 'other', 'sub_labels_conf': 0.9995678067207336, 'id': 5}, {'box': [389.6818542480469, 400.95147705078125, 91.27789306640625, 112.76199340820312], 'conf': 0.72284, 'label_id': 'person', 'sub_labels': 'other', 'sub_labels_conf': 0.8876227736473083, 'id': 20}, {'box': [508.313232421875, 685.21533203125, 189.6138916015625, 282.32061767578125], 'conf': 0.8886749, 'label_id': 'person', 'sub_labels': 'other', 'sub_labels_conf': 0.9097729921340942, 'id': 19}, {'box': [501.0504455566406, 504.09735107421875, 124.70928955078125, 309.2683410644531], 'conf': 0.739577, 'label_id': 'person', 'sub_labels': 'other', 'sub_labels_conf': 0.9790630340576172, 'id': 8}, {'box': [684.66748046875, 348.9703063964844, 20.88909912109375, 68.78094482421875], 'conf': 0.4041883, 'label_id': 'bottle', 'sub_labels': 'not_human', 'sub_labels_conf': 0.8407351970672607, 'id': 22}, {'box': [124.42224884033203, 882.303955078125, 248.4231719970703, 308.38330078125], 'conf': 0.49044096, 'label_id': 'person', 'sub_labels': 'not_human', 'sub_labels_conf': 0.6624419689178467, 'id': 23}, {'box': [1001.24755859375, 138.361328125, 36.210693359375, 108.60795593261719], 'conf': 0.70385957, 'label_id': 'person', 'sub_labels': 'other', 'sub_labels_conf': 0.8649054169654846, 'id': 24}]"
