frame_number,box_x,box_y,box_w,box_h,conf,label,user_id,region
0,1284,448,132,271,0.8779356,person,1,
0,270,552,126,272,0.86819017,person,2,
0,1567,511,139,248,0.8385135,person,3,
0,1674,578,126,262,0.8081661,person,4,
0,333,560,103,243,0.80236256,person,5,
0,1193,301,94,188,0.79186803,person,6,
0,94,638,155,286,0.7869385,person,7,
0,501,502,115,321,0.7608451,person,8,entrance
0,182,558,104,241,0.6969803,person,9,
0,1116,248,113,239,0.68207943,refrigerator,10,
0,1836,579,111,196,0.66731775,person,11,
0,399,507,102,316,0.6502424,person,12,
1,1281,447,124,273,0.86548567,person,1,
1,270,552,126,272,0.8681918,person,2,
1,1562,510,141,243,0.8167046,person,3,
1,1668,580,134,264,0.8413845,person,4,
1,332,560,103,243,0.79838765,person,5,
1,1193,301,93,187,0.7901204,person,6,
1,95,636,156,289,0.79969263,person,7,
1,500,502,114,321,0.749785,person,8,entrance
1,183,558,105,241,0.7057001,person,9,
1,1116,248,113,239,0.5804591,refrigerator,10,
1,1832,578,107,198,0.84127283,person,11,
1,400,534,100,258,0.6147329,person,12,
2,1275,446,114,275,0.86097425,person,1,atm
2,270,552,126,272,0.86980176,person,2,
2,1556,508,143,239,0.7943713,person,3,
2,1664,579,138,268,0.8422183,person,4,
2,332,560,103,242,0.8059961,person,5,
2,1193,300,93,189,0.7833797,person,6,
2,94,636,157,289,0.80026877,person,7,
2,500,502,114,321,0.74588263,person,8,entrance
2,182,558,104,241,0.7236682,person,9,
2,1116,248,114,240,0.6245611,refrigerator,10,
2,1832,576,108,199,0.80650526,person,11,
2,401,540,98,249,0.6294989,person,12,
2,1357,430,94,226,0.6400974,person,13,
3,1269,445,103,279,0.8542333,person,1,atm
3,270,553,126,271,0.87002206,person,2,
3,1550,511,141,241,0.8707053,person,3,
3,1661,581,142,263,0.8523121,person,4,
3,332,560,102,242,0.7969934,person,5,
3,1193,299,92,188,0.7666405,person,6,
3,94,636,157,288,0.8053296,person,7,
3,499,502,114,321,0.7482561,person,8,entrance
3,185,558,109,240,0.70130676,person,9,
3,1117,248,115,240,0.48091593,refrigerator,10,
3,1831,575,107,203,0.63450867,person,11,
3,400,540,97,247,0.65387934,person,12,
3,1341,430,103,231,0.800095,person,13,
4,1265,444,97,281,0.8520804,person,1,atm
4,270,552,126,272,0.86918104,person,2,
4,1545,511,141,247,0.8762023,person,3,
4,1655,581,154,262,0.8526736,person,4,
4,332,560,102,242,0.80374324,person,5,
4,1194,299,91,188,0.73977137,person,6,
4,94,635,157,288,0.8032003,person,7,
4,500,502,115,320,0.75330245,person,8,entrance
4,185,558,110,240,0.71697235,person,9,
4,1116,248,114,241,0.57637554,refrigerator,10,
4,1833,574,104,204,0.58659387,person,11,
4,400,540,97,248,0.62385076,person,12,
4,1336,429,113,234,0.743086,person,13,
5,1259,443,95,282,0.8503341,person,1,atm
5,270,552,127,272,0.86877644,person,2,
5,1541,511,138,250,0.85428274,person,3,
5,1647,583,152,261,0.84697944,person,4,
5,332,560,101,243,0.7857385,person,5,
5,1194,297,91,190,0.6990128,person,6,
5,94,635,157,288,0.80264974,person,7,
5,500,502,115,321,0.7850711,person,8,entrance
5,185,558,109,241,0.7325269,person,9,
5,1116,248,114,241,0.46193537,refrigerator,10,
5,1833,570,97,205,0.7333912,person,11,
5,400,539,97,250,0.7620031,person,12,
5,1337,427,101,238,0.77979887,person,13,
6,1250,442,101,284,0.86611414,person,1,atm
6,270,552,127,272,0.86832714,person,2,
6,1537,510,132,251,0.838881,person,3,
6,1642,582,149,261,0.86710054,person,4,
6,332,560,101,243,0.79128736,person,5,
6,1194,298,92,192,0.7065689,person,6,
6,94,636,157,287,0.80049616,person,7,
6,500,502,114,322,0.78142345,person,8,entrance
6,185,558,109,241,0.72815835,person,9,
6,1116,248,114,241,0.53826165,refrigerator,10,
6,1834,568,100,205,0.7057709,person,11,
6,401,539,95,250,0.75738704,person,12,
6,1337,424,96,238,0.8078819,person,13,
7,1244,441,105,285,0.86330616,person,1,atm
7,270,552,127,272,0.8699345,person,2,
7,1534,508,126,248,0.80427545,person,3,
7,1637,582,146,260,0.8789938,person,4,
7,331,560,100,243,0.80459225,person,5,
7,1195,298,91,193,0.6952697,person,6,
7,93,635,156,286,0.7834183,person,7,
7,499,500,113,322,0.78283644,person,8,entrance
7,185,558,110,240,0.738197,person,9,
7,1116,248,112,242,0.4294208,refrigerator,10,
7,1828,567,99,208,0.75718766,person,11,
7,401,540,98,250,0.73245835,person,12,
7,1334,423,95,241,0.8462062,person,13,
8,1236,441,111,286,0.86214465,person,1,atm
8,270,552,127,272,0.86489534,person,2,
8,1532,504,120,245,0.8306105,person,3,
8,1634,582,140,260,0.87071407,person,4,
8,332,560,100,243,0.8141796,person,5,
8,1194,298,91,197,0.73657,person,6,
8,93,635,154,286,0.78965145,person,7,
8,500,501,114,321,0.7719614,person,8,entrance
8,185,558,109,239,0.75256336,person,9,
8,1115,248,112,242,0.33865792,refrigerator,10,
8,1822,567,102,209,0.70123583,person,11,
8,400,518,102,295,0.66993076,person,12,
8,1325,423,106,243,0.81241965,person,13,
9,1228,441,116,288,0.85012084,person,1,atm
9,270,552,127,272,0.86402243,person,2,
9,1530,500,116,249,0.74218464,person,3,
9,1632,580,135,265,0.857697,person,4,
9,332,559,100,243,0.81387234,person,5,
9,1194,297,90,198,0.73993194,person,6,
9,92,636,152,285,0.78362566,person,7,
9,499,500,113,321,0.7777219,person,8,entrance
9,185,558,109,240,0.75254434,person,9,
9,1115,249,113,242,0.21766968,refrigerator,10,
9,1812,568,104,207,0.6920392,person,11,
9,400,531,103,268,0.69312525,person,12,
9,1319,423,108,245,0.79110277,person,13,
10,1220,440,118,288,0.85865337,person,1,atm
10,270,552,127,273,0.8629832,person,2,
10,1529,500,112,249,0.23089004,person,3,
10,1629,576,129,268,0.8386904,person,4,
10,332,559,100,243,0.8109963,person,5,
10,1194,298,91,199,0.7220721,person,6,
10,93,636,151,284,0.7732514,person,7,
10,499,499,113,320,0.774257,person,8,entrance
10,185,558,109,240,0.7295906,person,9,
10,1115,248,113,241,0.14950794,refrigerator,10,
10,1811,566,124,207,0.6520171,person,11,
10,400,537,105,257,0.74733967,person,12,
10,1315,420,106,243,0.74491996,person,13,
11,1213,438,117,294,0.8590708,person,1,atm
11,270,552,127,273,0.8662391,person,2,
11,1527,498,106,250,0.69490397,person,3,
11,1627,575,123,269,0.80188185,person,4,
11,332,560,100,243,0.80653983,person,5,
11,1193,297,90,200,0.77433515,person,6,
11,93,637,150,284,0.7760336,person,7,
11,499,500,113,320,0.77343565,person,8,entrance
11,184,558,108,240,0.7340262,person,9,
11,1800,565,118,209,0.67389,person,11,
11,401,538,102,254,0.7483338,person,12,
11,1317,415,88,238,0.7622435,person,13,
11,1619,356,97,182,0.60520244,person,15,
12,1208,438,117,293,0.86908823,person,1,atm
12,270,551,128,274,0.8685353,person,2,
12,1530,497,109,251,0.4945363,person,3,
12,1624,574,120,271,0.6919712,person,4,
12,332,560,101,243,0.80731463,person,5,
12,1193,294,86,196,0.74680996,person,6,
12,93,637,150,284,0.775377,person,7,
12,499,500,113,319,0.7701594,person,8,entrance
12,184,558,107,240,0.7347742,person,9,
12,1794,562,112,215,0.6144412,person,11,
12,401,539,101,254,0.74104965,person,12,
12,1313,411,82,233,0.729242,person,13,
12,1620,357,99,185,0.6801043,person,15,
13,1206,436,116,293,0.8532248,person,1,atm
13,270,551,128,274,0.8658257,person,2,
13,1525,496,100,253,0.6718886,person,3,
13,1622,574,117,274,0.6333165,person,4,
13,332,560,102,243,0.8043121,person,5,
13,1192,296,86,201,0.71663076,person,6,
13,92,637,150,283,0.77126557,person,7,
13,499,500,114,319,0.7614116,person,8,entrance
13,184,558,108,240,0.7330051,person,9,
13,1789,562,110,216,0.79037017,person,11,
13,402,539,101,253,0.7661718,person,12,
13,1308,409,76,234,0.73133916,person,13,
13,1618,361,102,193,0.71916354,person,15,
14,1204,433,111,293,0.86177725,person,1,atm
14,270,551,127,274,0.86712736,person,2,
14,1522,498,98,250,0.7683027,person,3,
14,1621,574,114,275,0.8383926,person,4,
14,333,560,102,243,0.80520314,person,5,
14,1191,296,88,201,0.73262125,person,6,
14,93,638,149,282,0.7822186,person,7,
14,500,501,116,319,0.7575982,person,8,entrance
14,184,558,108,239,0.73795086,person,9,
14,1779,561,113,216,0.77840626,person,11,
14,401,539,102,253,0.7605147,person,12,
14,1301,407,71,232,0.7666272,person,13,
14,1618,362,105,194,0.64193857,person,15,
15,1200,428,104,288,0.8465905,person,1,atm
15,271,551,128,274,0.8679047,person,2,
15,1518,495,100,255,0.8130465,person,3,
15,1617,572,113,280,0.83349824,person,4,
15,333,560,102,242,0.80782956,person,5,
15,1193,295,85,198,0.6593316,person,6,
15,93,639,150,286,0.8052526,person,7,
15,499,500,116,320,0.7472295,person,8,entrance
15,183,557,108,241,0.7547437,person,9,
15,1778,559,109,219,0.7414332,person,11,
15,402,539,102,253,0.7924275,person,12,
15,1297,404,72,231,0.78439516,person,13,
15,1617,361,109,193,0.6458762,person,15,
16,1202,430,104,291,0.8217476,person,1,atm
16,271,551,128,274,0.86783826,person,2,
16,1511,496,113,255,0.7469866,person,3,
16,1609,571,117,279,0.75946337,person,4,
16,333,559,103,242,0.81076694,person,5,
16,1195,293,79,194,0.61098456,person,6,
16,94,639,151,286,0.8030446,person,7,
16,499,499,115,320,0.75794804,person,8,entrance
16,183,557,108,242,0.74866825,person,9,
16,1774,556,105,222,0.7285715,person,11,
16,402,539,101,253,0.790716,person,12,
16,1292,404,74,231,0.7653101,person,13,
16,1617,361,110,194,0.5815023,person,15,
17,1203,424,103,280,0.8275398,person,1,atm
17,271,551,128,274,0.8690352,person,2,
17,1498,493,117,260,0.62846935,person,3,
17,1593,569,136,284,0.79942495,person,4,
17,333,559,105,242,0.82206875,person,5,
17,1198,274,73,158,0.5807437,person,6,
17,94,638,151,288,0.8049171,person,7,
17,499,500,115,320,0.7592337,person,8,entrance
17,183,557,108,242,0.7469833,person,9,
17,1770,553,103,223,0.65236336,person,11,
17,402,539,99,253,0.76451874,person,12,
17,1285,403,81,230,0.7485537,person,13,
17,1617,361,110,195,0.5410302,person,15,
18,1202,418,106,268,0.8441686,person,1,atm
18,271,551,128,275,0.87047106,person,2,
18,1479,491,138,266,0.7637727,person,3,
18,1580,566,149,287,0.5469633,person,4,
18,334,559,106,241,0.8316776,person,5,
18,1199,265,71,139,0.63775915,person,6,
18,94,637,151,289,0.8098957,person,7,
18,499,500,115,319,0.74856806,person,8,entrance
18,182,557,105,241,0.7603075,person,9,
18,1766,549,101,222,0.55964017,person,11,
18,403,538,98,253,0.747162,person,12,
18,1280,401,76,229,0.68049186,person,13,
18,1617,362,109,195,0.54751486,person,15,
19,1191,415,98,258,0.7002001,person,1,atm
19,271,551,128,275,0.87022865,person,2,
19,1470,490,137,267,0.7984246,person,3,
19,1568,568,158,285,0.8665675,person,4,
19,334,559,106,241,0.83466893,person,5,
19,1199,259,71,129,0.7562697,person,6,
19,94,637,151,289,0.8095349,person,7,
19,499,501,116,318,0.7542022,person,8,entrance
19,181,557,102,240,0.76557297,person,9,
19,1764,546,99,220,0.65723455,person,11,
19,404,537,100,253,0.7560619,person,12,
19,1270,401,87,228,0.3396889,person,13,atm
19,1618,362,112,195,0.48214033,person,15,
20,1180,412,92,257,0.77560514,person,1,atm
20,271,551,128,275,0.8704624,person,2,
20,1467,487,128,273,0.7506262,person,3,
20,1560,567,162,288,0.8602675,person,4,
20,334,559,107,241,0.8441076,person,5,
20,1200,254,71,120,0.6995822,person,6,
20,94,637,152,288,0.8075909,person,7,
20,499,501,116,318,0.75553656,person,8,entrance
20,181,557,101,239,0.7623001,person,9,
20,1765,544,95,220,0.72826153,person,11,
20,405,537,100,253,0.749476,person,12,
20,1267,400,83,230,0.6929629,person,13,atm
20,1628,362,134,195,0.5448542,person,15,
21,1170,409,90,258,0.81920147,person,1,atm
21,271,551,128,275,0.8693438,person,2,
21,1465,486,117,274,0.78757954,person,3,
21,1553,566,162,288,0.8573081,person,4,
21,334,559,107,241,0.8416362,person,5,
21,1200,251,71,114,0.71418315,person,6,
21,94,637,152,288,0.809667,person,7,
21,500,501,116,318,0.7539807,person,8,entrance
21,180,557,100,239,0.7667032,person,9,
21,1766,541,93,220,0.82841164,person,11,
21,405,537,100,253,0.7320588,person,12,
21,1263,399,86,231,0.66065246,person,13,atm
21,1632,360,145,191,0.64197147,person,15,
22,1162,407,93,261,0.84258276,person,1,atm
22,271,551,128,275,0.8670819,person,2,
22,1462,483,111,275,0.80846524,person,3,
22,1548,565,160,291,0.87554365,person,4,
22,334,559,107,241,0.8484474,person,5,
22,1200,251,73,114,0.6531207,person,6,
22,94,636,153,289,0.80965626,person,7,
22,500,501,116,319,0.7361388,person,8,entrance
22,180,557,99,239,0.7594758,person,9,
22,1763,540,100,220,0.8131359,person,11,
22,406,537,99,253,0.7336027,person,12,
22,1260,399,88,231,0.7471053,person,13,atm
22,1635,356,147,183,0.53690445,person,15,
23,1151,402,100,265,0.85637355,person,1,atm
23,271,551,128,275,0.86980355,person,2,
23,1461,479,107,276,0.7970542,person,3,
23,1543,561,157,298,0.8379938,person,4,
23,334,559,106,241,0.8447037,person,5,
23,1201,250,73,112,0.7188101,person,6,
23,94,636,153,291,0.81298035,person,7,
23,500,502,117,319,0.7413812,person,8,entrance
23,181,558,100,238,0.7505463,person,9,
23,1752,538,97,219,0.6533323,person,11,
23,407,537,97,253,0.7497054,person,12,
23,1258,398,88,233,0.77536577,person,13,atm
23,1638,352,140,174,0.24303006,person,15,
24,1143,401,106,265,0.776408,person,1,atm
24,271,551,127,275,0.8678099,person,2,
24,1460,477,107,278,0.72925526,person,3,
24,1540,561,157,296,0.87384826,person,4,
24,334,559,106,240,0.8363364,person,5,
24,1202,249,72,111,0.6743496,person,6,
24,93,635,153,291,0.8152903,person,7,
24,500,502,115,318,0.73642194,person,8,entrance
24,181,558,100,238,0.7488764,person,9,
24,1742,536,101,218,0.7396368,person,11,
24,407,537,96,252,0.75341886,person,12,
24,1257,397,89,235,0.8104095,person,13,atm
24,1635,346,127,163,0.45234707,person,15,
25,1139,400,107,264,0.81809795,person,1,atm
25,271,551,127,276,0.8689364,person,2,
25,1459,470,99,250,0.71631444,person,3,
25,1538,558,154,297,0.81723136,person,4,
25,334,559,105,240,0.8297483,person,5,
25,1202,246,71,105,0.6180548,person,6,
25,93,635,153,291,0.81734973,person,7,
25,499,502,114,318,0.74102765,person,8,entrance
25,181,558,101,238,0.7586681,person,9,
25,1732,534,113,216,0.7775031,person,11,
25,407,538,95,251,0.7477008,person,12,
25,1254,394,88,235,0.7630113,person,13,atm
25,1629,341,107,155,0.5269352,person,15,
25,1708,416,66,189,0.6059194,person,16,
26,1134,400,114,262,0.77492,person,1,atm
26,271,551,127,276,0.87098795,person,2,
26,1456,466,94,241,0.6882429,person,3,
26,1536,558,151,296,0.81033975,person,4,
26,334,558,105,240,0.8262496,person,5,
26,1202,252,71,118,0.4140589,person,6,
26,92,635,151,293,0.82069045,person,7,
26,499,503,113,316,0.72524697,person,8,entrance
26,181,558,98,238,0.7827554,person,9,
26,1728,534,110,216,0.7995328,person,11,
26,408,537,94,252,0.7519605,person,12,
26,1253,392,90,234,0.7401321,person,13,atm
26,1624,340,99,153,0.5641679,person,15,
26,1708,418,65,186,0.414923,person,16,
27,1130,399,114,262,0.80392456,person,1,atm
27,271,551,128,275,0.8742427,person,2,
27,1450,464,85,236,0.4662399,person,3,
27,1529,552,136,287,0.72989076,person,4,
27,334,558,105,240,0.8351596,person,5,
27,1202,252,70,117,0.24339521,person,6,
27,91,636,150,291,0.81371737,person,7,
27,499,504,113,312,0.7264703,person,8,entrance
27,181,557,97,237,0.7816446,person,9,
27,1722,533,112,215,0.76636624,person,11,
27,407,538,95,251,0.7498102,person,12,
27,1246,389,83,232,0.32406768,person,13,atm
27,1623,349,96,174,0.5978672,person,15,
27,1707,419,66,186,0.2962657,person,16,
28,1126,398,113,261,0.8081079,person,1,atm
28,271,551,128,276,0.8696645,person,2,
28,1525,546,127,280,0.7069672,person,4,
28,334,558,105,239,0.8420898,person,5,
28,90,639,149,284,0.8009204,person,7,
28,499,504,111,311,0.74172366,person,8,entrance
28,181,557,97,237,0.8057279,person,9,
28,1715,533,118,218,0.7121232,person,11,
28,407,537,96,252,0.75627446,person,12,
28,1227,360,102,279,0.6267952,person,13,atm
28,1624,354,93,182,0.4925637,person,15,
28,1712,421,57,187,0.1575373,person,16,
29,1120,397,113,262,0.81903374,person,1,atm
29,271,551,128,276,0.87131286,person,2,
29,1520,548,114,283,0.7894106,person,4,
29,334,558,104,239,0.83571583,person,5,
29,90,640,148,280,0.7877442,person,7,
29,499,503,111,312,0.6654602,person,8,entrance
29,181,557,98,237,0.7971408,person,9,
29,1710,532,118,221,0.7575587,person,11,
29,408,537,96,252,0.7574495,person,12,
29,1214,349,103,294,0.75955904,person,13,atm
29,1621,358,98,191,0.54785657,person,15,
29,1713,419,54,182,0.1789767,person,16,
29,1430,472,98,254,0.618437,person,3,
30,1117,395,111,261,0.8089164,person,1,atm
30,270,551,127,276,0.86088836,person,2,
30,1519,548,109,286,0.7843813,person,4,
30,334,557,105,237,0.81871223,person,5,
30,90,639,148,279,0.8286339,person,7,
30,499,502,111,313,0.6378912,person,8,entrance
30,181,557,97,237,0.82951164,person,9,
30,1707,531,116,223,0.4729197,person,11,
30,407,537,98,253,0.75823456,person,12,
30,1209,343,102,301,0.81176853,person,13,
30,1632,357,124,190,0.5398334,person,15,
30,1712,419,56,184,0.26457176,person,16,
30,1426,477,100,255,0.7252267,person,3,
31,1114,394,108,262,0.86338586,person,1,atm
31,270,551,127,276,0.86327475,person,2,
31,1517,546,109,285,0.82749003,person,4,
31,334,557,105,238,0.83204645,person,5,
31,91,639,150,278,0.8261652,person,7,
31,499,501,112,313,0.6527836,person,8,entrance
31,180,558,97,237,0.8204195,person,9,
31,1704,528,111,219,0.73455405,person,11,
31,407,536,98,252,0.7626257,person,12,
31,1204,342,97,305,0.7408761,person,13,
31,1625,358,115,191,0.5491412,person,15,
31,1710,421,60,187,0.4698832,person,16,
31,1424,473,95,251,0.39651188,person,3,
32,1112,390,108,261,0.85827804,person,1,atm
32,270,551,127,276,0.86209106,person,2,
32,1506,545,120,283,0.8224806,person,4,
32,334,558,105,238,0.82617253,person,5,
32,91,639,150,279,0.8281751,person,7,
32,498,501,112,313,0.60746413,person,8,entrance
32,180,558,97,236,0.8206995,person,9,
32,1700,525,105,216,0.7099315,person,11,
32,407,536,99,252,0.76377547,person,12,
32,1201,339,95,300,0.5319642,person,13,
32,1618,360,113,194,0.5542189,person,15,
32,1708,423,62,189,0.37902385,person,16,
32,1416,471,104,253,0.5369134,person,3,
33,1106,386,98,256,0.8433693,person,1,atm
33,270,551,127,277,0.8660301,person,2,
33,1497,540,134,288,0.8507395,person,4,
33,334,558,105,237,0.8314547,person,5,
33,90,640,149,280,0.8244992,person,7,
33,498,502,112,313,0.6101918,person,8,entrance
33,181,557,97,236,0.8237738,person,9,
33,1698,523,100,216,0.7604055,person,11,
33,407,536,99,251,0.7620381,person,12,
33,1199,339,91,300,0.46027195,person,13,
33,1616,361,111,195,0.5595983,person,15,
33,1708,421,63,184,0.25850207,person,16,
33,1402,464,126,243,0.60382766,person,3,
34,1102,384,98,257,0.8247357,person,1,atm
34,270,551,127,277,0.86691236,person,2,
34,1484,540,149,282,0.8348372,person,4,
34,334,558,105,235,0.8241829,person,5,
34,90,641,148,281,0.83421355,person,7,
34,498,501,112,313,0.61866415,person,8,entrance
34,181,557,96,237,0.813862,person,9,
34,1695,520,95,216,0.8202086,person,11,
34,406,535,100,251,0.7630234,person,12,
34,1203,339,96,301,0.81742275,person,13,
34,1616,361,106,195,0.62766004,person,15,
34,1706,421,66,183,0.27720803,person,16,
34,1390,466,135,231,0.22263764,person,3,
35,1093,383,92,258,0.85487276,person,1,atm
35,270,551,127,277,0.8646717,person,2,
35,1469,539,156,281,0.8825734,person,4,
35,334,558,106,237,0.8156865,person,5,
35,90,641,148,282,0.833606,person,7,
35,498,501,112,314,0.6361415,person,8,entrance
35,181,557,96,237,0.81366485,person,9,
35,1693,518,92,217,0.84249717,person,11,
35,406,535,99,250,0.76039714,person,12,
35,1192,338,110,298,0.63131565,person,13,
35,1619,361,113,194,0.43380353,person,15,
35,1707,420,65,180,0.102779865,person,16,
35,1381,458,137,224,0.59374094,person,3,
36,1086,382,91,258,0.86385816,person,1,atm
36,271,551,127,277,0.8629765,person,2,
36,1457,539,159,279,0.86552304,person,4,
36,334,558,106,238,0.81893486,person,5,
36,89,642,148,283,0.8334932,person,7,
36,498,501,112,314,0.6557934,person,8,entrance
36,181,557,95,236,0.8140078,person,9,
36,1690,516,86,219,0.8045409,person,11,
36,407,534,99,249,0.7670512,person,12,
36,1184,371,102,235,0.5764075,person,13,atm
36,1616,361,108,193,0.52829945,person,15,
36,1709,416,59,174,0.108527504,person,16,
36,1376,455,137,221,0.45961595,person,3,
37,1080,381,94,259,0.8878296,person,1,atm
37,270,551,127,276,0.8592211,person,2,
37,1449,533,161,290,0.7477548,person,4,
37,334,559,106,240,0.8100424,person,5,
37,89,642,145,285,0.83473736,person,7,
37,498,501,112,315,0.65033156,person,8,entrance
37,181,558,95,236,0.81090754,person,9,
37,1685,515,91,218,0.8331054,person,11,
37,405,535,99,250,0.7719888,person,12,
37,1188,382,111,218,0.43165317,person,13,atm
37,1615,361,106,192,0.5403319,person,15,
37,1714,395,49,133,0.30147022,person,16,
37,1376,455,130,229,0.7549666,person,3,
38,1075,380,98,259,0.87338847,person,1,atm
38,270,551,127,276,0.85997033,person,2,
38,1447,535,144,285,0.8665074,person,4,
38,333,559,107,240,0.8261094,person,5,
38,89,643,144,284,0.83046174,person,7,
38,498,502,112,315,0.6591594,person,8,entrance
38,181,558,95,236,0.81336176,person,9,
38,1672,515,108,219,0.843132,person,11,
38,405,535,99,249,0.7815575,person,12,
38,1182,385,101,208,0.46079648,person,13,atm
38,1615,361,106,192,0.5349063,person,15,
38,1716,387,46,117,0.4776523,person,16,
38,1369,451,132,227,0.7676738,person,3,
39,1072,379,100,260,0.86259615,person,1,atm
39,270,551,127,276,0.8565344,person,2,
39,1434,534,152,281,0.8240048,person,4,
39,334,559,109,239,0.7701588,person,5,
39,88,644,147,281,0.8353519,person,7,
39,498,505,112,311,0.6178448,person,8,entrance
39,181,557,95,236,0.81410944,person,9,
39,1663,515,120,219,0.84288335,person,11,
39,405,535,99,249,0.78313226,person,12,
39,1181,383,96,202,0.54793304,person,13,atm
39,1615,361,105,193,0.56183636,person,15,
39,1716,385,46,112,0.4128905,person,16,
39,1380,435,96,198,0.5947714,person,3,
39,1198,277,81,166,0.74317396,person,6,
40,1070,379,98,259,0.8674899,person,1,atm
40,270,551,127,275,0.8580288,person,2,
40,1426,531,153,282,0.8845207,person,4,
40,334,559,109,239,0.7702564,person,5,
40,88,644,148,282,0.8277078,person,7,
40,498,505,112,310,0.6410209,person,8,entrance
40,181,557,95,236,0.82542634,person,9,
40,1656,516,127,218,0.85166085,person,11,
40,406,535,97,249,0.78233844,person,12,
40,1176,383,91,199,0.65313363,person,13,atm
40,1615,361,105,193,0.58351266,person,15,
40,1716,384,46,110,0.3627751,person,16,
40,1385,428,67,185,0.65114576,person,3,
40,1198,278,81,167,0.7817394,person,6,
41,1066,379,98,260,0.86013716,person,1,atm
41,270,551,127,276,0.85723895,person,2,
41,1420,529,149,281,0.8949893,person,4,
41,333,559,109,240,0.7867455,person,5,
41,89,645,148,281,0.82671726,person,7,
41,498,505,112,311,0.6785591,person,8,entrance
41,181,558,95,236,0.8243514,person,9,
41,1651,515,133,219,0.82997864,person,11,
41,406,535,97,249,0.76936847,person,12,
41,1180,375,98,216,0.6866031,person,13,atm
41,1615,361,108,193,0.5663517,person,15,
41,1715,384,48,111,0.2885021,person,16,
41,1381,423,67,184,0.6365228,person,3,
41,1197,279,82,169,0.20115343,person,6,
42,1060,378,99,261,0.87329954,person,1,atm
42,270,551,127,276,0.8576912,person,2,
42,1416,527,142,279,0.8654859,person,4,
42,333,559,110,240,0.7660976,person,5,
42,90,645,148,280,0.82208353,person,7,
42,498,504,112,313,0.6692003,person,8,entrance
42,181,558,95,235,0.82721484,person,9,
42,1646,513,133,222,0.8320654,person,11,
42,406,536,97,249,0.75820595,person,12,
42,1181,353,102,269,0.77226996,person,13,atm
42,1615,361,106,195,0.57640386,person,15,
42,1716,385,47,110,0.33227777,person,16,
42,1367,436,89,222,0.5722959,person,3,
42,1196,277,80,167,0.21187107,person,6,
43,1056,377,99,262,0.8769186,person,1,atm
43,270,551,127,276,0.8585602,person,2,
43,1412,526,134,275,0.82898706,person,4,
43,332,559,108,238,0.7272232,person,5,
43,89,646,148,278,0.8289649,person,7,
43,498,503,112,315,0.67745733,person,8,entrance
43,181,558,95,235,0.8272054,person,9,
43,1641,513,124,223,0.8529831,person,11,
43,407,536,96,248,0.74969393,person,12,
43,1181,343,103,282,0.73851174,person,13,
43,1616,361,107,197,0.5451664,person,15,
43,1714,408,51,161,0.5732155,person,16,
43,1361,439,92,237,0.78945065,person,3,
43,1194,275,81,164,0.35167193,person,6,
44,1052,377,97,262,0.8785075,person,1,atm
44,270,551,127,275,0.85526663,person,2,
44,1404,524,128,276,0.78334475,person,4,
44,332,558,111,240,0.74547684,person,5,
44,89,647,147,277,0.8319787,person,7,
44,498,503,112,315,0.6716923,person,8,entrance
44,181,558,95,235,0.82893515,person,9,
44,1637,513,117,223,0.85538214,person,11,
44,407,536,96,248,0.75449127,person,12,
44,1174,352,96,244,0.7531791,person,13,atm
44,1617,362,113,198,0.5001742,person,15,
44,1711,416,57,178,0.6136304,person,16,
44,1356,437,89,247,0.75972277,person,3,
44,1195,272,77,159,0.3373092,person,6,
45,1050,375,94,261,0.8797271,person,1,atm
45,269,551,127,274,0.8523675,person,2,
45,1410,498,96,230,0.60975766,person,4,
45,334,558,111,236,0.6570294,person,5,
45,90,647,148,273,0.83440834,person,7,
45,498,506,112,309,0.50602436,person,8,entrance
45,181,558,96,237,0.83714354,person,9,
45,1634,510,112,225,0.84395236,person,11,
45,407,536,94,249,0.741055,person,12,
45,1171,356,90,226,0.77353036,person,13,atm
45,1627,364,133,203,0.5800802,person,15,
45,1709,421,61,186,0.6871561,person,16,
45,1350,436,90,254,0.77113956,person,3,
45,1193,268,79,152,0.22236365,person,6,
46,1045,372,96,260,0.8766683,person,1,atm
46,269,552,126,274,0.8538067,person,2,
46,1405,510,92,265,0.7282213,person,4,
46,335,558,111,232,0.65379244,person,5,
46,91,647,147,271,0.8321606,person,7,
46,498,507,112,307,0.52001,person,8,entrance
46,181,557,97,238,0.83414286,person,9,
46,1631,505,108,223,0.85137653,person,11,
46,408,534,92,248,0.7353124,person,12,
46,1168,357,88,223,0.68122375,person,13,atm
46,1634,373,145,221,0.6311563,person,15,
46,1709,421,62,191,0.5818068,person,16,
46,1343,434,95,260,0.8212232,person,3,
46,1193,265,77,148,0.26909596,person,6,
47,1041,371,98,260,0.87925005,person,1,atm
47,269,552,126,273,0.85501885,person,2,
47,1397,515,96,276,0.79054767,person,4,
47,335,558,110,231,0.6647034,person,5,
47,91,647,147,271,0.83527315,person,7,
47,498,506,112,309,0.5632428,person,8,entrance
47,181,557,97,239,0.83875674,person,9,
47,1628,503,102,221,0.87163806,person,11,
47,409,534,92,247,0.73647577,person,12,
47,1164,355,88,218,0.5285421,person,13,atm
47,1633,377,137,227,0.5014537,person,15,
47,1709,420,62,193,0.6040862,person,16,
47,1337,434,97,262,0.8491643,person,3,
47,1193,248,73,116,0.4391329,person,6,
48,1035,367,97,258,0.8881409,person,1,atm
48,269,552,126,273,0.85333943,person,2,
48,1388,514,106,284,0.8065125,person,4,
48,335,558,109,231,0.6733576,person,5,
48,90,646,149,270,0.8416275,person,7,
48,498,505,112,311,0.54807276,person,8,entrance
48,180,557,99,239,0.84180105,person,9,
48,1627,500,98,222,0.8233802,person,11,
48,409,534,91,246,0.73348105,person,12,
48,1153,352,75,214,0.66150486,person,13,atm
48,1629,376,129,225,0.619749,person,15,
48,1709,418,62,196,0.6029606,person,16,
48,1328,435,102,264,0.8427915,person,3,
48,1193,243,71,106,0.5172073,person,6,
49,1032,363,93,253,0.8758539,person,1,atm
49,269,552,126,273,0.8505834,person,2,
49,1373,512,120,289,0.79397064,person,4,
49,332,558,109,235,0.683927,person,5,
49,89,646,151,270,0.84272367,person,7,
49,498,504,113,313,0.55691123,person,8,entrance
49,180,556,98,240,0.8409187,person,9,
49,1624,500,91,221,0.8203082,person,11,
49,409,535,91,246,0.7085547,person,12,
49,1153,352,83,215,0.6156094,person,13,atm
49,1626,374,118,220,0.5636088,person,15,
49,1710,413,62,206,0.60568124,person,16,
49,1319,431,108,261,0.87618256,person,3,
49,1191,295,72,209,0.5618762,person,6,
50,1030,360,88,251,0.86305755,person,1,atm
50,269,552,126,274,0.8492902,person,2,
50,1365,512,128,289,0.7959227,person,4,
50,331,558,109,235,0.6971619,person,5,
50,90,646,151,268,0.84689254,person,7,
50,498,504,113,314,0.5744619,person,8,entrance
50,180,557,98,240,0.83299154,person,9,
50,1621,499,86,222,0.8506972,person,11,
50,409,535,91,246,0.710654,person,12,
50,1149,351,89,215,0.704552,person,13,atm
50,1625,370,115,213,0.6924221,person,15,
50,1709,412,64,209,0.60798234,person,16,
50,1311,428,113,258,0.8135427,person,3,
50,1190,308,73,236,0.5598176,person,6,
51,1029,355,86,246,0.86002266,person,1,atm
51,269,552,126,274,0.8521539,person,2,
51,1354,510,138,290,0.8121961,person,4,
51,332,558,111,238,0.7008067,person,5,
51,90,646,151,267,0.84674245,person,7,
51,498,504,113,313,0.58549684,person,8,entrance
51,181,557,97,239,0.83208454,person,9,
51,1612,497,95,225,0.84259355,person,11,
51,409,535,92,245,0.70301074,person,12,
51,1148,351,94,214,0.6982986,person,13,atm
51,1623,369,113,210,0.6762349,person,15,
51,1708,411,66,209,0.54697275,person,16,
51,1308,419,111,241,0.80459386,person,3,
51,1189,313,75,245,0.55027235,person,6,
52,1029,352,86,243,0.86938894,person,1,atm
52,269,551,126,274,0.8573552,person,2,
52,1344,509,141,293,0.8300219,person,4,
52,335,558,110,235,0.68344927,person,5,
52,90,645,151,265,0.8439374,person,7,
52,498,503,113,314,0.5711786,person,8,entrance
52,181,557,97,240,0.836091,person,9,
52,1601,496,104,224,0.864169,person,11,
52,408,535,92,246,0.65878624,person,12,
52,1141,353,109,219,0.5799093,person,13,atm
52,1622,365,115,203,0.69929403,person,15,
52,1708,412,66,207,0.58160734,person,16,
52,1301,416,114,235,0.82311034,person,3,
52,1189,314,75,246,0.634583,person,6,
53,1026,351,85,243,0.86295956,person,1,atm
53,269,551,126,274,0.85777164,person,2,
53,1340,509,132,296,0.84152466,person,4,
53,332,557,103,235,0.63874954,person,5,
53,91,645,151,265,0.8460439,person,7,
53,498,503,113,314,0.5718065,person,8,entrance
53,181,557,97,241,0.83495325,person,9,
53,1590,496,114,220,0.85110134,person,11,
53,407,535,92,246,0.631223,person,12,
53,1131,353,99,222,0.71047354,person,13,atm
53,1620,361,113,196,0.62430114,person,15,
53,1708,411,67,208,0.5413276,person,16,
53,1297,414,115,234,0.79808706,person,3,
53,1188,311,75,240,0.66117376,person,6,
54,1023,351,82,244,0.8539286,person,1,atm
54,269,551,125,274,0.8536895,person,2,
54,1334,510,126,296,0.86052203,person,4,
54,326,557,89,234,0.631349,person,5,
54,92,646,152,265,0.8412127,person,7,
54,498,502,114,314,0.5538169,person,8,entrance
54,181,557,97,242,0.8291185,person,9,
54,1586,495,112,220,0.8315055,person,11,
54,405,514,99,289,0.5981732,person,12,
54,1129,352,89,224,0.7575112,person,13,atm
54,1619,357,111,186,0.42083472,person,15,
54,1708,417,67,199,0.55117464,person,16,
54,1292,413,112,235,0.78338355,person,3,
54,1186,307,77,234,0.71745753,person,6,
55,1019,350,81,245,0.85345334,person,1,atm
55,269,551,125,275,0.85216075,person,2,
55,1329,508,122,296,0.8573485,person,4,
55,320,554,84,231,0.6412107,person,5,
55,90,646,153,266,0.84767777,person,7,
55,498,503,113,313,0.5678509,person,8,entrance
55,181,556,97,242,0.82969385,person,9,
55,1584,495,105,218,0.82834905,person,11,
55,407,526,95,266,0.6325995,person,12,
55,1126,352,84,223,0.77613467,person,13,atm
55,1623,379,110,231,0.1582971,person,15,
55,1708,420,67,192,0.60835284,person,16,
55,1291,410,100,236,0.7837749,person,3,
55,1185,309,78,238,0.72130376,person,6,
56,1015,348,83,246,0.855036,person,1,atm
56,269,551,125,275,0.8539646,person,2,
56,1324,501,115,300,0.8261504,person,4,
56,324,555,90,234,0.63654685,person,5,
56,90,646,153,266,0.84817475,person,7,
56,499,503,113,312,0.55955356,person,8,entrance
56,181,556,97,242,0.83052284,person,9,
56,1575,496,109,216,0.7835427,person,11,
56,408,532,93,253,0.6588178,person,12,
56,1125,350,86,223,0.75410944,person,13,atm
56,1622,386,115,245,0.14615642,person,15,
56,1708,419,66,193,0.6070595,person,16,
56,1288,408,92,237,0.7446584,person,3,
56,1184,309,78,238,0.75358564,person,6,
57,1011,348,84,246,0.84917486,person,1,atm
57,269,551,125,275,0.8506516,person,2,
57,1319,488,107,290,0.8422391,person,4,
57,327,555,95,237,0.63682175,person,5,
57,89,644,153,263,0.8414403,person,7,
57,499,502,113,314,0.57193255,person,8,entrance
57,181,556,97,243,0.8270726,person,9,
57,1569,493,109,222,0.8416177,person,11,
57,408,534,92,251,0.6516609,person,12,
57,1119,348,91,220,0.76650083,person,13,atm
57,1636,389,109,251,0.19434223,person,15,
57,1708,418,66,193,0.50307196,person,16,
57,1284,406,89,239,0.7328771,person,3,
57,1184,305,76,230,0.77018553,person,6,
58,1008,348,80,246,0.8316566,person,1,atm
58,269,551,125,275,0.85224766,person,2,
58,1314,489,101,283,0.82134724,person,4,
58,330,555,101,239,0.63807654,person,5,
58,89,644,153,262,0.84117734,person,7,
58,499,502,114,315,0.5903668,person,8,entrance
58,181,556,97,243,0.82297975,person,9,
58,1566,489,106,223,0.8596864,person,11,
58,408,536,92,250,0.63224274,person,12,
58,1115,346,93,220,0.7900175,person,13,atm
58,1708,420,65,190,0.53154826,person,16,
58,1284,402,82,237,0.6674166,person,3,
58,1183,304,76,225,0.79025537,person,6,
59,1004,348,80,246,0.8355523,person,1,atm
59,269,551,125,275,0.85144204,person,2,
59,1309,483,94,283,0.79840636,person,4,
59,331,555,104,240,0.63149256,person,5,
59,89,644,153,261,0.8399802,person,7,
59,499,502,114,314,0.5696038,person,8,entrance
59,181,556,98,243,0.82069916,person,9,
59,1564,487,105,223,0.74510735,person,11,
59,409,536,91,250,0.6128988,person,12,
59,1109,344,87,219,0.8030746,person,13,
59,1708,419,66,191,0.37599632,person,16,
59,1279,384,76,205,0.64724624,person,3,
59,1182,303,76,223,0.7820099,person,6,
60,1002,348,80,246,0.87014943,person,1,atm
60,269,551,125,275,0.8510754,person,2,
60,1305,478,92,291,0.7964461,person,4,
60,328,555,107,238,0.63754195,person,5,
60,89,643,151,259,0.8353425,person,7,
60,499,502,113,312,0.54222316,person,8,entrance
60,181,556,97,242,0.8226161,person,9,
60,1562,484,103,222,0.855624,person,11,
60,407,536,96,249,0.5517138,person,12,
60,1103,341,83,219,0.7860154,person,13,
60,1708,418,65,191,0.3344108,person,16,
60,1272,390,78,218,0.6589644,person,3,atm
60,1181,302,75,221,0.77782667,person,6,
61,1000,347,82,247,0.8563314,person,1,atm
61,269,551,124,274,0.84958106,person,2,
61,1295,474,101,289,0.808535,person,4,
61,326,555,107,236,0.63189924,person,5,
61,89,643,153,259,0.8293442,person,7,
61,500,503,113,311,0.55952865,person,8,entrance
61,181,556,97,242,0.81665945,person,9,
61,1562,481,106,221,0.81365544,person,11,
61,406,537,97,249,0.60716856,person,12,
61,1099,336,84,211,0.7807448,person,13,
61,1708,417,65,192,0.29380465,person,16,
61,1267,388,77,218,0.6214479,person,3,atm
61,1181,302,75,221,0.78352994,person,6,
62,998,346,88,246,0.8524876,person,1,atm
62,269,552,124,274,0.8475674,person,2,
62,1286,472,104,289,0.82224834,person,4,
62,323,555,104,235,0.61027235,person,5,
62,88,643,154,259,0.82937115,person,7,
62,500,503,113,310,0.55858624,person,8,entrance
62,181,557,97,241,0.81181735,person,9,
62,1557,479,98,223,0.77796715,person,11,
62,406,536,96,249,0.6792105,person,12,
62,1094,332,87,206,0.76529086,person,13,
62,1708,415,66,197,0.28937024,person,16,
62,1258,392,79,229,0.57770413,person,3,atm
62,1181,302,74,220,0.7689895,person,6,
62,1647,343,111,155,0.57422966,person,15,
63,997,342,95,243,0.8574995,person,1,
63,269,552,124,274,0.84758395,person,2,
63,1276,469,112,290,0.83616984,person,4,atm
63,322,554,104,233,0.5800945,person,5,
63,88,643,156,260,0.8223497,person,7,
63,501,504,114,309,0.49342135,person,8,entrance
63,181,557,97,241,0.8011998,person,9,
63,1560,478,100,224,0.750959,person,11,
63,407,537,96,249,0.6807647,person,12,
63,1090,331,89,206,0.7157719,person,13,
63,1708,412,67,202,0.26887718,person,16,
63,1251,398,81,242,0.5024807,person,3,atm
63,1180,302,75,220,0.77170855,person,6,
63,1646,339,109,148,0.4034355,person,15,
64,988,339,89,238,0.8451981,person,1,
64,269,551,125,275,0.8483156,person,2,
64,1267,467,119,285,0.84345776,person,4,atm
64,325,555,113,235,0.63584733,person,5,
64,87,644,157,262,0.82526666,person,7,
64,500,503,113,311,0.5616076,person,8,entrance
64,181,557,97,241,0.79857785,person,9,
64,1554,478,92,225,0.7737986,person,11,
64,408,537,95,249,0.7001797,person,12,
64,1087,330,91,206,0.70779055,person,13,
64,1708,409,67,208,0.2982475,person,16,
64,1244,397,82,240,0.692941,person,3,atm
64,1181,304,74,222,0.76578027,person,6,
64,1646,341,113,151,0.4550652,person,15,
65,985,334,90,231,0.8644376,person,1,
65,269,551,125,275,0.8495323,person,2,
65,1254,466,133,286,0.8318703,person,4,atm
65,326,555,116,236,0.6296098,person,5,
65,87,645,159,264,0.82856506,person,7,
65,500,504,113,310,0.5263446,person,8,entrance
65,181,557,97,241,0.8062755,person,9,
65,1544,476,95,227,0.84202975,person,11,
65,408,537,95,249,0.6899912,person,12,
65,1076,331,79,208,0.62566155,person,13,
65,1708,410,66,207,0.29140946,person,16,
65,1231,395,91,237,0.6489808,person,3,atm
65,1181,302,75,220,0.74499834,person,6,
65,1646,337,117,140,0.10306762,person,15,
66,980,329,90,226,0.86184555,person,1,
66,269,551,125,275,0.849437,person,2,
66,1242,466,142,286,0.75584286,person,4,atm
66,327,556,117,237,0.6236238,person,5,
66,87,645,160,265,0.82515574,person,7,
66,500,504,114,309,0.48292378,person,8,entrance
66,181,556,97,242,0.8084524,person,9,
66,1532,476,105,226,0.8448874,person,11,
66,408,537,95,249,0.69944507,person,12,
66,1077,331,90,210,0.6649992,person,13,
66,1708,410,66,207,0.33577567,person,16,
66,1219,394,103,235,0.46683893,person,3,atm
66,1181,306,74,226,0.76028174,person,6,
66,1646,337,120,139,0.11167921,person,15,
67,973,326,90,223,0.8632542,person,1,
67,269,551,125,275,0.85208654,person,2,
67,1232,465,147,286,0.8657342,person,4,atm
67,328,556,117,237,0.61932105,person,5,
67,87,645,162,267,0.83942974,person,7,
67,500,504,114,309,0.48495746,person,8,entrance
67,182,557,97,242,0.80419606,person,9,
67,1520,477,117,227,0.8761177,person,11,
67,408,537,95,249,0.6920148,person,12,
67,1075,331,94,209,0.76268995,person,13,
67,1707,409,65,209,0.32205114,person,16,
67,1216,392,94,232,0.22424456,person,3,atm
67,1181,308,75,229,0.75513333,person,6,
67,1634,353,116,176,0.5424665,person,15,
68,968,323,92,222,0.8657614,person,1,
68,269,551,125,275,0.85474616,person,2,
68,1224,455,150,298,0.81581134,person,4,atm
68,328,556,117,235,0.6235871,person,5,
68,86,644,163,266,0.8443845,person,7,
68,500,504,113,310,0.46547356,person,8,entrance
68,181,556,97,242,0.79903406,person,9,
68,1512,476,124,227,0.870715,person,11,
68,408,536,95,248,0.7271006,person,12,
68,1073,331,96,212,0.7405996,person,13,
68,1707,408,65,211,0.31549147,person,16,
68,1208,391,95,233,0.14831193,person,3,atm
68,1181,309,75,231,0.7903819,person,6,
68,1636,357,132,185,0.65356964,person,15,
69,964,323,93,223,0.87070847,person,1,
69,269,551,125,275,0.8534192,person,2,
69,1221,458,154,288,0.86349183,person,4,atm
69,327,556,118,231,0.62642795,person,5,
69,85,644,164,266,0.8433041,person,7,
69,500,504,114,309,0.43402967,person,8,entrance
69,181,556,99,243,0.79309434,person,9,
69,1504,477,128,227,0.8421543,person,11,
69,409,536,94,247,0.7236134,person,12,
69,1071,329,95,211,0.72643924,person,13,
69,1707,408,66,210,0.27401355,person,16,
69,1205,390,102,232,0.5285672,person,3,atm
69,1181,306,74,226,0.7708793,person,6,
69,1635,358,138,187,0.66628814,person,15,
70,962,323,94,224,0.8715416,person,1,
70,269,551,124,275,0.8588787,person,2,
70,1221,459,152,282,0.8467527,person,4,atm
70,328,556,116,230,0.6428323,person,5,
70,85,645,164,267,0.8400034,person,7,
70,500,504,113,310,0.45623526,person,8,entrance
70,181,555,99,244,0.7780956,person,9,
70,1500,476,133,229,0.85683674,person,11,
70,409,536,94,247,0.6389883,person,12,
70,1068,328,94,213,0.73537725,person,13,
70,1707,407,66,211,0.27191928,person,16,
70,1204,389,107,237,0.53479695,person,3,atm
70,1181,306,75,224,0.76955676,person,6,
70,1635,359,140,190,0.72918063,person,15,
71,959,322,96,226,0.8744061,person,1,
71,269,551,124,275,0.8606203,person,2,
71,1217,453,150,286,0.8686154,person,4,atm
71,328,555,115,227,0.5769687,person,5,
71,85,646,163,266,0.8365504,person,7,
71,499,504,113,310,0.45651007,person,8,entrance
71,181,555,99,245,0.78262556,person,9,
71,1502,473,130,234,0.8242147,person,11,
71,408,536,95,247,0.5683741,person,12,
71,1066,328,91,214,0.79800385,person,13,
71,1707,407,66,212,0.3118238,person,16,
71,1184,304,79,221,0.7578118,person,6,
71,1634,360,142,191,0.7181342,person,15,
72,956,322,98,229,0.8868277,person,1,
72,269,551,124,275,0.85200953,person,2,
72,1214,448,146,285,0.8644712,person,4,atm
72,325,557,115,228,0.56490475,person,5,
72,86,646,165,265,0.8317045,person,7,
72,499,503,114,312,0.4568877,person,8,entrance
72,181,555,98,245,0.77583253,person,9,
72,1504,469,126,240,0.7974374,person,11,
72,403,517,104,288,0.52104527,person,12,
72,1063,322,88,204,0.80939937,person,13,
72,1707,405,66,215,0.30540982,person,16,
72,1185,304,81,222,0.7941017,person,6,
72,1635,360,143,190,0.7201729,person,15,
73,953,320,97,226,0.88365483,person,1,
73,269,551,124,275,0.8534163,person,2,
73,1207,444,133,283,0.8784352,person,4,atm
73,324,558,115,229,0.6085828,person,5,
73,87,646,165,264,0.82622564,person,7,
73,499,502,114,313,0.494708,person,8,entrance
73,181,555,98,243,0.7791585,person,9,
73,1503,465,130,242,0.8139726,person,11,
73,401,509,108,304,0.586898,person,12,
73,1061,319,85,201,0.83364385,person,13,
73,1707,405,67,216,0.30902416,person,16,
73,1184,303,79,220,0.8057403,person,6,
73,1635,360,142,192,0.71780175,person,15,
74,951,318,97,224,0.8975913,person,1,
74,269,551,124,275,0.8561773,person,2,
74,1202,441,122,281,0.88440573,person,4,atm
74,325,558,115,229,0.6118414,person,5,
74,87,646,164,264,0.828765,person,7,
74,498,502,114,315,0.5609156,person,8,entrance
74,181,556,97,243,0.7811195,person,9,
74,1502,462,134,239,0.77780044,person,11,
74,401,505,109,311,0.6763223,person,12,
74,1060,318,82,204,0.8424641,person,13,
74,1707,404,67,218,0.33682072,person,16,
74,1184,300,78,217,0.79010576,person,6,
74,1635,361,143,193,0.71990067,person,15,
75,949,319,97,226,0.904875,person,1,
75,269,551,125,276,0.85768676,person,2,
75,1194,439,109,283,0.87854403,person,4,atm
75,325,560,116,233,0.6771796,person,5,
75,85,648,162,267,0.82378983,person,7,
75,497,502,115,319,0.33159694,person,8,entrance
75,180,556,99,240,0.7723785,person,9,
75,1488,461,111,238,0.7911954,person,11,
75,400,503,110,313,0.7647261,person,12,
75,1057,317,82,204,0.8452257,person,13,
75,1706,406,65,215,0.5107981,person,16,
75,1184,295,77,207,0.81089115,person,6,
75,1635,361,142,192,0.61041987,person,15,
76,948,318,96,227,0.89514756,person,1,
76,270,551,125,276,0.8576303,person,2,
76,1189,437,99,284,0.86573136,person,4,atm
76,325,560,116,235,0.677361,person,5,
76,84,649,162,267,0.827971,person,7,
76,496,501,116,321,0.38481775,person,8,entrance
76,181,556,99,239,0.7810796,person,9,
76,1482,460,95,237,0.7155957,person,11,
76,400,503,112,314,0.7454582,person,12,
76,1056,315,82,201,0.848431,person,13,
76,1706,405,67,217,0.50173974,person,16,
76,1185,291,78,198,0.80272496,person,6,
76,1635,360,142,192,0.6092618,person,15,
77,948,318,95,228,0.8815408,person,1,
77,269,551,125,276,0.8569272,person,2,
77,1183,438,99,280,0.86112463,person,4,atm
77,325,560,114,236,0.67341477,person,5,
77,84,652,164,263,0.82736695,person,7,
77,496,501,116,322,0.4092877,person,8,entrance
77,181,557,99,238,0.7810492,person,9,
77,1478,461,86,236,0.8263991,person,11,
77,399,503,113,314,0.7357188,person,12,
77,1054,313,82,201,0.83666456,person,13,
77,1706,405,67,217,0.4811277,person,16,
77,1185,283,79,185,0.6880871,person,6,
77,1635,361,145,192,0.6734546,person,15,
78,947,319,93,233,0.8844797,person,1,
78,269,551,125,276,0.85387605,person,2,
78,1177,436,102,284,0.88198817,person,4,atm
78,327,559,112,237,0.6835525,person,5,
78,85,652,167,264,0.8086393,person,7,
78,496,500,117,323,0.35969365,person,8,entrance
78,180,558,100,236,0.7576091,person,9,
78,1475,461,80,235,0.7951912,person,11,
78,400,503,111,314,0.6882368,person,12,
78,1052,312,82,201,0.8169749,person,13,
78,1707,404,68,219,0.4639172,person,16,
78,1186,276,80,171,0.6331227,person,6,
78,1633,361,140,192,0.5667476,person,15,
79,946,315,87,230,0.8968956,person,1,
79,269,551,124,276,0.86089385,person,2,
79,1165,435,109,286,0.8536444,person,4,atm
79,326,558,108,234,0.6684872,person,5,
79,84,652,167,263,0.77309614,person,7,
79,497,499,116,323,0.3106745,person,8,entrance
79,180,557,99,237,0.7587945,person,9,
79,1465,460,88,235,0.797965,person,11,
79,402,522,104,275,0.629245,person,12,
79,1050,310,84,204,0.7671518,person,13,
79,1707,405,68,216,0.46031043,person,16,
79,1186,264,81,145,0.49886307,person,6,
79,1624,361,122,193,0.51232153,person,15,
80,945,314,85,229,0.8961701,person,1,
80,269,550,124,277,0.8596372,person,2,
80,1161,434,112,287,0.8560959,person,4,atm
80,324,557,104,233,0.648958,person,5,
80,82,652,164,261,0.76951164,person,7,
80,498,500,115,324,0.54112244,person,8,entrance
80,179,557,98,237,0.77561945,person,9,
80,1462,459,93,235,0.7947271,person,11,
80,405,531,98,259,0.63110614,person,12,
80,1049,310,85,205,0.76519334,person,13,
80,1707,404,68,218,0.44218946,person,16,
80,1187,252,82,120,0.50015897,person,6,
80,1616,362,110,194,0.57698107,person,15,
81,946,311,84,227,0.89370775,person,1,
81,269,550,124,278,0.8622872,person,2,
81,1155,434,112,288,0.8405146,person,4,atm
81,325,557,104,232,0.6472264,person,5,
81,82,651,164,261,0.769814,person,7,
81,498,501,115,325,0.6120524,person,8,entrance
81,179,556,99,239,0.7787223,person,9,
81,1450,459,102,235,0.8419026,person,11,
81,404,533,101,254,0.5549849,person,12,
81,1048,310,90,205,0.80364984,person,13,
81,1707,404,69,218,0.45862705,person,16,
81,1188,259,80,136,0.52847916,person,6,
81,1614,362,104,194,0.60762614,person,15,
82,945,306,81,221,0.8804188,person,1,
82,269,550,124,278,0.85972166,person,2,
82,1148,432,113,290,0.8626346,person,4,atm
82,323,556,106,230,0.625765,person,5,
82,85,651,168,261,0.78997016,person,7,
82,498,501,115,326,0.6023436,person,8,entrance
82,180,556,99,239,0.7631846,person,9,
82,1440,459,111,234,0.84512484,person,11,
82,404,534,99,252,0.54508513,person,12,
82,1045,310,89,205,0.8066682,person,13,
82,1707,404,69,219,0.47496846,person,16,
82,1190,248,79,113,0.725035,person,6,
82,1612,363,100,193,0.5230516,person,15,
83,945,302,79,218,0.8805192,person,1,
83,269,550,125,278,0.8559573,person,2,
83,1141,432,114,292,0.84425277,person,4,atm
83,320,556,107,229,0.6220505,person,5,
83,86,651,170,261,0.775659,person,7,
83,498,502,115,326,0.56243724,person,8,entrance
83,180,556,100,239,0.76798254,person,9,
83,1430,457,120,236,0.8329793,person,11,
83,406,534,95,249,0.7147596,person,12,
83,1044,310,90,206,0.8579417,person,13,
83,1708,403,70,221,0.4569335,person,16,
83,1189,243,81,103,0.6643617,person,6,
83,1611,363,96,192,0.56313455,person,15,
84,944,300,76,213,0.8778507,person,1,
84,269,550,126,278,0.8570159,person,2,
84,1135,432,120,291,0.8487856,person,4,atm
84,320,556,106,230,0.64019305,person,5,
84,87,651,172,261,0.72925895,person,7,
84,498,501,115,325,0.55117327,person,8,entrance
84,180,556,99,238,0.7836929,person,9,
84,1422,457,125,237,0.81864524,person,11,
84,407,535,93,247,0.716559,person,12,
84,1041,310,90,205,0.7601626,person,13,
84,1708,404,70,220,0.4752084,person,16,
84,1190,242,81,101,0.5184897,person,6,
84,1611,363,95,191,0.57227004,person,15,
85,943,298,75,214,0.88010067,person,1,
85,269,551,126,277,0.86002666,person,2,
85,1128,431,121,291,0.84939206,person,4,atm
85,320,556,100,230,0.62268645,person,5,
85,87,652,172,262,0.6868769,person,7,
85,498,501,115,323,0.6139048,person,8,entrance
85,180,556,98,237,0.79600847,person,9,
85,1417,457,122,237,0.85249865,person,11,
85,406,534,95,250,0.73168314,person,12,
85,1038,310,90,206,0.8061342,person,13,
85,1708,401,70,226,0.4540847,person,16,
85,1192,242,79,98,0.5053482,person,6,
85,1611,362,96,191,0.53488475,person,15,
86,941,297,75,215,0.8767168,person,1,
86,269,551,127,277,0.8558057,person,2,
86,1124,429,121,291,0.8288264,person,4,atm
86,322,554,103,229,0.6595966,person,5,
86,85,652,169,262,0.6226914,person,7,
86,498,501,115,323,0.63891554,person,8,entrance
86,180,556,98,238,0.793013,person,9,
86,1414,456,119,235,0.84639114,person,11,
86,407,534,94,249,0.7281592,person,12,
86,1035,309,89,206,0.8082799,person,13,
86,1708,400,70,227,0.435627,person,16,
86,1195,242,75,99,0.5996165,person,6,
86,1611,362,96,190,0.52334124,person,15,
87,940,297,74,216,0.87204653,person,1,
87,269,551,127,277,0.8549008,person,2,
87,1120,426,115,285,0.8330713,person,4,atm
87,324,554,100,229,0.6688578,person,5,
87,84,653,167,262,0.6182193,person,7,
87,498,501,115,322,0.6113546,person,8,entrance
87,180,556,99,238,0.7969684,person,9,
87,1412,455,114,236,0.8529004,person,11,
87,407,535,93,248,0.71989906,person,12,
87,1032,308,88,206,0.804566,person,13,
87,1708,402,69,223,0.4098239,person,16,
87,1196,243,75,99,0.53620875,person,6,
87,1612,362,98,191,0.6113463,person,15,
88,938,299,74,220,0.86842495,person,1,
88,269,551,128,277,0.85044503,person,2,
88,1117,422,115,280,0.8303166,person,4,atm
88,327,554,99,230,0.6911723,person,5,
88,83,653,165,263,0.5957044,person,7,
88,498,501,115,323,0.632133,person,8,entrance
88,180,556,98,239,0.8064228,person,9,
88,1409,454,110,235,0.8645471,person,11,
88,405,534,97,250,0.7062918,person,12,
88,1029,307,87,208,0.81322896,person,13,
88,1708,401,70,225,0.42727455,person,16,
88,1196,242,76,98,0.40446615,person,6,
88,1612,361,99,190,0.6607826,person,15,
89,936,298,74,218,0.8651633,person,1,
89,269,551,128,277,0.85094696,person,2,
89,1115,416,112,276,0.79833174,person,4,atm
89,326,554,95,230,0.6457387,person,5,
89,82,653,163,264,0.5778828,person,7,
89,498,502,115,323,0.6279453,person,8,entrance
89,180,556,98,239,0.8152451,person,9,
89,1407,451,105,234,0.85507715,person,11,
89,404,534,99,250,0.72054803,person,12,
89,1025,307,86,210,0.7600225,person,13,
89,1708,398,70,231,0.45319018,person,16,
89,1196,243,78,100,0.356469,person,6,
89,1612,361,100,190,0.62040555,person,15,
90,934,299,73,220,0.86718315,person,1,
90,269,551,128,276,0.8554371,person,2,
90,1113,412,109,270,0.77912796,person,4,atm
90,328,553,93,229,0.6248169,person,5,
90,84,652,166,264,0.4431296,person,7,
90,499,501,115,323,0.657305,person,8,entrance
90,180,555,100,238,0.81010133,person,9,
90,1403,449,99,232,0.84910494,person,11,
90,403,536,99,248,0.52396286,person,12,
90,1022,306,85,214,0.8279667,person,13,
90,1709,399,70,230,0.55027544,person,16,
90,1197,244,78,102,0.45953614,person,6,
90,1617,360,108,190,0.5038124,person,15,
91,931,298,73,219,0.8613702,person,1,
91,269,551,128,276,0.85336876,person,2,
91,1109,408,106,268,0.8044398,person,4,atm
91,330,553,95,229,0.70182985,person,5,
91,84,652,167,263,0.4353075,person,7,
91,499,500,115,323,0.63830996,person,8,entrance
91,181,555,100,238,0.7983071,person,9,
91,1400,448,93,230,0.82406163,person,11,
91,401,535,103,249,0.6796554,person,12,
91,1019,306,84,216,0.83714765,person,13,
91,1709,398,70,232,0.5579227,person,16,
91,1198,245,77,103,0.32028013,person,6,
91,1618,360,109,190,0.5170584,person,15,
92,929,298,74,221,0.8456439,person,1,
92,268,552,129,276,0.84462327,person,2,
92,1097,405,94,266,0.7880408,person,4,atm
92,330,555,95,235,0.7710048,person,5,
92,84,651,166,262,0.45034313,person,7,
92,499,499,115,324,0.64028597,person,8,entrance
92,181,555,101,238,0.7951864,person,9,
92,1398,447,92,230,0.81882435,person,11,
92,400,535,105,248,0.6593151,person,12,
92,1016,305,84,218,0.8236048,person,13,
92,1709,399,70,230,0.5372316,person,16,
92,1198,246,78,106,0.19872804,person,6,
92,1615,359,101,187,0.5471859,person,15,
93,926,300,77,227,0.8327402,person,1,
93,268,552,129,275,0.8417262,person,2,
93,1093,402,88,265,0.76658815,person,4,atm
93,330,557,93,237,0.7742892,person,5,
93,84,651,165,261,0.42696267,person,7,
93,499,499,115,325,0.63273025,person,8,entrance
93,180,555,101,238,0.8117418,person,9,
93,1393,447,87,231,0.75758797,person,11,
93,399,536,105,247,0.53358626,person,12,
93,1014,304,85,219,0.8013259,person,13,
93,1709,399,70,230,0.5446753,person,16,
93,1199,248,77,109,0.268152,person,6,
93,1616,359,105,189,0.53026265,person,15,
93,1136,319,60,166,0.6305022,person,17,
94,923,295,79,221,0.83009696,person,1,
94,268,552,129,275,0.83386785,person,2,
94,1085,401,88,265,0.8364992,person,4,atm
94,330,559,93,240,0.7937017,person,5,
94,84,651,165,261,0.45546988,person,7,
94,499,499,115,325,0.6482682,person,8,entrance
94,180,555,101,238,0.7992594,person,9,
94,1386,447,87,228,0.77352816,person,11,
94,400,516,106,293,0.74512815,person,12,
94,1011,300,86,210,0.8180122,person,13,
94,1709,398,70,231,0.52202904,person,16,
94,1198,281,79,176,0.6253041,person,6,
94,1616,360,104,190,0.5671725,person,15,
94,1132,321,58,170,0.59745437,person,17,
95,921,288,82,210,0.84029317,person,1,
95,268,552,130,276,0.83526224,person,2,
95,1074,399,99,268,0.86444604,person,4,atm
95,330,559,93,240,0.77903557,person,5,
95,85,651,167,261,0.45862475,person,7,
95,499,499,115,325,0.6759123,person,8,entrance
95,180,555,101,238,0.8025959,person,9,
95,1377,447,94,228,0.8297637,person,11,
95,401,508,104,309,0.7869544,person,12,
95,1010,295,85,199,0.8075904,person,13,
95,1709,398,71,232,0.5077468,person,16,
95,1196,293,82,200,0.67342734,person,6,
95,1616,360,104,191,0.5621854,person,15,
95,1127,328,60,186,0.57367843,person,17,
96,919,289,84,215,0.81559736,person,1,
96,268,552,130,276,0.8407916,person,2,
96,1064,399,111,267,0.8796926,person,4,atm
96,330,559,95,239,0.8346513,person,5,
96,84,651,165,262,0.5442144,person,7,
96,499,499,115,324,0.694351,person,8,entrance
96,180,555,101,238,0.79875576,person,9,
96,1374,446,88,231,0.80717677,person,11,
96,401,504,104,314,0.79679805,person,12,
96,1009,292,82,192,0.8375972,person,13,
96,1709,397,71,233,0.46897382,person,16,
96,1195,300,84,212,0.74628794,person,6,
96,1621,360,114,191,0.5566381,person,15,
96,1124,341,61,214,0.67551756,person,17,
97,917,287,84,215,0.8057033,person,1,
97,267,552,130,275,0.8395587,person,2,
97,1056,398,116,268,0.87030905,person,4,atm
97,330,559,96,239,0.79691285,person,5,
97,83,651,164,262,0.42099977,person,7,
97,499,499,115,321,0.701356,person,8,entrance
97,180,555,102,238,0.79486006,person,9,
97,1365,447,102,229,0.8126649,person,11,
97,401,503,105,316,0.7862908,person,12,
97,1007,290,81,191,0.80793476,person,13,
97,1709,397,71,233,0.51529884,person,16,
97,1196,303,84,218,0.72612303,person,6,
97,1619,360,110,192,0.572499,person,15,
97,1121,349,64,230,0.7362057,person,17,atm
98,915,283,86,211,0.77386487,person,1,
98,268,552,131,276,0.8393619,person,2,
98,1051,398,117,269,0.8417612,person,4,atm
98,330,559,97,240,0.75667,person,5,
98,83,651,164,262,0.42116392,person,7,
98,499,499,114,320,0.7005075,person,8,entrance
98,180,556,102,237,0.80213606,person,9,
98,1357,447,105,228,0.8346407,person,11,
98,401,502,106,315,0.7982444,person,12,
98,1006,289,79,190,0.7893381,person,13,
98,1709,397,72,233,0.50539327,person,16,
98,1196,304,83,219,0.66763043,person,6,
98,1617,360,105,192,0.5877277,person,15,
98,1116,351,67,234,0.7749936,person,17,atm
99,913,284,88,213,0.8204387,person,1,
99,268,552,131,275,0.8295624,person,2,
99,1049,396,117,270,0.8065936,person,4,atm
99,329,560,97,242,0.7839445,person,5,
99,83,651,164,262,0.36556026,person,7,
99,500,499,114,318,0.6915118,person,8,entrance
99,180,556,101,237,0.81126326,person,9,
99,1351,448,103,226,0.81535167,person,11,
99,403,501,103,313,0.8015746,person,12,
99,1006,288,79,191,0.78390706,person,13,
99,1709,396,72,234,0.50304425,person,16,
99,1196,305,85,221,0.6891277,person,6,
99,1616,360,103,192,0.5957092,person,15,
99,1109,350,68,233,0.74266535,person,17,atm
100,912,278,88,204,0.8299907,person,1,
100,268,553,131,275,0.82904255,person,2,
100,1048,394,118,269,0.8253059,person,4,atm
100,329,559,99,242,0.8029785,person,5,
100,83,651,164,262,0.38260847,person,7,
100,500,499,114,317,0.685748,person,8,entrance
100,181,556,100,236,0.8113658,person,9,
100,1346,449,102,224,0.82439935,person,11,
100,405,501,100,312,0.8041792,person,12,
100,1005,286,76,190,0.8141377,person,13,
100,1709,396,72,235,0.51533216,person,16,
100,1195,305,86,221,0.7123668,person,6,
100,1616,360,102,192,0.61841655,person,15,
100,1106,349,67,236,0.8033184,person,17,atm
101,912,274,88,199,0.8618967,person,1,
101,268,553,131,275,0.82433844,person,2,
101,1048,391,117,273,0.580662,person,4,atm
101,328,560,101,242,0.82528776,person,5,
101,83,651,165,262,0.31142044,person,7,
101,500,499,114,317,0.66574544,person,8,entrance
101,181,556,100,236,0.8038038,person,9,
101,1338,448,107,222,0.8196428,person,11,
101,405,501,101,311,0.80127215,person,12,
101,1004,284,75,189,0.8022519,person,13,
101,1709,395,71,236,0.46103927,person,16,
101,1194,305,85,222,0.72087264,person,6,
101,1615,361,100,193,0.6199527,person,15,
101,1100,349,74,238,0.64560163,person,17,atm
102,912,274,89,199,0.8725934,person,1,
102,268,553,131,275,0.8247141,person,2,
102,1045,392,114,267,0.7606982,person,4,atm
102,328,560,103,241,0.76936555,person,5,
102,83,652,165,262,0.3264431,person,7,
102,500,499,115,316,0.67098254,person,8,entrance
102,180,556,100,236,0.8116761,person,9,
102,1335,443,107,230,0.8226337,person,11,
102,405,501,101,310,0.7689929,person,12,
102,1004,284,72,187,0.7034216,person,13,
102,1709,396,71,235,0.4456758,person,16,
102,1193,304,85,220,0.75390875,person,6,
102,1614,361,98,193,0.6747838,person,15,
102,1097,347,80,233,0.7479555,person,17,atm
103,912,274,89,200,0.86224455,person,1,
103,268,553,131,274,0.81951374,person,2,
103,1040,390,110,266,0.82144034,person,4,atm
103,325,561,106,240,0.73140603,person,5,
103,83,652,164,261,0.42467222,person,7,
103,500,499,115,316,0.69231415,person,8,entrance
103,180,556,100,236,0.7897222,person,9,
103,1334,438,104,239,0.83904517,person,11,
103,403,502,105,311,0.78909713,person,12,
103,1005,279,76,180,0.5107941,person,13,
103,1709,396,71,234,0.42424864,person,16,
103,1192,302,85,219,0.79596806,person,6,
103,1614,361,97,194,0.67050815,person,15,
103,1095,346,82,234,0.73799974,person,17,atm
104,912,273,88,199,0.87458706,person,1,
104,268,553,131,274,0.8197559,person,2,
104,1036,385,105,264,0.83331776,person,4,atm
104,325,560,107,242,0.7265486,person,5,
104,83,652,164,261,0.38087565,person,7,
104,500,499,115,317,0.6690356,person,8,entrance
104,181,556,100,236,0.7917135,person,9,
104,1330,434,105,243,0.84423316,person,11,
104,402,502,108,311,0.75161606,person,12,
104,1004,267,73,159,0.58753854,person,13,
104,1709,397,71,233,0.45925418,person,16,
104,1192,302,86,218,0.8126221,person,6,
104,1614,361,97,194,0.6853763,person,15,
104,1093,345,87,234,0.77441835,person,17,atm
105,912,274,87,201,0.8795272,person,1,
105,268,553,132,272,0.81661445,person,2,
105,1030,381,98,253,0.82112867,person,4,atm
105,323,558,104,243,0.7500935,person,5,
105,83,652,164,260,0.13147555,person,7,
105,500,500,117,313,0.6314927,person,8,entrance
105,179,556,100,236,0.80356365,person,9,
105,1328,430,89,242,0.81527865,person,11,
105,406,522,99,269,0.6801736,person,12,
105,1004,257,74,142,0.59854245,person,13,
105,1708,396,71,235,0.38609773,person,16,
105,1191,302,85,219,0.79098934,person,6,
105,1615,361,100,195,0.6486886,person,15,
105,1091,344,94,235,0.7730023,person,17,
106,913,273,86,201,0.877884,person,1,
106,269,553,132,272,0.80491334,person,2,
106,1022,380,95,244,0.84758073,person,4,atm
106,322,559,106,240,0.7335409,person,5,
106,84,652,167,260,0.102245055,person,7,
106,501,500,117,313,0.6385999,person,8,entrance
106,179,556,99,236,0.7991838,person,9,
106,1323,427,85,242,0.82910013,person,11,
106,407,529,95,254,0.6793211,person,12,
106,1004,249,72,129,0.7451361,person,13,
106,1708,393,71,240,0.41204128,person,16,
106,1191,303,83,218,0.7994453,person,6,
106,1615,361,100,195,0.6623076,person,15,
106,1085,343,97,235,0.77540046,person,17,
107,914,272,85,200,0.86918277,person,1,
107,269,553,133,272,0.80636656,person,2,
107,1013,378,99,243,0.8459833,person,4,atm
107,321,559,105,239,0.7166336,person,5,
107,501,500,116,314,0.6721234,person,8,entrance
107,179,556,99,236,0.8037462,person,9,
107,1317,426,83,243,0.8487051,person,11,
107,408,532,94,248,0.690464,person,12,
107,1005,242,71,119,0.74133235,person,13,
107,1708,393,71,242,0.3331998,person,16,
107,1190,303,82,218,0.79675204,person,6,
107,1615,361,101,194,0.6556879,person,15,
107,1078,335,87,222,0.7857258,person,17,
108,914,272,85,203,0.8489916,person,1,
108,269,553,133,271,0.79451,person,2,
108,1004,374,104,246,0.85989875,person,4,atm
108,321,561,104,237,0.7217303,person,5,
108,501,500,116,315,0.6626892,person,8,entrance
108,179,556,99,235,0.8028078,person,9,
108,1313,424,85,242,0.85734725,person,11,
108,407,528,95,259,0.525039,person,12,
108,1005,237,71,113,0.71158135,person,13,
108,1708,392,71,242,0.33517644,person,16,
108,1190,302,81,218,0.80044055,person,6,
108,1616,361,102,194,0.6580713,person,15,
108,1072,328,79,212,0.8033107,person,17,
109,916,271,83,204,0.84722894,person,1,
109,268,553,131,272,0.7878262,person,2,
109,998,374,109,246,0.8610982,person,4,atm
109,321,560,105,239,0.7082907,person,5,
109,500,500,115,315,0.64984363,person,8,entrance
109,180,556,99,235,0.800812,person,9,
109,1310,423,87,242,0.8418958,person,11,
109,406,513,99,288,0.5404717,person,12,
109,1004,234,70,109,0.71453995,person,13,
109,1708,392,72,243,0.40093327,person,16,
109,1190,302,82,218,0.803577,person,6,
109,1615,361,100,193,0.6774816,person,15,
109,1068,327,77,214,0.82298726,person,17,
110,916,273,83,212,0.85652965,person,1,
110,268,553,130,273,0.7838564,person,2,
110,993,373,118,247,0.8565439,person,4,atm
110,320,561,104,239,0.7114174,person,5,
110,500,500,116,313,0.6330568,person,8,entrance
110,180,556,99,235,0.79328275,person,9,
110,1300,422,95,242,0.8518348,person,11,
110,403,505,104,302,0.6713391,person,12,
110,1004,232,69,107,0.72459626,person,13,
110,1708,392,72,243,0.45577386,person,16,
110,1189,301,81,217,0.8003479,person,6,
110,1614,361,100,192,0.6927195,person,15,
110,1063,327,75,215,0.793543,person,17,
111,917,274,81,217,0.84163815,person,1,
111,268,554,130,273,0.7753782,person,2,
111,995,373,109,247,0.80357933,person,4,atm
111,319,561,102,239,0.73268735,person,5,
111,499,500,117,314,0.59664935,person,8,entrance
111,180,556,98,235,0.7835434,person,9,
111,1291,420,105,241,0.8661179,person,11,
111,401,502,108,308,0.67242104,person,12,
111,1002,230,66,105,0.68498665,person,13,
111,1708,392,73,243,0.48866436,person,16,
111,1188,301,82,217,0.80754656,person,6,
111,1614,362,100,192,0.713165,person,15,
111,1059,328,76,218,0.8139335,person,17,
112,917,273,79,216,0.8496922,person,1,
112,269,553,131,272,0.78198034,person,2,
112,994,372,106,250,0.8254066,person,4,atm
112,321,561,116,241,0.676659,person,5,
112,499,500,117,314,0.5908022,person,8,entrance
112,180,556,98,234,0.7937088,person,9,
112,1282,420,112,240,0.834387,person,11,
112,400,502,110,310,0.6872102,person,12,
112,1002,228,68,102,0.6871766,person,13,
112,1708,392,73,244,0.5197182,person,16,
112,1187,301,82,216,0.8145831,person,6,
112,1614,362,100,192,0.70326346,person,15,
112,1056,328,76,220,0.7984285,person,17,
113,917,269,77,212,0.85517514,person,1,
113,269,553,130,271,0.76490134,person,2,
113,993,370,107,254,0.8335115,person,4,atm
113,320,560,117,242,0.6551585,person,5,
113,498,502,118,313,0.54330087,person,8,entrance
113,180,556,98,235,0.78940713,person,9,
113,1275,418,115,241,0.86903924,person,11,atm
113,401,502,109,310,0.7212004,person,12,
113,1000,227,66,100,0.7146658,person,13,
113,1709,392,74,247,0.53953654,person,16,
113,1187,300,82,215,0.80572325,person,6,
113,1614,362,101,192,0.6960584,person,15,
113,1053,327,76,220,0.7843173,person,17,
114,917,267,76,213,0.85285723,person,1,
114,270,553,131,271,0.77442837,person,2,
114,990,368,111,257,0.82347167,person,4,atm
114,319,558,124,243,0.67786026,person,5,
114,498,503,118,313,0.5594088,person,8,entrance
114,180,556,99,235,0.77630323,person,9,
114,1272,418,114,241,0.8554474,person,11,atm
114,402,503,109,309,0.7163965,person,12,
114,999,226,63,97,0.69360805,person,13,
114,1709,392,74,248,0.57746744,person,16,
114,1187,300,82,215,0.7989028,person,6,
114,1614,362,101,192,0.6882358,person,15,
114,1050,327,78,220,0.77980673,person,17,
115,917,266,76,214,0.86192197,person,1,
115,270,553,130,271,0.76312244,person,2,
115,987,367,120,259,0.8326872,person,4,atm
115,319,557,128,243,0.66347605,person,5,
115,498,502,118,313,0.55464137,person,8,entrance
115,180,556,100,235,0.77302927,person,9,
115,1268,418,109,241,0.86625284,person,11,atm
115,402,504,108,307,0.7164169,person,12,
115,998,224,62,94,0.59965426,person,13,
115,1709,392,74,250,0.5466376,person,16,
115,1186,300,82,215,0.79675305,person,6,
115,1614,362,101,192,0.68032926,person,15,
115,1047,325,77,216,0.79526514,person,17,
116,916,264,76,212,0.86337036,person,1,
116,270,553,130,271,0.78028595,person,2,
116,982,366,119,258,0.8319695,person,4,atm
116,317,557,121,242,0.65260905,person,5,
116,499,502,118,312,0.52801824,person,8,entrance
116,180,556,101,235,0.7701321,person,9,
116,1266,417,104,240,0.8728651,person,11,atm
116,402,504,106,306,0.76058704,person,12,
116,997,225,64,95,0.6741487,person,13,
116,1709,392,74,252,0.56168026,person,16,
116,1185,300,83,215,0.79654384,person,6,
116,1614,362,102,192,0.6987871,person,15,
116,1045,327,78,220,0.7838972,person,17,
117,916,264,76,211,0.84105825,person,1,
117,270,553,129,272,0.75797296,person,2,
117,979,363,115,253,0.8524476,person,4,atm
117,314,556,107,241,0.616348,person,5,
117,499,502,118,313,0.523032,person,8,entrance
117,180,556,102,235,0.76968044,person,9,
117,1264,415,99,242,0.8539277,person,11,atm
117,403,504,105,305,0.7894611,person,12,
117,997,224,63,94,0.45468178,person,13,
117,1709,392,74,252,0.553705,person,16,
117,1185,301,83,218,0.7951859,person,6,
117,1615,362,103,192,0.70025885,person,15,
117,1043,327,74,223,0.8108053,person,17,
118,916,258,76,199,0.8428295,person,1,
118,270,553,129,272,0.76792186,person,2,
118,977,357,111,248,0.83492845,person,4,atm
118,313,557,103,244,0.61728615,person,5,
118,499,501,118,314,0.51710564,person,8,entrance
118,180,556,103,235,0.7492167,person,9,
118,1263,413,100,238,0.8449303,person,11,atm
118,402,504,104,305,0.8028931,person,12,
118,999,222,61,93,0.4781149,person,13,
118,1709,392,73,253,0.5433113,person,16,
118,1185,301,82,218,0.7958083,person,6,
118,1615,362,102,192,0.6899515,person,15,
118,1041,329,72,225,0.7324366,person,17,
119,916,256,76,196,0.8452831,person,1,
119,270,554,130,272,0.71939784,person,2,
119,976,351,106,243,0.85327953,person,4,atm
119,310,557,98,247,0.56979173,person,5,
119,499,500,118,314,0.541403,person,8,entrance
119,180,556,103,235,0.7572456,person,9,
119,1260,410,98,235,0.88406724,person,11,atm
119,403,504,103,305,0.7915029,person,12,
119,1001,222,67,94,0.58949107,person,13,
119,1709,393,73,251,0.5437666,person,16,
119,1185,302,82,220,0.8237587,person,6,
119,1614,362,101,192,0.6761446,person,15,
119,1040,327,73,228,0.74856097,person,17,
120,916,252,76,187,0.81547415,person,1,
120,268,554,126,273,0.6302852,person,2,
120,974,348,102,243,0.8618295,person,4,atm
120,315,556,109,248,0.5893414,person,5,
120,498,499,117,315,0.7314809,person,8,entrance
120,180,556,101,235,0.78933877,person,9,
120,1258,409,97,231,0.84368336,person,11,atm
120,405,504,100,306,0.797278,person,12,
120,1005,222,62,95,0.54152447,person,13,
120,1709,397,73,245,0.5591165,person,16,
120,1184,303,82,221,0.8297911,person,6,
120,1615,361,104,193,0.6116323,person,15,
120,1038,325,73,227,0.7548853,person,17,
121,916,251,76,188,0.81206656,person,1,
121,267,553,126,275,0.64863455,person,2,
121,971,346,98,244,0.8252473,person,4,
121,309,555,101,247,0.57145464,person,5,
121,497,498,117,316,0.7387726,person,8,entrance
121,180,556,102,235,0.7986657,person,9,
121,1252,409,89,229,0.82894063,person,11,atm
121,405,504,99,306,0.7725432,person,12,
121,1004,221,67,96,0.5661018,person,13,
121,1709,398,73,243,0.52880067,person,16,
121,1183,303,84,221,0.8193707,person,6,
121,1616,361,104,194,0.6375015,person,15,
121,1036,325,72,228,0.73889995,person,17,
122,917,253,77,190,0.8062283,person,1,
122,267,553,124,275,0.71024364,person,2,
122,969,346,92,244,0.81519985,person,4,
122,314,555,106,249,0.65993494,person,5,
122,497,498,117,316,0.7325324,person,8,entrance
122,180,556,101,235,0.787815,person,9,
122,1250,407,82,230,0.8164567,person,11,atm
122,406,504,97,305,0.77609545,person,12,
122,1003,220,67,96,0.67082185,person,13,
122,1709,398,72,242,0.5182424,person,16,
122,1183,303,84,221,0.82052946,person,6,
122,1615,362,103,194,0.655779,person,15,
122,1035,323,72,226,0.71906805,person,17,
123,917,247,76,179,0.7357068,person,1,
123,267,553,124,275,0.70632464,person,2,
123,967,343,92,239,0.82310414,person,4,
123,317,555,112,249,0.64713234,person,5,
123,497,498,118,316,0.71791196,person,8,entrance
123,180,556,102,236,0.7581123,person,9,
123,1247,407,79,232,0.81584775,person,11,atm
123,406,504,97,305,0.76636845,person,12,
123,1003,218,70,94,0.60943085,person,13,
123,1710,398,72,243,0.50761706,person,16,
123,1183,302,84,220,0.8132354,person,6,
123,1614,362,101,194,0.683713,person,15,
123,1033,325,71,217,0.6496542,person,17,
124,917,246,74,179,0.7067854,person,1,
124,268,552,124,275,0.72689927,person,2,
124,965,340,93,237,0.835629,person,4,
124,316,555,112,248,0.6624987,person,5,
124,497,498,117,315,0.7049775,person,8,entrance
124,179,557,103,235,0.7469909,person,9,
124,1246,407,78,231,0.82153577,person,11,atm
124,406,505,97,305,0.7628648,person,12,
124,1002,216,69,94,0.66934425,person,13,
124,1710,397,73,244,0.5084133,person,16,
124,1183,303,84,220,0.8174619,person,6,
124,1614,362,101,195,0.6546386,person,15,
124,1029,319,70,208,0.73599476,person,17,
125,917,242,71,173,0.7015432,person,1,
125,268,552,124,275,0.7147576,person,2,
125,960,337,88,237,0.8122631,person,4,
125,318,554,113,248,0.6618794,person,5,
125,497,498,117,315,0.7105282,person,8,entrance
125,179,557,103,235,0.762879,person,9,
125,1243,407,78,231,0.81474906,person,11,atm
125,406,505,97,305,0.7578235,person,12,
125,1001,212,69,90,0.57860464,person,13,
125,1710,396,73,246,0.53450423,person,16,
125,1183,303,84,221,0.8113002,person,6,
125,1614,362,100,196,0.6707945,person,15,
125,1027,317,71,203,0.7258462,person,17,
126,916,231,69,154,0.67929643,person,1,
126,267,552,123,276,0.69172156,person,2,
126,957,336,87,237,0.8220711,person,4,
126,319,554,114,248,0.6631945,person,5,
126,497,499,117,314,0.6926109,person,8,entrance
126,179,556,103,236,0.7492725,person,9,
126,1238,405,82,231,0.8246879,person,11,atm
126,406,506,98,303,0.7349175,person,12,
126,1001,210,67,87,0.45220008,person,13,
126,1710,395,73,247,0.5540555,person,16,
126,1183,303,84,220,0.8106015,person,6,
126,1614,361,100,196,0.6557189,person,15,
126,1024,314,71,199,0.64700896,person,17,
127,917,226,70,146,0.5291592,person,1,
127,267,551,123,276,0.7086153,person,2,
127,954,334,90,235,0.8332739,person,4,
127,319,554,115,249,0.66461885,person,5,
127,498,500,117,315,0.6653516,person,8,entrance
127,180,555,101,238,0.7464072,person,9,
127,1236,404,80,234,0.8116552,person,11,atm
127,406,507,98,301,0.75494736,person,12,
127,1000,208,64,88,0.49039668,person,13,
127,1710,395,73,247,0.5370831,person,16,
127,1184,303,84,220,0.810068,person,6,
127,1613,361,98,196,0.66383266,person,15,
127,1023,310,72,202,0.7593247,person,17,
128,918,217,69,131,0.56353366,person,1,
128,267,551,122,276,0.7490876,person,2,
128,949,333,90,231,0.82729137,person,4,
128,319,555,115,248,0.71501064,person,5,
128,498,499,117,317,0.67509323,person,8,entrance
128,181,556,99,237,0.78653955,person,9,
128,1233,404,79,236,0.7989585,person,11,atm
128,405,507,99,302,0.7736239,person,12,
128,999,206,61,85,0.25474218,person,13,
128,1711,395,73,247,0.5828741,person,16,
128,1183,304,84,220,0.81950825,person,6,
128,1612,361,97,195,0.6905076,person,15,
128,1020,308,74,206,0.7588631,person,17,
129,918,211,70,126,0.69284064,person,1,
129,267,551,123,275,0.7659356,person,2,
129,942,333,94,228,0.8242469,person,4,
129,318,557,115,247,0.73356146,person,5,
129,498,500,116,316,0.6625107,person,8,entrance
129,181,556,98,236,0.7861581,person,9,
129,1227,406,82,235,0.79792136,person,11,atm
129,406,510,97,296,0.7291305,person,12,
129,1000,203,59,79,0.32010168,person,13,
129,1712,395,75,247,0.5193967,person,16,
129,1183,305,84,220,0.8247793,person,6,
129,1612,360,96,193,0.67296636,person,15,
129,1018,307,73,209,0.7709406,person,17,
130,919,210,70,124,0.67170155,person,1,
130,267,552,123,277,0.7681615,person,2,
130,940,333,96,227,0.82380074,person,4,
130,317,557,115,246,0.7367204,person,5,
130,498,502,115,313,0.652652,person,8,entrance
130,182,557,98,235,0.7684782,person,9,
130,1225,407,84,234,0.79630804,person,11,atm
130,407,517,95,281,0.6886901,person,12,
130,1001,201,58,77,0.32431814,person,13,
130,1712,395,75,246,0.5074569,person,16,
130,1183,305,84,219,0.8351863,person,6,
130,1612,360,96,191,0.6674813,person,15,
130,1018,307,73,211,0.7690658,person,17,
131,918,208,69,123,0.64034355,person,1,
131,268,552,123,277,0.7869909,person,2,
131,936,333,100,228,0.8239917,person,4,
131,317,558,114,247,0.7456925,person,5,
131,498,501,115,315,0.6940817,person,8,entrance
131,182,557,98,233,0.7553809,person,9,
131,1221,405,84,236,0.82656956,person,11,atm
131,407,513,94,287,0.72633374,person,12,
131,1002,199,59,73,0.23999718,person,13,
131,1712,395,77,246,0.53547174,person,16,
131,1183,305,84,218,0.8287835,person,6,
131,1612,359,97,191,0.6707391,person,15,
131,1016,307,73,205,0.73479617,person,17,
132,920,207,70,122,0.75692755,person,1,
132,268,552,124,278,0.8062292,person,2,
132,933,332,100,225,0.8363848,person,4,
132,316,555,113,246,0.7135111,person,5,
132,498,501,115,315,0.68880033,person,8,entrance
132,182,558,99,233,0.76589143,person,9,
132,1219,403,82,235,0.82308257,person,11,atm
132,407,513,93,288,0.72267735,person,12,
132,1003,197,58,70,0.29307637,person,13,
132,1712,395,77,246,0.49677104,person,16,
132,1184,305,85,219,0.8231276,person,6,
132,1613,359,97,191,0.659753,person,15,
132,1013,301,77,220,0.75566566,person,17,
133,921,202,71,115,0.7859105,person,1,
133,268,552,124,279,0.8030558,person,2,
133,930,333,98,222,0.8193775,person,4,
133,315,555,113,245,0.6973983,person,5,
133,499,500,115,315,0.69362086,person,8,entrance
133,182,558,100,234,0.78297764,person,9,
133,1218,402,79,233,0.8281699,person,11,atm
133,407,511,95,292,0.7488534,person,12,
133,1004,196,61,71,0.340001,person,13,
133,1712,395,76,246,0.45403877,person,16,
133,1183,305,85,217,0.8374816,person,6,
133,1613,359,99,191,0.70384914,person,15,
133,1011,303,77,217,0.71974754,person,17,
134,922,199,71,109,0.78198296,person,1,
134,268,552,125,279,0.80753785,person,2,
134,928,330,95,220,0.81550884,person,4,
134,314,554,113,244,0.7077188,person,5,
134,499,500,116,315,0.6954514,person,8,entrance
134,182,559,101,234,0.7717161,person,9,
134,1215,401,83,233,0.81277776,person,11,atm
134,407,511,96,295,0.7659215,person,12,
134,1006,194,64,70,0.41188237,person,13,
134,1711,397,75,246,0.45490953,person,16,
134,1183,303,84,215,0.8096529,person,6,
134,1614,359,100,191,0.67822814,person,15,
134,1009,300,77,226,0.7893522,person,17,
135,923,197,70,106,0.78540736,person,1,
135,268,552,123,279,0.77195555,person,2,
135,925,323,90,214,0.8162903,person,4,
135,313,552,113,243,0.6955744,person,5,
135,500,501,116,317,0.6702225,person,8,entrance
135,181,556,99,238,0.76487684,person,9,
135,1216,399,81,231,0.82108885,person,11,atm
135,406,510,98,298,0.76592416,person,12,
135,1010,195,68,72,0.38159162,person,13,
135,1711,400,74,240,0.5214542,person,16,
135,1183,303,83,216,0.802263,person,6,
135,1614,360,101,192,0.68295765,person,15,
135,1006,301,78,226,0.81503093,person,17,
136,923,197,70,105,0.7507266,person,1,
136,268,552,123,280,0.78047705,person,2,
136,923,319,87,213,0.8135313,person,4,
136,311,552,112,242,0.6884328,person,5,
136,501,501,118,319,0.6756665,person,8,entrance
136,181,555,100,240,0.7618418,person,9,
136,1215,399,85,228,0.8105977,person,11,atm
136,406,509,98,298,0.7770664,person,12,
136,1011,196,70,73,0.33418646,person,13,
136,1711,401,74,238,0.5101489,person,16,
136,1183,303,83,216,0.81497675,person,6,
136,1615,359,104,190,0.69518197,person,15,
136,1003,301,81,228,0.82735157,person,17,
137,923,198,69,107,0.76938504,person,1,
137,268,551,123,278,0.775429,person,2,
137,921,318,86,215,0.84989387,person,4,
137,311,551,112,242,0.6865571,person,5,
137,501,502,118,319,0.67234844,person,8,entrance
137,181,555,100,240,0.7611457,person,9,
137,1213,396,86,228,0.8240921,person,11,atm
137,405,509,99,299,0.78899485,person,12,
137,1012,197,71,76,0.34355956,person,13,
137,1711,401,74,239,0.51657313,person,16,
137,1183,302,82,216,0.81353474,person,6,
137,1616,359,107,190,0.75513136,person,15,
137,1000,300,80,231,0.7996034,person,17,
137,77,649,153,269,0.61558366,person,7,
138,925,197,66,105,0.7646849,person,1,
138,267,551,123,279,0.77408636,person,2,
138,919,317,86,215,0.84157795,person,4,
138,311,554,112,239,0.7024395,person,5,
138,500,502,117,316,0.65676457,person,8,entrance
138,181,556,100,239,0.75598794,person,9,
138,1212,395,88,226,0.8293708,person,11,atm
138,404,510,100,298,0.7894927,person,12,
138,1018,197,60,80,0.28992757,person,13,
138,1711,403,74,234,0.52018034,person,16,
138,1183,302,82,215,0.81714827,person,6,
138,1615,359,105,189,0.76894915,person,15,
138,998,299,81,231,0.82053345,person,17,
138,77,648,152,270,0.6976099,person,7,
139,926,197,64,106,0.7329204,person,1,
139,268,551,123,277,0.7693108,person,2,
139,915,315,85,217,0.839082,person,4,
139,312,556,111,238,0.7138037,person,5,
139,500,501,116,316,0.6110978,person,8,entrance
139,180,556,100,240,0.7620448,person,9,
139,1212,394,89,226,0.81907314,person,11,atm
139,404,510,101,299,0.791644,person,12,
139,1021,197,55,80,0.3096453,person,13,
139,1712,405,73,230,0.4967285,person,16,
139,1183,302,82,215,0.8116267,person,6,
139,1616,359,105,189,0.7447048,person,15,
139,996,298,83,227,0.817222,person,17,
139,77,648,152,270,0.60116285,person,7,
140,928,199,62,109,0.6937198,person,1,
140,268,550,123,277,0.7722619,person,2,
140,913,314,87,216,0.8347484,person,4,
140,313,557,112,238,0.7162327,person,5,
140,500,501,116,318,0.588609,person,8,entrance
140,180,556,99,239,0.7666199,person,9,
140,1210,394,89,225,0.8405519,person,11,atm
140,404,509,101,301,0.7836269,person,12,
140,1022,204,50,95,0.36111918,person,13,
140,1712,412,72,216,0.5177624,person,16,
140,1183,302,83,215,0.8083906,person,6,
140,1615,359,104,189,0.7526079,person,15,
140,995,295,81,219,0.8144404,person,17,
140,77,647,151,267,0.5922476,person,7,
141,928,199,63,109,0.7278885,person,1,
141,268,550,123,276,0.760206,person,2,
141,911,311,88,219,0.8459937,person,4,
141,313,556,112,241,0.71281433,person,5,
141,500,500,117,317,0.5870586,person,8,entrance
141,181,557,99,236,0.77668446,person,9,
141,1211,394,87,224,0.8449242,person,11,atm
141,404,508,100,302,0.7732555,person,12,
141,1023,205,48,100,0.52305055,person,13,
141,1712,414,72,209,0.49715513,person,16,
141,1183,302,82,214,0.79025304,person,6,
141,1614,358,103,188,0.7787249,person,15,
141,993,293,83,216,0.8187238,person,17,
141,76,644,149,265,0.5091253,person,7,
142,929,199,62,113,0.7078138,person,1,
142,268,551,123,275,0.777225,person,2,
142,908,309,87,221,0.85451907,person,4,
142,313,555,112,240,0.7088095,person,5,
142,499,500,116,317,0.5555011,person,8,entrance
142,181,558,98,235,0.7940384,person,9,
142,1210,392,92,221,0.85065866,person,11,atm
142,404,509,101,301,0.7747978,person,12,
142,1023,210,48,110,0.5084716,person,13,
142,1713,409,72,221,0.4972053,person,16,
142,1182,300,82,210,0.7676719,person,6,
142,1614,358,102,187,0.7075611,person,15,
142,992,285,83,200,0.801521,person,17,
142,76,646,149,264,0.7380943,person,7,
143,930,198,62,113,0.6971323,person,1,
143,268,551,124,275,0.72671413,person,2,
143,907,308,89,221,0.86179894,person,4,
143,314,554,115,238,0.6811086,person,5,
143,499,501,117,314,0.43303847,person,8,entrance
143,181,557,98,236,0.7910357,person,9,
143,1208,392,93,221,0.8369655,person,11,atm
143,406,509,97,301,0.77399033,person,12,
143,1023,213,48,116,0.47863272,person,13,
143,1713,408,72,223,0.4974699,person,16,
143,1182,300,82,210,0.7216009,person,6,
143,1618,359,108,191,0.64579976,person,15,
143,992,280,82,191,0.80555457,person,17,
143,76,645,149,267,0.6692015,person,7,
144,931,199,62,116,0.72848284,person,1,
144,267,552,125,275,0.66499937,person,2,
144,906,307,91,221,0.8551858,person,4,
144,312,553,116,239,0.6316195,person,5,
144,498,502,116,313,0.41337228,person,8,entrance
144,181,557,98,236,0.79707056,person,9,
144,1208,391,96,220,0.8481688,person,11,atm
144,404,508,99,303,0.7730776,person,12,
144,1023,212,49,115,0.59230286,person,13,
144,1715,411,73,218,0.400944,person,16,
144,1182,299,82,208,0.72419107,person,6,
144,1621,359,115,191,0.6028174,person,15,
144,992,283,80,200,0.7470155,person,17,
144,76,645,149,270,0.58521783,person,7,
145,931,199,63,118,0.7292998,person,1,
145,267,552,125,276,0.6097565,person,2,
145,905,306,94,220,0.8483066,person,4,
145,314,553,122,240,0.6328144,person,5,
145,497,503,116,310,0.39416024,person,8,entrance
145,181,557,98,236,0.81170064,person,9,
145,1208,391,95,221,0.8244785,person,11,atm
145,405,508,98,303,0.76970685,person,12,
145,1023,216,50,124,0.61864305,person,13,
145,1715,416,74,208,0.44425368,person,16,
145,1182,289,81,187,0.7735619,person,6,
145,1627,357,127,188,0.57740515,person,15,
145,992,290,79,215,0.7032836,person,17,
145,76,643,150,271,0.37250414,person,7,
146,932,199,63,120,0.7341363,person,1,
146,267,551,125,277,0.6263361,person,2,
146,905,305,95,220,0.8386884,person,4,
146,312,553,121,242,0.602517,person,5,
146,497,503,116,309,0.35622957,person,8,entrance
146,181,556,97,238,0.8008122,person,9,
146,1206,389,98,222,0.82587147,person,11,atm
146,404,507,100,304,0.77200204,person,12,
146,1023,215,50,122,0.56700903,person,13,
146,1715,405,77,228,0.31016663,person,16,
146,1181,284,81,177,0.7624939,person,6,
146,1631,357,134,187,0.59281826,person,15,
146,992,294,79,218,0.7292667,person,17,
146,76,642,150,268,0.41629627,person,7,
147,934,199,64,124,0.7140559,person,1,
147,268,551,126,276,0.7309754,person,2,
147,905,305,95,221,0.8603187,person,4,
147,310,552,117,243,0.6140679,person,5,
147,496,503,116,310,0.37605065,person,8,entrance
147,181,555,97,239,0.7971976,person,9,
147,1205,383,100,234,0.8399059,person,11,atm
147,404,507,101,305,0.7871527,person,12,
147,1022,215,49,124,0.607077,person,13,
147,1717,411,73,213,0.41896954,person,16,
147,1181,281,79,169,0.7765324,person,6,
147,1620,357,115,186,0.65918624,person,15,
147,992,297,79,221,0.7422401,person,17,
147,77,643,151,269,0.39904395,person,7,
148,935,196,65,121,0.6863175,person,1,
148,268,551,127,276,0.7774458,person,2,
148,906,303,93,219,0.84443897,person,4,
148,309,552,116,244,0.5916242,person,5,
148,497,503,118,310,0.38974965,person,8,entrance
148,181,555,97,240,0.79113555,person,9,
148,1205,383,99,232,0.8318767,person,11,atm
148,403,507,103,305,0.7755159,person,12,
148,1021,215,50,127,0.56187063,person,13,
148,1718,416,75,201,0.46583626,person,16,
148,1181,277,79,162,0.7718787,person,6,
148,1619,357,111,187,0.59781253,person,15,
148,992,293,79,211,0.7625777,person,17,
148,78,642,151,272,0.4680823,person,7,
149,936,193,65,117,0.6621009,person,1,
149,268,551,128,275,0.7527345,person,2,
149,906,301,91,217,0.8372967,person,4,
149,309,552,117,242,0.6169665,person,5,
149,497,503,118,310,0.3707075,person,8,entrance
149,180,554,96,241,0.78344023,person,9,
149,1205,382,100,232,0.82943594,person,11,atm
149,403,507,103,305,0.7680041,person,12,
149,1020,217,49,135,0.51103014,person,13,
149,1718,417,77,199,0.5254031,person,16,
149,1181,276,78,159,0.7971137,person,6,
149,1621,358,115,189,0.5746569,person,15,
149,991,290,79,208,0.7450876,person,17,
149,78,640,153,276,0.39883247,person,7,
150,937,193,64,117,0.62003535,person,1,
150,268,551,128,274,0.7104095,person,2,
150,906,298,91,215,0.8518441,person,4,
150,309,550,118,238,0.6403497,person,5,
150,498,505,116,308,0.5810146,person,8,entrance
150,179,551,98,248,0.7822272,person,9,
150,1205,382,102,235,0.8403977,person,11,atm
150,406,525,96,269,0.72086096,person,12,
150,1019,219,48,143,0.5853992,person,13,
150,1717,422,79,192,0.5532225,person,16,
150,1181,275,78,157,0.76052326,person,6,
150,1616,359,107,189,0.7017838,person,15,
150,991,286,76,205,0.73234683,person,17,
150,80,639,155,272,0.42098764,person,7,
151,938,192,64,115,0.5198187,person,1,
151,267,551,128,274,0.66771734,person,2,
151,906,293,90,212,0.8494359,person,4,
151,309,550,118,237,0.65804136,person,5,
151,498,505,115,308,0.59805554,person,8,entrance
151,179,549,98,252,0.77462596,person,9,
151,1204,382,100,237,0.7998201,person,11,atm
151,407,532,94,254,0.7320341,person,12,
151,1019,220,46,148,0.58502877,person,13,
151,1718,421,77,191,0.4987582,person,16,
151,1181,273,78,154,0.752966,person,6,
151,1614,359,104,188,0.6783265,person,15,
151,989,283,74,205,0.738782,person,17,
151,80,638,156,271,0.45369306,person,7,
151,938,220,64,172,0.60585535,person,18,
152,939,190,64,111,0.3183729,person,1,
152,267,551,128,274,0.738833,person,2,
152,905,288,87,208,0.8195051,person,4,
152,308,549,118,236,0.6672376,person,5,
152,498,505,114,309,0.6166268,person,8,entrance
152,178,549,98,253,0.7661526,person,9,
152,1203,382,100,235,0.8139206,person,11,atm
152,408,534,92,251,0.73415667,person,12,
152,1019,220,47,150,0.56307155,person,13,
152,1719,423,78,188,0.4948716,person,16,
152,1181,274,78,154,0.7039095,person,6,
152,1613,359,102,188,0.6755926,person,15,
152,989,281,74,206,0.72584754,person,17,
152,80,636,155,274,0.57609075,person,7,
152,939,221,62,172,0.6371232,person,18,
153,939,186,62,104,0.37361947,person,1,
153,266,552,126,273,0.7157659,person,2,
153,907,283,90,202,0.8513079,person,4,
153,308,549,119,236,0.66037524,person,5,
153,498,505,114,309,0.6381871,person,8,entrance
153,178,548,99,254,0.73824424,person,9,
153,1202,384,97,233,0.798579,person,11,atm
153,408,535,92,248,0.73055154,person,12,
153,1013,219,57,151,0.5763152,person,13,
153,1720,426,77,184,0.5166942,person,16,
153,1181,276,78,159,0.6122429,person,6,
153,1613,360,101,191,0.65778303,person,15,
153,989,279,74,206,0.7415198,person,17,
153,79,635,152,275,0.5715596,person,7,
153,939,221,61,174,0.5842881,person,18,
154,939,182,58,94,0.34864753,person,1,
154,267,551,128,274,0.7427014,person,2,
154,907,279,89,199,0.8353993,person,4,
154,308,549,120,237,0.6950663,person,5,
154,498,504,113,312,0.6444236,person,8,entrance
154,178,547,99,256,0.70485103,person,9,
154,1202,385,95,230,0.79796356,person,11,atm
154,408,535,92,248,0.73287857,person,12,
154,1015,218,54,150,0.5801607,person,13,
154,1719,427,80,181,0.5591433,person,16,
154,1181,279,78,165,0.66106147,person,6,
154,1613,360,100,190,0.68869454,person,15,
154,990,277,73,206,0.74603933,person,17,
154,79,635,154,280,0.5838746,person,7,
154,939,220,57,172,0.5608341,person,18,
155,938,178,56,87,0.4151291,person,1,
155,267,551,129,275,0.8084114,person,2,
155,906,277,93,200,0.8501401,person,4,
155,309,547,117,238,0.501586,person,5,
155,498,505,113,309,0.5766662,person,8,entrance
155,178,547,100,257,0.70694715,person,9,
155,1202,382,94,236,0.79526544,person,11,atm
155,408,534,93,249,0.7359766,person,12,
155,1013,216,58,148,0.52582115,person,13,
155,1719,426,81,184,0.45150572,person,16,
155,1181,278,78,163,0.62648135,person,6,
155,1613,360,100,190,0.7226713,person,15,
155,989,275,78,203,0.75014275,person,17,
155,80,636,153,282,0.5662077,person,7,
155,938,221,55,173,0.42687422,person,18,
156,938,177,55,86,0.2390454,person,1,
156,267,551,130,275,0.79955333,person,2,
156,906,275,95,202,0.8549445,person,4,
156,309,547,117,238,0.582991,person,5,
156,498,505,113,308,0.5929674,person,8,entrance
156,178,547,100,257,0.71679175,person,9,
156,1203,382,95,234,0.8131192,person,11,atm
156,407,535,93,249,0.7350985,person,12,
156,1016,215,51,147,0.5781331,person,13,
156,1719,425,81,186,0.47933775,person,16,
156,1181,276,78,159,0.62608254,person,6,
156,1613,359,100,190,0.7387308,person,15,
156,988,275,79,204,0.7494704,person,17,
156,80,637,155,279,0.5793267,person,7,
156,938,220,54,172,0.4908549,person,18,
157,938,176,54,86,0.20368534,person,1,
157,266,551,131,275,0.8088266,person,2,
157,906,275,95,203,0.8538715,person,4,
157,311,547,116,238,0.66151386,person,5,
157,498,505,114,306,0.5701382,person,8,entrance
157,178,548,99,256,0.7036985,person,9,
157,1202,383,93,229,0.8298575,person,11,atm
157,408,535,93,248,0.7297452,person,12,
157,1018,215,46,149,0.5742213,person,13,
157,1719,425,81,186,0.5327843,person,16,
157,1181,274,78,154,0.6858261,person,6,
157,1612,359,99,189,0.7292537,person,15,
157,987,274,79,203,0.78321475,person,17,
157,80,636,156,279,0.6864465,person,7,
157,938,218,53,175,0.45904928,person,18,
158,938,181,54,96,0.24617292,person,1,
158,265,551,131,276,0.80667216,person,2,
158,906,274,94,204,0.8640923,person,4,
158,313,548,117,237,0.7457397,person,5,
158,498,504,113,308,0.60288674,person,8,entrance
158,179,548,99,255,0.7133881,person,9,
158,1202,383,94,227,0.83900094,person,11,atm
158,407,535,93,247,0.7244172,person,12,
158,1019,214,43,145,0.5571955,person,13,
158,1718,423,82,187,0.52477616,person,16,
158,1181,273,78,152,0.67109185,person,6,
158,1611,360,97,192,0.73161757,person,15,
158,988,273,80,203,0.7926402,person,17,
158,81,635,154,279,0.7002594,person,7,
158,938,218,54,171,0.5117744,person,18,
159,938,182,54,102,0.2815618,person,1,
159,265,551,132,277,0.81053704,person,2,
159,907,274,92,204,0.86761475,person,4,
159,315,549,118,238,0.7556774,person,5,
159,498,505,113,307,0.6375157,person,8,entrance
159,179,549,98,253,0.720799,person,9,
159,1201,382,92,227,0.8191656,person,11,atm
159,408,535,94,248,0.712931,person,12,
159,1019,213,42,144,0.47408587,person,13,
159,1717,424,83,186,0.5301895,person,16,
159,1181,272,78,152,0.6942259,person,6,
159,1610,360,96,193,0.71094364,person,15,
159,989,271,80,205,0.7797198,person,17,
159,81,637,155,274,0.7330721,person,7,
159,938,217,54,171,0.49666092,person,18,
160,938,186,55,111,0.23939405,person,1,
160,264,550,133,278,0.81573164,person,2,
160,906,275,88,205,0.8522584,person,4,
160,317,549,119,238,0.7634538,person,5,
160,498,505,113,306,0.6281905,person,8,entrance
160,180,549,97,252,0.71294785,person,9,
160,1200,382,92,226,0.831073,person,11,atm
160,408,535,94,248,0.7184188,person,12,
160,1020,211,42,142,0.3661355,person,13,
160,1716,424,82,183,0.54148585,person,16,
160,1181,272,78,152,0.7424367,person,6,
160,1610,360,95,191,0.71456605,person,15,
160,991,271,78,207,0.79373384,person,17,
160,83,636,151,273,0.7613916,person,7,
160,938,214,55,166,0.53101987,person,18,
161,264,550,135,278,0.8172659,person,2,
161,906,275,86,206,0.84407794,person,4,
161,317,550,118,238,0.77457213,person,5,
161,498,509,113,297,0.63301724,person,8,entrance
161,180,550,98,251,0.7107512,person,9,
161,1200,383,92,226,0.8427921,person,11,atm
161,408,536,94,247,0.7307278,person,12,
161,1020,208,43,135,0.287801,person,13,
161,1717,423,78,186,0.61911505,person,16,
161,1181,272,78,151,0.72820073,person,6,
161,1609,360,94,191,0.69984686,person,15,
161,991,270,77,209,0.78035414,person,17,
161,84,635,150,273,0.7553412,person,7,
161,938,209,55,160,0.65768623,person,18,
162,263,550,134,279,0.8159981,person,2,
162,906,275,85,205,0.8384539,person,4,
162,317,551,118,237,0.7724217,person,5,
162,498,509,114,298,0.61178637,person,8,entrance
162,180,550,98,250,0.71116716,person,9,
162,1199,383,89,227,0.8235199,person,11,atm
162,407,537,94,245,0.72114116,person,12,
162,1021,210,43,140,0.26896185,person,13,
162,1719,425,75,184,0.6249207,person,16,
162,1181,272,78,151,0.69325435,person,6,
162,1609,360,95,191,0.66508985,person,15,
162,992,269,77,208,0.7821522,person,17,
162,83,636,152,269,0.7680864,person,7,
162,938,207,55,158,0.7503803,person,18,
163,262,550,135,279,0.8246089,person,2,
163,905,275,82,203,0.83580226,person,4,
163,317,551,119,237,0.79000455,person,5,
163,498,509,114,298,0.614637,person,8,entrance
163,181,551,98,248,0.7351644,person,9,
163,1198,384,88,227,0.8110132,person,11,atm
163,408,537,94,247,0.74751323,person,12,
163,1021,204,44,130,0.3802216,person,13,
163,1720,425,72,183,0.5787142,person,16,
163,1180,273,78,151,0.66046363,person,6,
163,1609,359,96,190,0.6810337,person,15,
163,994,269,75,207,0.7818226,person,17,
163,84,637,149,267,0.7883931,person,7,
163,938,206,56,158,0.7939527,person,18,
164,262,550,136,279,0.8221245,person,2,
164,906,274,84,204,0.8448274,person,4,
164,318,551,121,237,0.78938633,person,5,
164,498,507,114,301,0.6042979,person,8,entrance
164,181,551,98,246,0.7406978,person,9,
164,1197,384,86,227,0.8001983,person,11,atm
164,408,538,94,249,0.7197477,person,12,
164,1021,198,45,120,0.48413616,person,13,
164,1717,419,73,192,0.41507706,person,16,
164,1180,273,78,153,0.5916128,person,6,
164,1611,358,99,188,0.67203295,person,15,
164,995,266,76,202,0.7513756,person,17,
164,85,638,148,268,0.7968728,person,7,
164,938,206,58,158,0.77627754,person,18,
165,262,551,139,278,0.8164243,person,2,
165,905,271,83,201,0.83043003,person,4,
165,318,550,124,237,0.77387625,person,5,
165,498,503,114,309,0.6508465,person,8,entrance
165,182,554,96,240,0.7647037,person,9,
165,1197,384,89,228,0.8183251,person,11,atm
165,406,527,96,276,0.7331265,person,12,
165,1021,199,46,122,0.5645451,person,13,
165,1716,420,73,190,0.51661897,person,16,
165,1180,272,78,150,0.78307605,person,6,
165,1611,358,98,187,0.63485056,person,15,
165,994,258,74,186,0.76194596,person,17,
165,84,635,148,263,0.7974921,person,7,
165,939,206,59,162,0.7639474,person,18,
166,263,551,141,277,0.8172942,person,2,
166,904,269,86,200,0.8498559,person,4,
166,317,549,124,236,0.7456992,person,5,
166,499,501,113,312,0.66038615,person,8,entrance
166,182,555,96,238,0.75275147,person,9,
166,1196,385,91,227,0.8149104,person,11,atm
166,406,535,95,266,0.7258217,person,12,
166,1021,196,46,120,0.4381356,person,13,
166,1714,424,76,184,0.6944918,person,16,
166,1180,272,78,149,0.7879089,person,6,
166,1610,357,99,185,0.6567993,person,15,
166,994,261,77,193,0.767968,person,17,
166,85,634,151,256,0.81559813,person,7,
166,940,205,61,162,0.70581996,person,18,
167,262,551,141,277,0.80901074,person,2,
167,904,267,91,196,0.8458623,person,4,
167,318,550,123,235,0.7303272,person,5,
167,499,501,115,313,0.6695345,person,8,entrance
167,182,555,95,236,0.74249476,person,9,
167,1194,385,88,227,0.7876021,person,11,atm
167,406,526,94,291,0.7483702,person,12,
167,1021,199,47,127,0.51547164,person,13,
167,1713,404,77,226,0.46561328,person,16,
167,1180,270,78,145,0.7985253,person,6,
167,1610,358,101,187,0.6233332,person,15,
167,994,260,76,190,0.7632389,person,17,
167,87,633,154,252,0.80634713,person,7,
167,939,204,60,162,0.7004143,person,18,
168,262,553,141,274,0.8043613,person,2,
168,905,263,94,192,0.8522536,person,4,
168,318,551,123,235,0.73033804,person,5,
168,499,501,115,315,0.68184495,person,8,entrance
168,182,555,95,236,0.71089137,person,9,
168,1193,385,88,228,0.81327564,person,11,atm
168,406,528,93,288,0.66792893,person,12,
168,1020,199,47,127,0.5265032,person,13,
168,1712,397,75,240,0.49883816,person,16,
168,1179,271,78,147,0.76151955,person,6,
168,1608,358,99,186,0.6107679,person,15,
168,995,258,75,189,0.7539693,person,17,
168,88,634,157,248,0.83358496,person,7,
168,940,203,61,159,0.69628847,person,18,
169,262,553,142,271,0.8042584,person,2,
169,904,260,94,188,0.83505446,person,4,
169,317,551,126,235,0.7265773,person,5,
169,499,502,115,315,0.6695859,person,8,entrance
169,182,555,96,236,0.68677735,person,9,
169,1193,385,90,229,0.8017614,person,11,atm
169,406,536,93,274,0.6863726,person,12,
169,1020,199,47,129,0.5125737,person,13,
169,1711,412,75,209,0.44767717,person,16,
169,1179,272,78,149,0.71115476,person,6,
169,1607,357,99,185,0.59474975,person,15,
169,994,258,75,190,0.7585141,person,17,
169,89,635,158,248,0.8345982,person,7,
169,939,203,61,160,0.5928938,person,18,
170,262,556,143,265,0.8103202,person,2,
170,904,256,95,183,0.8172747,person,4,
170,316,551,127,234,0.7439317,person,5,
170,500,504,116,312,0.6113162,person,8,entrance
170,182,554,96,237,0.62382555,person,9,
170,1192,384,87,228,0.786924,person,11,atm
170,407,538,94,261,0.73535347,person,12,
170,1020,198,48,129,0.4980201,person,13,
170,1711,399,74,238,0.41017133,person,16,
170,1179,271,78,148,0.7114819,person,6,
170,1606,357,97,185,0.58777404,person,15,
170,994,253,76,181,0.73375,person,17,
170,89,635,158,248,0.82064885,person,7,
170,940,204,62,162,0.5895922,person,18,
171,262,557,143,263,0.79795295,person,2,
171,905,254,97,184,0.7978824,person,4,
171,315,551,129,236,0.7072468,person,5,
171,500,504,115,311,0.6701261,person,8,entrance
171,182,554,96,237,0.61039406,person,9,
171,1192,383,87,229,0.7922189,person,11,atm
171,406,543,102,267,0.7684535,person,12,
171,1020,199,50,131,0.61704755,person,13,
171,1711,395,74,246,0.44060388,person,16,
171,1180,270,78,146,0.6549968,person,6,
171,1605,356,96,185,0.5862059,person,15,
171,993,250,74,177,0.6854326,person,17,
171,88,635,154,248,0.817432,person,7,
171,940,205,61,164,0.564945,person,18,
172,262,557,143,264,0.7885264,person,2,
172,908,252,91,186,0.76166385,person,4,
172,315,550,129,237,0.70520306,person,5,
172,500,505,116,308,0.6829821,person,8,entrance
172,182,555,96,237,0.6463257,person,9,
172,1192,384,91,228,0.7879033,person,11,atm
172,407,547,104,271,0.7769646,person,12,
172,1020,201,52,135,0.62648034,person,13,
172,1710,394,74,247,0.5321159,person,16,
172,1180,268,78,142,0.67847043,person,6,
172,1605,357,96,186,0.5865282,person,15,
172,991,248,69,176,0.728105,person,17,
172,88,633,155,250,0.79328513,person,7,
172,939,205,59,164,0.61064243,person,18,
173,262,556,143,266,0.7932532,person,2,
173,910,252,92,186,0.7559396,person,4,
173,316,550,127,236,0.78042436,person,5,
173,500,505,118,308,0.68635863,person,8,entrance
173,182,555,96,237,0.59760386,person,9,
173,1192,384,93,227,0.7967154,person,11,atm
173,409,549,107,273,0.7770227,person,12,
173,1019,201,54,137,0.6228627,person,13,
173,1710,394,73,246,0.44382563,person,16,
173,1179,264,78,132,0.74144036,person,6,
173,1605,357,95,186,0.60036814,person,15,
173,989,247,73,177,0.7303376,person,17,
173,86,631,151,253,0.5237033,person,7,
173,938,206,56,168,0.516882,person,18,
174,262,554,143,270,0.8013343,person,2,
174,910,251,95,186,0.7468724,person,4,
174,316,551,126,234,0.7702341,person,5,
174,499,512,117,313,0.6975606,person,8,entrance
174,182,555,96,237,0.6208059,person,9,
174,1191,384,91,228,0.795268,person,11,atm
174,410,549,111,271,0.73803765,person,12,entrance
174,1019,202,55,139,0.6522383,person,13,
174,1709,396,72,242,0.53032416,person,16,
174,1179,261,78,127,0.6881589,person,6,
174,1606,357,94,185,0.6356123,person,15,
174,988,246,67,178,0.7483161,person,17,
174,88,630,152,252,0.5381536,person,7,
174,939,218,55,194,0.5415691,person,18,
175,262,553,145,273,0.7875294,person,2,
175,912,251,89,185,0.73527443,person,4,
175,316,550,126,233,0.6050764,person,5,
175,499,515,117,316,0.6699573,person,8,entrance
175,183,555,97,236,0.59265906,person,9,
175,1191,384,91,230,0.80644447,person,11,atm
175,404,545,122,259,0.7257391,person,12,
175,1019,201,55,138,0.6762308,person,13,
175,1709,395,73,244,0.57934654,person,16,
175,1179,257,78,119,0.69345003,person,6,
175,1607,357,94,185,0.6613233,person,15,
175,988,244,62,178,0.7395744,person,17,
175,90,631,155,253,0.6014396,person,7,
175,939,221,53,201,0.56298745,person,18,
176,263,552,145,273,0.791735,person,2,
176,911,250,82,184,0.72679114,person,4,
176,315,549,128,235,0.54603416,person,5,
176,499,516,117,314,0.62972224,person,8,entrance
176,182,556,96,235,0.5132395,person,9,
176,1190,384,91,230,0.80873376,person,11,atm
176,402,540,117,250,0.6972665,person,12,
176,1020,201,53,141,0.67894244,person,13,
176,1709,394,73,246,0.57895786,person,16,
176,1178,256,77,116,0.7423013,person,6,
176,1607,357,94,187,0.68428916,person,15,
176,988,243,61,177,0.7857104,person,17,
176,92,633,156,252,0.63313985,person,7,
176,940,213,53,188,0.58149624,person,18,
177,262,552,144,273,0.7921839,person,2,
177,914,250,76,184,0.77856046,person,4,
177,315,549,127,236,0.61328757,person,5,
177,500,512,117,316,0.6358157,person,8,entrance
177,182,556,96,235,0.5772344,person,9,
177,1189,383,93,232,0.8101569,person,11,atm
177,398,541,119,242,0.6883194,person,12,
177,1020,202,51,143,0.6822803,person,13,
177,1709,394,72,247,0.5729572,person,16,
177,1178,255,78,114,0.77592945,person,6,
177,1608,357,94,187,0.69487274,person,15,
177,987,243,60,177,0.7856378,person,17,
177,92,633,156,253,0.5664931,person,7,
177,941,202,52,165,0.5823863,person,18,
178,261,551,142,272,0.7966729,person,2,
178,911,249,74,182,0.74017406,person,4,
178,316,550,129,235,0.7723042,person,5,
178,500,508,113,318,0.60292524,person,8,entrance
178,182,554,96,238,0.55004436,person,9,
178,1190,384,94,232,0.8062028,person,11,atm
178,401,520,114,274,0.57864547,person,12,
178,1020,202,49,144,0.6525396,person,13,
178,1710,398,71,238,0.58973545,person,16,
178,1178,255,78,112,0.78724355,person,6,
178,1609,357,95,187,0.6854492,person,15,
178,986,242,59,175,0.7626449,person,17,
178,93,633,158,256,0.5611536,person,7,
178,942,196,53,157,0.66196966,person,18,
179,260,552,141,273,0.8114145,person,2,
179,914,246,70,177,0.64662033,person,4,
179,316,551,129,231,0.6623164,person,5,
179,500,510,114,326,0.65814877,person,8,entrance
179,181,552,96,240,0.23894517,person,9,
179,1190,382,95,235,0.8023893,person,11,atm
179,400,531,112,247,0.6978607,person,12,
179,1018,203,47,146,0.64157665,person,13,
179,1709,402,71,229,0.6475796,person,16,
179,1178,254,78,111,0.74631834,person,6,
179,1609,358,95,187,0.6921962,person,15,
179,987,240,58,173,0.778422,person,17,
179,93,637,158,251,0.6220208,person,7,
179,942,206,54,178,0.5336682,person,18,
180,260,552,143,273,0.81599426,person,2,
180,917,244,68,174,0.70171463,person,4,
180,315,551,126,235,0.46175775,person,5,
180,499,511,115,331,0.73510206,person,8,entrance
180,181,550,101,247,0.33274424,person,9,
180,1190,382,95,238,0.814347,person,11,atm
180,400,536,109,236,0.68055904,person,12,
180,1018,203,46,146,0.64494026,person,13,
180,1709,404,71,226,0.64758486,person,16,
180,1178,254,77,110,0.73222214,person,6,
180,1609,359,97,189,0.71492296,person,15,
180,987,239,57,174,0.74998826,person,17,
180,93,640,159,249,0.6145606,person,7,
180,942,204,55,177,0.507274,person,18,
181,260,552,143,273,0.8098624,person,2,
181,918,242,67,173,0.7204557,person,4,
181,315,551,125,237,0.51763785,person,5,
181,499,512,116,334,0.7229966,person,8,entrance
181,182,551,99,246,0.38486648,person,9,
181,1190,382,94,238,0.8059269,person,11,atm
181,400,538,104,233,0.68417794,person,12,
181,1018,201,45,146,0.6327164,person,13,
181,1709,405,71,224,0.6408821,person,16,
181,1178,254,77,111,0.7482166,person,6,
181,1609,359,97,191,0.75494075,person,15,
181,987,238,56,173,0.7220613,person,17,
181,93,641,161,247,0.5908973,person,7,
181,942,196,55,161,0.5037678,person,18,
182,261,552,143,272,0.8179606,person,2,
182,918,241,67,174,0.6885179,person,4,
182,314,551,123,237,0.304866,person,5,
182,499,513,115,333,0.71231335,person,8,entrance
182,181,554,97,239,0.4829728,person,9,
182,1190,383,94,235,0.806047,person,11,atm
182,402,539,100,228,0.7067963,person,12,
182,1017,200,45,145,0.6362452,person,13,
182,1709,407,71,219,0.6619029,person,16,
182,1178,255,77,111,0.75683135,person,6,
182,1610,360,97,193,0.743745,person,15,
182,987,236,56,169,0.7043541,person,17,
182,92,641,161,244,0.51345474,person,7,
182,941,202,59,173,0.49828565,person,18,
183,262,552,144,272,0.8225936,person,2,
183,919,239,65,177,0.7477341,person,4,
183,499,513,116,330,0.68386036,person,8,entrance
183,181,555,96,235,0.59406066,person,9,
183,1190,381,92,237,0.80005544,person,11,atm
183,404,542,100,223,0.6990463,person,12,
183,1017,196,44,139,0.6452073,person,13,
183,1709,411,71,213,0.64673376,person,16,
183,1178,255,77,111,0.7063195,person,6,
183,1610,360,98,194,0.7583187,person,15,
183,987,237,57,174,0.6884324,person,17,
183,93,640,160,244,0.42596382,person,7,
183,942,199,56,166,0.4088421,person,18,
184,262,552,144,272,0.8152177,person,2,
184,912,238,78,177,0.61614335,person,4,
184,498,512,117,329,0.6862288,person,8,entrance
184,181,556,96,234,0.61985445,person,9,
184,1189,382,90,236,0.7900828,person,11,atm
184,406,544,100,217,0.67473143,person,12,
184,1017,196,45,142,0.6193866,person,13,
184,1709,414,71,206,0.7085518,person,16,
184,1178,254,77,110,0.63877785,person,6,
184,1610,360,100,193,0.6726783,person,15,
184,988,236,56,171,0.68321586,person,17,
184,93,639,160,245,0.40031984,person,7,
184,942,200,53,169,0.50154096,person,18,
185,262,552,145,273,0.8241124,person,2,
185,913,237,77,177,0.64706343,person,4,
185,498,511,118,330,0.66670585,person,8,entrance
185,181,557,95,233,0.638473,person,9,
185,1188,383,89,234,0.7884114,person,11,atm
185,401,545,98,212,0.5252638,person,12,
185,1017,194,45,141,0.6297474,person,13,
185,1709,417,70,199,0.6915183,person,16,
185,1178,254,77,110,0.6381842,person,6,
185,1611,361,100,194,0.70244455,person,15,
185,989,235,56,169,0.7035221,person,17,
185,94,641,161,243,0.49251273,person,7,
185,943,198,50,164,0.51501536,person,18,
185,51,792,101,182,0.5908896,person,19,
186,262,552,145,273,0.8256993,person,2,
186,916,236,72,178,0.6196127,person,4,
186,498,511,119,331,0.6767209,person,8,entrance
186,181,557,95,233,0.7838983,person,9,
186,1188,383,86,236,0.7724648,person,11,atm
186,398,547,102,209,0.3211677,person,12,
186,1018,195,44,143,0.49698406,person,13,
186,1710,418,70,197,0.6603925,person,16,
186,1177,254,77,109,0.5735582,person,6,
186,1613,361,101,194,0.7153165,person,15,
186,990,236,57,173,0.65777344,person,17,
186,93,642,161,241,0.67296857,person,7,
186,941,196,52,162,0.4588703,person,18,
186,53,792,106,179,0.5858865,person,19,
187,262,552,143,274,0.81331766,person,2,
187,919,235,70,179,0.5105952,person,4,
187,499,511,120,333,0.689979,person,8,entrance
187,181,557,95,233,0.805516,person,9,
187,1188,383,86,237,0.76344824,person,11,atm
187,401,549,97,213,0.61453974,person,12,
187,1017,195,43,144,0.39947054,person,13,
187,1710,418,70,197,0.6662743,person,16,
187,1177,254,76,109,0.6106441,person,6,
187,1614,361,103,194,0.73369575,person,15,
187,991,236,61,176,0.607724,person,17,
187,93,642,160,243,0.689463,person,7,
187,939,196,55,161,0.44111872,person,18,
187,58,791,115,183,0.6612578,person,19,
188,263,552,143,274,0.8069851,person,2,
188,921,234,67,180,0.59351057,person,4,
188,499,509,119,333,0.7131252,person,8,entrance
188,181,557,95,234,0.7989298,person,9,
188,1189,382,86,237,0.76102567,person,11,atm
188,406,554,94,215,0.57499236,person,12,
188,1017,195,41,145,0.3740481,person,13,
188,1710,416,70,202,0.6930788,person,16,
188,1177,254,77,110,0.5700544,person,6,
188,1614,361,103,193,0.73472875,person,15,
188,995,233,62,176,0.65695405,person,17,
188,93,638,157,249,0.66266483,person,7,
188,938,200,54,171,0.41975436,person,18,
188,60,792,120,185,0.6385682,person,19,
189,263,552,142,274,0.81982744,person,2,
189,922,234,65,182,0.53462684,person,4,
189,499,510,120,335,0.67843,person,8,entrance
189,181,557,95,233,0.778679,person,9,
189,1189,383,86,235,0.77730495,person,11,atm
189,408,559,94,224,0.58301437,person,12,
189,1017,190,40,134,0.20595427,person,13,
189,1710,414,70,205,0.6840887,person,16,
189,1177,255,78,110,0.58767974,person,6,
189,1615,361,103,192,0.7378255,person,15,
189,998,228,67,178,0.71410704,person,17,
189,92,634,155,259,0.59819734,person,7,
189,937,206,54,185,0.39258614,person,18,
189,61,794,122,182,0.50241655,person,19,
190,264,552,143,274,0.81227344,person,2,
190,926,226,65,197,0.61390007,person,4,
190,499,511,121,335,0.65782654,person,8,entrance
190,181,557,95,234,0.8118398,person,9,
190,1189,383,86,235,0.7842232,person,11,atm
190,412,565,103,230,0.7361313,person,12,entrance
190,1710,413,70,207,0.6826538,person,16,
190,1177,255,78,111,0.61272424,person,6,
190,1614,361,100,193,0.73040193,person,15,
190,1000,223,68,180,0.80290854,person,17,
190,92,634,155,260,0.7094447,person,7,
190,937,199,54,174,0.14933391,person,18,
190,62,787,123,196,0.49064922,person,19,
190,317,553,128,233,0.59850615,person,5,
191,264,552,143,274,0.8157099,person,2,
191,924,231,65,188,0.7014763,person,4,
191,499,507,120,328,0.6553855,person,8,entrance
191,182,557,96,234,0.84303993,person,9,
191,1190,383,86,235,0.778243,person,11,atm
191,419,568,115,237,0.7705204,person,12,entrance
191,1710,412,71,211,0.68071985,person,16,
191,1176,255,79,111,0.6140168,person,6,
191,1613,361,98,194,0.7338076,person,15,
191,1001,225,66,172,0.77789485,person,17,
191,94,636,156,257,0.79491,person,7,
191,939,185,50,148,0.47834194,person,18,
191,62,783,124,204,0.71545476,person,19,
191,317,552,130,231,0.5862874,person,5,
192,264,552,142,274,0.81294984,person,2,
192,925,232,64,184,0.62664944,person,4,
192,500,505,120,320,0.65098536,person,8,entrance
192,182,557,96,234,0.83980674,person,9,
192,1189,383,85,236,0.7728685,person,11,atm
192,421,573,125,247,0.7859303,person,12,entrance
192,1709,409,71,215,0.69143426,person,16,
192,1176,256,79,112,0.6333409,person,6,
192,1612,362,96,194,0.6815937,person,15,
192,1000,224,62,170,0.73794955,person,17,
192,93,636,155,256,0.7838934,person,7,
192,936,199,56,179,0.36505195,person,18,
192,62,781,124,210,0.77930254,person,19,
192,316,551,130,233,0.50288576,person,5,
192,390,413,89,97,0.5488066,person,20,
193,264,552,141,275,0.80764884,person,2,
193,927,221,67,198,0.6952511,person,4,
193,500,504,120,314,0.6307521,person,8,entrance
193,181,557,96,234,0.8435627,person,9,
193,1189,383,84,234,0.77046394,person,11,atm
193,422,576,132,255,0.7711625,person,12,entrance
193,1709,408,71,218,0.68772745,person,16,
193,1176,256,79,113,0.59856564,person,6,
193,1616,353,90,177,0.6915199,person,15,
193,1001,223,63,171,0.7659473,person,17,
193,94,636,156,254,0.79992706,person,7,
193,935,191,56,165,0.151279,person,18,
193,62,781,124,210,0.7444517,person,19,
193,317,553,129,234,0.5638232,person,5,
193,390,415,87,95,0.5778928,person,20,
194,264,552,139,277,0.8158431,person,2,
194,927,219,68,199,0.6249415,person,4,
194,500,504,120,312,0.60266966,person,8,entrance
194,181,557,96,234,0.8498156,person,9,
194,1188,384,84,233,0.7713691,person,11,atm
194,422,576,137,256,0.6879735,person,12,entrance
194,1709,410,71,214,0.70317084,person,16,
194,1176,258,79,117,0.53335196,person,6,
194,1615,359,93,188,0.70155936,person,15,
194,1004,221,66,176,0.8169265,person,17,
194,94,637,158,253,0.8272542,person,7,
194,934,184,58,150,0.29055676,person,18,
194,62,777,123,219,0.8111899,person,19,
194,318,553,128,235,0.6133802,person,5,
194,391,416,87,95,0.6037459,person,20,
195,264,551,137,276,0.8233628,person,2,
195,925,220,69,187,0.6582378,person,4,
195,501,502,122,315,0.56680596,person,8,entrance
195,181,557,95,233,0.8251249,person,9,
195,1188,385,83,231,0.77505034,person,11,atm
195,421,580,143,266,0.7087894,person,12,entrance
195,1709,409,71,216,0.6646797,person,16,
195,1175,260,79,121,0.51048636,person,6,
195,1617,358,92,187,0.6588293,person,15,
195,1006,218,67,181,0.8315781,person,17,
195,94,637,156,256,0.80503047,person,7,
195,936,178,55,141,0.19611515,person,18,
195,61,779,123,215,0.77602273,person,19,
195,316,551,130,237,0.586858,person,5,
195,390,414,87,99,0.6103446,person,20,
196,264,551,134,277,0.8143225,person,2,
196,925,221,70,182,0.62781346,person,4,
196,503,503,124,320,0.6322787,person,8,entrance
196,180,557,95,233,0.82603806,person,9,
196,1188,386,82,231,0.77625984,person,11,atm
196,428,584,124,272,0.70857507,person,12,entrance
196,1709,407,70,218,0.67967343,person,16,
196,1175,262,80,124,0.5208772,person,6,
196,1617,357,93,186,0.65744436,person,15,
196,1007,220,67,177,0.8276177,person,17,
196,94,637,153,256,0.84993196,person,7,
196,937,166,55,118,0.109352045,person,18,
196,62,778,124,219,0.7037949,person,19,
196,316,551,129,240,0.6483818,person,5,
196,391,411,89,102,0.6647817,person,20,
197,265,551,132,278,0.8122745,person,2,
197,926,211,72,193,0.64044166,person,4,
197,501,507,122,328,0.6486698,person,8,entrance
197,180,557,95,233,0.8133174,person,9,
197,1189,386,83,230,0.77937686,person,11,atm
197,429,588,121,278,0.62983483,person,12,entrance
197,1709,406,70,221,0.6936512,person,16,
197,1176,261,80,124,0.56125116,person,6,
197,1615,360,95,191,0.72883165,person,15,
197,1008,221,67,175,0.82236403,person,17,
197,93,638,151,260,0.8672023,person,7,
197,937,188,53,162,0.19497012,person,18,
197,67,773,135,225,0.70724195,person,19,
197,316,550,128,241,0.61176646,person,5,
197,391,410,90,102,0.664961,person,20,
198,265,551,130,277,0.80645484,person,2,
198,927,207,72,196,0.63203305,person,4,
198,501,505,123,324,0.5530723,person,8,entrance
198,180,557,95,233,0.789034,person,9,
198,1189,386,83,231,0.7846407,person,11,atm
198,434,592,117,282,0.7007807,person,12,entrance
198,1709,405,70,222,0.6982285,person,16,
198,1176,264,80,128,0.54417425,person,6,
198,1614,359,96,188,0.7137601,person,15,
198,1009,221,66,175,0.808951,person,17,
198,93,640,153,264,0.88263196,person,7,
198,938,192,50,170,0.16174933,person,18,
198,74,771,148,228,0.7832148,person,19,
198,316,553,128,239,0.6424397,person,5,
198,391,409,91,101,0.64510334,person,20,
199,266,551,129,278,0.8118113,person,2,
199,924,213,66,183,0.6420084,person,4,
199,502,502,125,320,0.56014043,person,8,entrance
199,180,557,96,233,0.76260996,person,9,
199,1189,386,84,231,0.7893036,person,11,atm
199,437,596,118,281,0.65687925,person,12,entrance
199,1709,405,70,222,0.7215717,person,16,
199,1176,258,77,118,0.53700936,person,6,
199,1615,360,96,191,0.7145837,person,15,
199,1009,221,66,174,0.80715543,person,17,
199,93,642,155,268,0.8548119,person,7,
199,940,199,47,185,0.35547897,person,18,
199,83,771,167,228,0.8300432,person,19,
199,317,553,126,245,0.5427076,person,5,
199,391,408,91,101,0.6584594,person,20,
200,267,551,128,280,0.813991,person,2,
200,922,215,63,176,0.66753024,person,4,
200,502,503,123,319,0.5808953,person,8,entrance
200,180,557,96,234,0.7818462,person,9,
200,1189,386,84,231,0.7842259,person,11,atm
200,445,598,113,279,0.6916014,person,12,entrance
200,1709,405,70,223,0.7258328,person,16,
200,1177,268,78,138,0.45958638,person,6,
200,1615,359,96,190,0.70822936,person,15,
200,1010,221,66,176,0.82033956,person,17,
200,93,641,154,265,0.84662646,person,7,
200,941,201,46,190,0.3582956,person,18,
200,85,771,168,229,0.83137953,person,19,
200,319,553,123,247,0.63974637,person,5,
200,391,408,91,101,0.6505068,person,20,
201,267,551,128,282,0.8219698,person,2,
201,921,216,61,173,0.73744994,person,4,
201,503,500,126,320,0.61894625,person,8,entrance
201,181,557,96,234,0.8065285,person,9,
201,1190,386,84,232,0.7699646,person,11,atm
201,449,600,109,278,0.8001605,person,12,entrance
201,1709,405,69,223,0.72656405,person,16,
201,1177,260,77,121,0.51134354,person,6,
201,1616,359,96,189,0.691852,person,15,
201,1009,220,65,175,0.8171947,person,17,
201,94,642,153,268,0.8021224,person,7,
201,942,171,46,130,0.6119953,person,18,
201,91,773,171,225,0.76472276,person,19,
201,319,554,122,246,0.6379481,person,5,
201,391,407,91,101,0.6329313,person,20,
202,268,551,128,282,0.8032829,person,2,
202,921,217,61,171,0.7404275,person,4,
202,505,498,128,320,0.67379636,person,8,entrance
202,181,557,95,233,0.8060216,person,9,
202,1190,386,83,233,0.7616007,person,11,atm
202,452,601,110,276,0.77676845,person,12,entrance
202,1709,405,69,223,0.7344438,person,16,
202,1178,259,78,120,0.5405466,person,6,
202,1616,358,97,188,0.7020544,person,15,
202,1009,217,64,181,0.83178186,person,17,
202,94,641,154,265,0.82151824,person,7,
202,942,161,45,109,0.6702194,person,18,
202,97,771,170,229,0.5179436,person,19,
202,319,555,121,246,0.69698435,person,5,
202,391,406,91,102,0.65102935,person,20,
203,268,551,127,283,0.8067453,person,2,
203,922,217,62,171,0.7264449,person,4,
203,506,496,132,317,0.61897427,person,8,entrance
203,181,557,95,232,0.8132693,person,9,
203,1190,387,82,229,0.7554724,person,11,atm
203,453,603,111,273,0.7164383,person,12,entrance
203,1709,405,69,223,0.7281965,person,16,
203,1179,257,79,115,0.55171853,person,6,
203,1617,358,98,187,0.6836972,person,15,
203,1009,213,64,185,0.84433514,person,17,
203,95,639,153,262,0.8158905,person,7,
203,942,161,45,108,0.6800901,person,18,
203,101,768,168,235,0.5245222,person,19,
203,320,555,120,245,0.67085564,person,5,
203,390,406,91,101,0.6754825,person,20,
204,269,551,127,283,0.7933488,person,2,
204,921,217,62,171,0.7213471,person,4,
204,507,496,135,315,0.67204297,person,8,entrance
204,183,557,101,233,0.8017767,person,9,
204,1190,387,82,231,0.78054345,person,11,atm
204,455,605,113,269,0.72141176,person,12,entrance
204,1709,405,69,223,0.73396355,person,16,
204,1181,255,78,113,0.57894474,person,6,
204,1618,358,98,188,0.6617625,person,15,
204,1010,212,63,183,0.8272722,person,17,
204,95,639,152,262,0.7980861,person,7,
204,942,163,45,113,0.6843219,person,18,
204,104,768,166,234,0.2022821,person,19,
204,320,555,120,245,0.63237226,person,5,
204,391,405,91,101,0.6694029,person,20,
205,270,549,128,281,0.7818656,person,2,
205,921,217,63,171,0.7286229,person,4,
205,507,497,135,314,0.6915384,person,8,entrance
205,185,557,106,233,0.76227427,person,9,
205,1191,387,82,228,0.78616375,person,11,atm
205,457,606,115,267,0.7208989,person,12,entrance
205,1709,406,69,222,0.7303218,person,16,
205,1181,255,79,113,0.61128974,person,6,
205,1618,358,97,188,0.68256634,person,15,
205,1009,212,62,174,0.8189611,person,17,
205,93,642,146,265,0.7669773,person,7,
205,942,164,43,114,0.666979,person,18,
205,106,763,168,241,0.8051486,person,19,
205,320,556,119,246,0.62608236,person,5,
205,390,406,90,101,0.5900456,person,20,
206,270,550,127,282,0.8005321,person,2,
206,921,217,65,171,0.7073676,person,4,
206,507,498,134,316,0.7369825,person,8,entrance
206,185,557,106,233,0.7774953,person,9,
206,1191,387,82,228,0.7907441,person,11,atm
206,456,608,110,264,0.68496823,person,12,entrance
206,1709,406,69,222,0.7337252,person,16,
206,1181,254,79,112,0.6732053,person,6,
206,1617,359,96,189,0.7126695,person,15,
206,1009,211,61,168,0.8078229,person,17,
206,94,642,146,265,0.82060045,person,7,
206,942,163,43,117,0.66460794,person,18,
206,108,771,166,224,0.15699613,person,19,
206,320,556,118,246,0.6705978,person,5,
206,390,406,90,100,0.44927853,person,20,
207,270,551,127,282,0.7944712,person,2,
207,920,217,63,170,0.70640457,person,4,
207,506,497,133,318,0.76104224,person,8,entrance
207,183,557,102,233,0.77533215,person,9,
207,1191,386,83,230,0.77783924,person,11,atm
207,460,607,115,266,0.49291795,person,12,entrance
207,1709,406,70,222,0.72920245,person,16,
207,1183,255,77,114,0.6234476,person,6,
207,1616,358,94,186,0.6765341,person,15,
207,1009,207,61,167,0.82603896,person,17,
207,97,640,144,266,0.76302266,person,7,
207,942,165,44,123,0.6766683,person,18,
207,109,773,163,215,0.2709239,fire hydrant,19,
207,321,556,118,246,0.6890971,person,5,
207,390,405,89,101,0.42011052,person,20,
208,270,551,127,282,0.78526515,person,2,
208,920,216,64,168,0.7068171,person,4,
208,505,497,133,316,0.71310246,person,8,entrance
208,182,557,98,233,0.7844646,person,9,
208,1191,386,83,230,0.7934494,person,11,atm
208,464,612,115,261,0.821746,person,12,entrance
208,1709,406,70,223,0.7278902,person,16,
208,1183,253,77,113,0.63559645,person,6,
208,1615,358,94,186,0.6909059,person,15,
208,1008,205,61,169,0.8357769,person,17,
208,100,637,144,261,0.7635576,person,7,
208,942,165,44,124,0.6644737,person,18,
208,110,772,160,213,0.57671195,fire hydrant,19,
208,321,553,119,239,0.70370424,person,5,
208,391,406,89,101,0.6373782,person,20,
209,270,551,127,282,0.768057,person,2,
209,919,216,64,166,0.7209247,person,4,
209,505,493,134,309,0.7190749,person,8,entrance
209,182,557,99,233,0.7712918,person,9,
209,1191,385,83,231,0.80187863,person,11,atm
209,472,612,124,261,0.8283458,person,12,entrance
209,1709,405,70,223,0.7302631,person,16,
209,1184,255,79,116,0.69326276,person,6,
209,1617,357,94,184,0.6594108,person,15,
209,1008,203,61,172,0.84920454,person,17,
209,103,635,148,257,0.7261458,person,7,
209,941,164,45,126,0.66418326,person,18,
209,115,766,151,226,0.2515071,fire hydrant,19,
209,321,553,120,236,0.69996023,person,5,
209,392,405,89,103,0.6906887,person,20,
210,270,551,126,282,0.8039911,person,2,
210,918,215,62,168,0.7280247,person,4,
210,504,494,133,311,0.6288813,person,8,entrance
210,180,557,95,234,0.7520564,person,9,
210,1192,384,83,230,0.7797774,person,11,atm
210,481,619,135,263,0.79971033,person,12,entrance
210,1709,405,70,223,0.7219639,person,16,
210,1186,252,78,110,0.7130977,person,6,
210,1618,358,100,184,0.7077852,person,15,
210,1009,201,61,174,0.8525696,person,17,
210,103,636,145,258,0.69917345,person,7,
210,942,164,42,128,0.6726833,person,18,
210,117,760,144,239,0.30181792,person,19,
210,320,555,117,241,0.7008854,person,5,
210,392,405,89,105,0.70584416,person,20,
211,270,551,126,282,0.8139769,person,2,
211,917,214,61,167,0.72233313,person,4,
211,504,492,135,306,0.6540836,person,8,entrance
211,180,557,94,234,0.73378605,person,9,
211,1191,382,84,232,0.7982576,person,11,atm
211,489,623,143,272,0.8441365,person,12,entrance
211,1708,405,70,224,0.71936476,person,16,
211,1187,248,79,103,0.69512916,person,6,
211,1618,358,102,185,0.70599115,person,15,
211,1008,200,60,175,0.8512117,person,17,
211,104,633,149,254,0.68427604,person,7,
211,942,164,41,129,0.6742115,person,18,
211,121,764,139,228,0.19267388,fire hydrant,19,
211,320,555,116,242,0.70840347,person,5,
211,391,405,91,107,0.7243637,person,20,
212,270,551,126,282,0.81520903,person,2,
212,917,211,62,166,0.72000176,person,4,
212,505,493,135,305,0.63725835,person,8,entrance
212,180,557,95,234,0.7355644,person,9,
212,1191,382,85,232,0.7980278,person,11,atm
212,498,627,150,274,0.8506031,person,12,entrance
212,1708,405,70,225,0.7235969,person,16,
212,1187,248,79,102,0.693401,person,6,
212,1618,358,103,185,0.7074314,person,15,
212,1008,200,59,175,0.84234357,person,17,
212,105,631,153,251,0.68072313,person,7,
212,943,163,38,128,0.62202525,person,18,
212,123,766,137,223,0.19733642,fire hydrant,19,
212,320,555,115,243,0.68901044,person,5,
212,391,404,91,108,0.73980045,person,20,
213,270,551,126,281,0.81092995,person,2,
213,920,208,62,162,0.7650426,person,4,
213,504,484,134,290,0.59287244,person,8,entrance
213,180,557,94,234,0.7384341,person,9,
213,1192,382,86,234,0.7888737,person,11,atm
213,503,632,150,271,0.7979463,person,12,entrance
213,1709,406,70,224,0.71908677,person,16,
213,1188,248,80,104,0.6940418,person,6,
213,1618,359,103,186,0.7116485,person,15,
213,1008,201,57,176,0.83885676,person,17,
213,107,630,152,248,0.6754337,person,7,
213,943,156,38,113,0.55796695,person,18,
213,133,772,149,216,0.3900499,fire hydrant,19,
213,320,555,115,244,0.682393,person,5,
213,391,404,91,108,0.75284034,person,20,
214,271,551,126,281,0.807992,person,2,
214,919,206,58,158,0.75143695,person,4,
214,504,489,134,300,0.60467356,person,8,entrance
214,179,558,93,233,0.7461917,person,9,
214,1191,381,85,234,0.7835655,person,11,atm
214,510,636,155,273,0.85658866,person,12,entrance
214,1709,406,70,223,0.7161404,person,16,
214,1190,248,80,103,0.66651285,person,6,
214,1618,359,105,187,0.7194588,person,15,
214,1009,200,57,178,0.8334991,person,17,
214,106,625,147,238,0.442587,person,7,
214,942,159,38,120,0.60300726,person,18,
214,142,770,161,223,0.38123202,person,19,
214,320,556,115,246,0.676508,person,5,
214,391,403,90,109,0.73617333,person,20,
215,271,551,126,281,0.8058553,person,2,
215,919,205,56,157,0.7525586,person,4,
215,505,477,135,279,0.60226655,person,8,entrance
215,179,557,93,233,0.7300012,person,9,
215,1191,381,85,234,0.7905622,person,11,atm
215,515,639,154,272,0.892488,person,12,entrance
215,1709,405,71,224,0.7135623,person,16,
215,1190,247,80,103,0.64564943,person,6,
215,1619,360,108,188,0.6794328,person,15,
215,1009,199,57,179,0.8348049,person,17,
215,108,624,147,236,0.2895377,person,7,
215,942,163,38,127,0.57036793,person,18,
215,149,768,171,220,0.33322343,person,19,
215,320,553,117,240,0.68645287,person,5,
215,391,403,90,109,0.7416087,person,20,
216,271,551,126,280,0.79573965,person,2,
216,919,204,56,157,0.7653577,person,4,
216,507,472,139,270,0.42565423,person,8,entrance
216,185,558,104,235,0.7156547,person,9,
216,1191,381,86,236,0.7961578,person,11,atm
216,520,641,149,271,0.8881947,person,12,entrance
216,1709,406,70,223,0.7017414,person,16,
216,1191,246,80,100,0.6280521,person,6,
216,1619,360,107,190,0.64215744,person,15,
216,1010,199,57,179,0.82294923,person,17,
216,109,627,152,243,0.26271945,person,7,
216,942,159,38,120,0.4413938,person,18,
216,154,758,179,235,0.5398682,person,19,
216,320,553,118,239,0.68242687,person,5,
216,392,403,89,109,0.7406818,person,20,
217,271,551,126,280,0.80374086,person,2,
217,919,203,56,156,0.7578367,person,4,
217,508,470,138,264,0.28783482,person,8,entrance
217,181,558,98,234,0.705058,person,9,
217,1191,383,88,234,0.78753215,person,11,atm
217,522,641,146,273,0.8703206,person,12,entrance
217,1709,406,70,222,0.6996575,person,16,
217,1193,247,81,102,0.64174545,person,6,
217,1623,360,112,191,0.56298107,person,15,
217,1011,199,58,178,0.83353955,person,17,
217,106,618,153,222,0.19273956,person,7,
217,941,163,39,128,0.47370914,person,18,
217,159,754,178,239,0.36492926,person,19,
217,320,553,118,236,0.7130279,person,5,
217,392,403,89,110,0.74989074,person,20,
218,271,552,125,280,0.80812204,person,2,
218,919,202,55,154,0.7469305,person,4,
218,508,469,139,265,0.39672622,person,8,entrance
218,185,558,105,236,0.695386,person,9,
218,1193,383,91,234,0.8046117,person,11,atm
218,525,642,140,271,0.8853444,person,12,entrance
218,1709,407,70,221,0.69912624,person,16,
218,1193,248,81,102,0.6873407,person,6,
218,1617,360,104,189,0.6339315,person,15,
218,1011,199,57,177,0.82138616,person,17,
218,105,610,151,202,0.5452223,person,7,
218,940,170,39,141,0.6035083,person,18,
218,162,753,178,243,0.2221701,person,19,
218,320,553,117,234,0.7201465,person,5,
218,392,403,88,110,0.73614025,person,20,
219,270,552,125,280,0.81467587,person,2,
219,919,202,55,154,0.7569373,person,4,
219,510,468,143,265,0.4884413,person,8,entrance
219,187,558,107,238,0.69879043,person,9,
219,1193,382,91,237,0.79222894,person,11,atm
219,527,643,137,270,0.873215,person,12,entrance
219,1709,408,70,219,0.69318837,person,16,
219,1194,249,80,104,0.5716847,person,6,
219,1615,360,100,189,0.67295724,person,15,
219,1012,198,58,176,0.8381382,person,17,
219,102,604,141,193,0.3789937,person,7,
219,939,168,39,138,0.5077512,person,18,
219,165,752,179,248,0.1761475,person,19,
219,320,554,117,233,0.71582913,person,5,
219,392,403,88,110,0.7329492,person,20,
220,270,552,125,280,0.81966233,person,2,
220,920,202,56,154,0.76220644,person,4,
220,508,466,138,257,0.11293143,person,8,entrance
220,186,558,104,237,0.68464327,person,9,
220,1193,383,91,234,0.804541,person,11,atm
220,529,645,132,267,0.84443617,person,12,entrance
220,1708,407,69,219,0.7133007,person,16,
220,1195,249,78,103,0.7296768,person,6,
220,1614,361,99,190,0.6802307,person,15,
220,1013,198,59,174,0.83432233,person,17,
220,99,600,133,183,0.4184781,person,7,
220,939,166,39,135,0.40458474,person,18,
220,320,553,118,232,0.72100055,person,5,
220,392,403,87,110,0.7136902,person,20,
221,271,551,128,279,0.8242635,person,2,
221,920,200,56,158,0.75352377,person,4,
221,507,464,135,253,0.16058794,person,8,entrance
221,184,557,101,238,0.67342377,person,9,
221,1193,383,92,233,0.799633,person,11,atm
221,531,645,125,265,0.8616661,person,12,entrance
221,1708,407,69,219,0.7322377,person,16,
221,1195,249,78,102,0.7478254,person,6,
221,1614,361,99,191,0.7004031,person,15,
221,1015,195,61,171,0.836205,person,17,
221,95,596,125,175,0.4669911,person,7,
221,936,167,41,141,0.39934236,person,18,
221,320,553,118,231,0.72010076,person,5,
221,392,403,87,111,0.70678335,person,20,
221,168,749,181,254,0.7287504,person,19,
222,270,551,128,280,0.8258951,person,2,
222,919,201,57,158,0.77268904,person,4,
222,508,466,138,254,0.13206097,person,8,entrance
222,184,557,101,239,0.663581,person,9,
222,1194,384,92,231,0.80104446,person,11,atm
222,535,650,121,271,0.83962214,person,12,entrance
222,1708,407,69,220,0.74422705,person,16,
222,1196,250,77,104,0.75143296,person,6,
222,1615,361,100,193,0.7139944,person,15,
222,1017,193,62,168,0.83367974,person,17,
222,93,593,123,169,0.4200535,person,7,
222,936,160,41,127,0.38423604,person,18,
222,320,553,118,231,0.7208277,person,5,
222,393,403,86,111,0.68975234,person,20,
222,170,749,176,254,0.722433,person,19,
223,270,551,129,281,0.8271732,person,2,
223,918,200,55,156,0.78201795,person,4,
223,184,557,101,241,0.6811332,person,9,
223,1194,382,93,234,0.81610084,person,11,atm
223,537,656,118,279,0.8196714,person,12,entrance
223,1707,406,68,221,0.74502087,person,16,
223,1197,250,78,104,0.74582994,person,6,
223,1615,361,100,194,0.7085056,person,15,
223,1018,191,63,166,0.8374629,person,17,
223,90,593,122,171,0.45317167,person,7,
223,935,162,41,133,0.38793722,person,18,
223,320,553,118,232,0.74506384,person,5,
223,393,403,85,112,0.6804155,person,20,
223,172,749,171,254,0.8288655,person,19,
224,270,551,129,281,0.8325309,person,2,
224,917,199,56,153,0.76431173,person,4,
224,185,557,102,241,0.6227431,person,9,
224,1194,382,94,234,0.81133044,person,11,atm
224,539,655,117,281,0.77689415,person,12,entrance
224,1707,406,68,221,0.7465709,person,16,
224,1198,251,79,105,0.74741393,person,6,
224,1615,361,100,194,0.7131805,person,15,
224,1019,190,65,166,0.8565604,person,17,
224,89,593,112,170,0.11736085,person,7,
224,934,163,43,138,0.4649125,person,18,
224,320,553,118,232,0.72271055,person,5,
224,393,403,86,112,0.6951391,person,20,
224,178,749,158,253,0.83938676,person,19,
225,270,551,130,282,0.8260164,person,2,
225,917,198,55,151,0.744235,person,4,
225,185,558,105,242,0.63030005,person,9,
225,1194,385,96,235,0.7890646,person,11,atm
225,556,667,136,294,0.8773678,person,12,entrance
225,1707,407,68,220,0.76043487,person,16,
225,1198,250,80,102,0.6963618,person,6,
225,1614,360,98,190,0.67468,person,15,
225,1020,190,65,166,0.8649977,person,17,
225,82,602,109,193,0.5928071,person,7,
225,932,159,45,132,0.5405701,person,18,
225,320,551,120,233,0.76416755,person,5,
225,393,403,84,112,0.6729588,person,20,
225,181,749,151,254,0.88482535,person,19,
226,269,552,130,283,0.8078671,person,2,
226,916,197,54,149,0.7433987,person,4,
226,192,558,121,244,0.6892121,person,9,
226,1194,385,96,236,0.7932778,person,11,atm
226,564,673,141,302,0.87388635,person,12,entrance
226,1708,407,68,220,0.75433636,person,16,
226,1198,249,79,100,0.73871106,person,6,
226,1615,360,97,191,0.67823476,person,15,
226,1020,189,66,165,0.8575043,person,17,
226,80,604,107,203,0.626026,person,7,
226,932,156,45,128,0.6127534,person,18,
226,320,551,120,234,0.7852887,person,5,
226,394,403,83,112,0.68263215,person,20,
226,184,750,145,251,0.63717496,person,19,
227,269,552,131,283,0.8233524,person,2,
227,914,197,58,148,0.7486539,person,4,
227,196,558,129,240,0.6487987,person,9,
227,1193,385,94,236,0.78061175,person,11,atm
227,571,679,144,304,0.86955124,person,12,entrance
227,1708,406,68,220,0.75056,person,16,
227,1199,248,78,97,0.7684374,person,6,
227,1614,360,96,189,0.67165303,person,15,
227,1021,188,64,163,0.8540837,person,17,
227,79,616,107,230,0.57646763,person,7,
227,931,154,46,123,0.5423487,person,18,
227,320,551,119,234,0.78983533,person,5,
227,394,403,83,112,0.68111706,person,20,
227,190,749,144,252,0.71189654,person,19,
228,268,550,135,281,0.81793493,person,2,
228,912,195,60,147,0.76381725,person,4,
228,197,558,132,244,0.66582596,person,9,
228,1191,385,91,236,0.7553054,person,11,atm
228,577,682,150,306,0.8559318,person,12,entrance
228,1708,406,68,220,0.7490108,person,16,
228,1199,250,78,102,0.73255354,person,6,
228,1614,360,93,187,0.6637001,person,15,
228,1021,187,64,163,0.8471845,person,17,
228,84,622,116,245,0.7074314,person,7,
228,930,154,48,123,0.65552896,person,18,
228,319,551,122,234,0.7662551,person,5,
228,394,403,83,112,0.63603187,person,20,
228,203,751,153,249,0.56520104,suitcase,19,
229,268,551,137,281,0.816574,person,2,
229,911,194,63,146,0.74651587,person,4,
229,196,559,130,242,0.5647868,person,9,
229,1193,382,92,236,0.7973435,person,11,atm
229,583,683,152,312,0.86875075,person,12,entrance
229,1708,406,68,220,0.747011,person,16,
229,1199,249,79,99,0.74988186,person,6,
229,1614,360,94,188,0.649142,person,15,
229,1022,186,63,165,0.8423296,person,17,
229,87,627,128,253,0.6528315,person,7,
229,930,159,49,134,0.5582656,person,18,
229,319,550,123,233,0.7422599,person,5,
229,395,403,82,113,0.65491915,person,20,
229,214,748,166,255,0.5455208,person,19,
229,489,491,102,306,0.5173988,person,8,entrance
230,267,552,137,281,0.80694544,person,2,
230,909,193,63,147,0.7386029,person,4,
230,194,559,127,240,0.5950851,person,9,
230,1194,380,93,237,0.82006925,person,11,atm
230,591,689,149,308,0.86494505,person,12,entrance
230,1708,407,68,220,0.7540789,person,16,
230,1200,248,79,98,0.7578947,person,6,
230,1613,361,93,188,0.6511589,person,15,
230,1022,186,63,166,0.8417137,person,17,
230,91,632,138,261,0.80061686,person,7,
230,931,163,46,142,0.6192232,person,18,
230,319,551,122,233,0.74188566,person,5,
230,395,403,81,113,0.653138,person,20,
230,215,748,159,255,0.19836627,person,19,
230,487,496,99,313,0.5630205,person,8,entrance
231,266,552,137,281,0.80816066,person,2,
231,908,192,63,148,0.75878745,person,4,
231,191,560,120,239,0.60559773,person,9,
231,1194,380,93,237,0.82886136,person,11,atm
231,596,691,152,306,0.87463194,person,12,entrance
231,1708,406,67,220,0.7442422,person,16,
231,1200,249,79,99,0.7425431,person,6,
231,1613,360,94,187,0.6460287,person,15,
231,1022,186,62,166,0.8413031,person,17,
231,96,631,140,269,0.81730545,person,7,
231,931,156,45,131,0.49081296,person,18,
231,320,552,121,232,0.7384463,person,5,
231,395,402,81,113,0.6417286,person,20,
231,218,748,158,254,0.5371775,person,19,
231,488,498,100,316,0.5838533,person,8,entrance
232,265,552,137,280,0.81260353,person,2,
232,908,191,61,148,0.77648336,person,4,
232,185,555,108,233,0.59726346,person,9,
232,1194,379,93,237,0.8275557,person,11,atm
232,601,691,156,308,0.8745903,person,12,entrance
232,1708,407,67,220,0.7448908,person,16,
232,1200,249,79,99,0.7307134,person,6,
232,1613,360,94,186,0.61853766,person,15,
232,1022,186,61,166,0.84756494,person,17,
232,98,631,143,272,0.82084167,person,7,
232,932,152,44,122,0.5231843,person,18,
232,320,553,120,231,0.7706745,person,5,
232,394,402,83,114,0.6504172,person,20,
232,234,747,177,257,0.8211784,person,19,
232,488,498,101,317,0.567878,person,8,entrance
233,265,552,138,281,0.8090635,person,2,
233,910,191,61,149,0.77810436,person,4,
233,180,550,96,234,0.47942135,person,9,
233,1194,379,92,237,0.82732505,person,11,atm
233,610,695,153,300,0.87781996,person,12,entrance
233,1708,407,68,220,0.74178207,person,16,
233,1200,248,79,98,0.73191714,person,6,
233,1613,359,93,185,0.6054943,person,15,
233,1021,186,61,165,0.8517382,person,17,
233,101,629,146,274,0.80386245,person,7,
233,932,145,44,108,0.5342188,person,18,
233,320,553,120,230,0.78127986,person,5,
233,394,402,84,114,0.67709976,person,20,
233,243,746,179,257,0.66471916,person,19,
233,489,495,102,308,0.58766633,person,8,entrance
234,264,552,138,279,0.7940356,person,2,
234,911,191,62,149,0.783748,person,4,
234,176,546,87,228,0.33510053,person,9,
234,1194,380,93,237,0.8366938,person,11,atm
234,616,697,150,296,0.88322186,person,12,entrance
234,1707,407,68,220,0.72968644,person,16,
234,1201,248,79,97,0.72224456,person,6,
234,1614,359,94,188,0.60484123,person,15,
234,1021,186,61,165,0.8447451,person,17,
234,102,631,150,270,0.7042303,person,7,
234,933,141,43,100,0.55181545,person,18,
234,320,554,121,231,0.76370007,person,5,
234,393,402,84,114,0.66879463,person,20,
234,249,745,183,261,0.85104376,person,19,
234,490,499,106,318,0.5026472,person,8,entrance
235,265,552,138,279,0.78555197,person,2,
235,912,190,63,148,0.78049797,person,4,
235,176,543,86,220,0.4384534,person,9,
235,1194,380,93,237,0.83700013,person,11,atm
235,621,697,147,294,0.8712453,person,12,entrance
235,1707,407,68,220,0.710912,person,16,
235,1201,248,77,97,0.74392533,person,6,
235,1615,359,95,189,0.5642636,person,15,
235,1020,185,59,163,0.83728176,person,17,
235,103,632,147,271,0.7681481,person,7,
235,933,143,42,103,0.55250907,person,18,
235,319,554,122,232,0.75153863,person,5,
235,393,402,84,115,0.6852905,person,20,
235,255,743,181,264,0.8766339,person,19,
235,493,504,110,327,0.57518363,person,8,entrance
236,266,552,137,280,0.8032096,person,2,
236,912,190,62,146,0.75688857,person,4,
236,175,541,83,210,0.40030333,person,9,
236,1193,379,93,237,0.84537834,person,11,atm
236,624,698,145,292,0.8999933,person,12,entrance
236,1707,408,67,218,0.70344746,person,16,
236,1201,247,77,95,0.73409975,person,6,
236,1615,359,95,189,0.5466842,person,15,
236,1019,184,58,160,0.8433052,person,17,
236,104,635,151,266,0.7664464,person,7,
236,933,147,43,113,0.6298884,person,18,
236,319,554,123,233,0.7640015,person,5,
236,393,401,84,115,0.68243873,person,20,
236,259,742,176,264,0.84337574,person,19,
236,495,506,114,331,0.62030935,person,8,entrance
237,266,552,135,280,0.77716005,person,2,
237,911,190,60,147,0.7232732,person,4,
237,176,544,89,211,0.29731002,person,9,
237,1194,379,93,238,0.8469861,person,11,atm
237,634,700,147,287,0.88503724,person,12,entrance
237,1707,408,67,218,0.68837625,person,16,
237,1202,247,77,94,0.7446581,person,6,
237,1616,359,95,189,0.49141365,person,15,
237,1018,183,57,157,0.8419795,person,17,
237,104,636,154,264,0.7689995,person,7,
237,932,148,44,113,0.6323263,person,18,
237,319,555,124,234,0.7940403,person,5,
237,394,401,83,115,0.68481606,person,20,
237,264,750,174,262,0.50945884,person,19,
237,496,507,117,332,0.6494377,person,8,entrance
238,266,551,134,279,0.7852543,person,2,
238,912,190,60,149,0.7216333,person,4,
238,174,537,84,195,0.22334497,person,9,
238,1194,378,93,238,0.85097647,person,11,atm
238,650,702,158,284,0.9047968,person,12,entrance
238,1707,408,66,218,0.71001434,person,16,
238,1202,247,76,94,0.74796855,person,6,
238,1618,359,99,189,0.50098926,person,15,
238,1017,181,56,155,0.85090876,person,17,
238,107,636,150,262,0.76683813,person,7,
238,932,148,45,112,0.57799435,person,18,
238,318,555,125,235,0.77618873,person,5,
238,394,401,82,115,0.68928397,person,20,
238,266,738,168,263,0.7199794,person,19,
238,496,508,117,335,0.7619065,person,8,entrance
239,266,551,133,279,0.80520916,person,2,
239,912,190,59,148,0.7312071,person,4,
239,176,536,88,191,0.20112896,person,9,
239,1194,378,94,238,0.83392495,person,11,atm
239,662,705,179,283,0.87547374,person,12,entrance
239,1707,408,66,218,0.69244295,person,16,
239,1203,247,74,94,0.740366,person,6,
239,1623,359,109,190,0.52201533,person,15,
239,1017,179,55,154,0.8439355,person,17,
239,107,635,145,261,0.75684637,person,7,
239,932,147,44,112,0.61064,person,18,
239,319,554,124,233,0.7177362,person,5,
239,395,401,80,115,0.6725812,person,20,
239,267,731,161,260,0.7329902,person,19,
239,497,508,118,336,0.7521996,person,8,entrance
240,266,551,130,278,0.80839115,person,2,
240,913,190,58,146,0.718999,person,4,
240,172,526,80,171,0.34106794,person,9,
240,1193,378,94,241,0.8361545,person,11,atm
240,672,705,200,288,0.8754499,person,12,entrance
240,1707,408,66,218,0.66818506,person,16,
240,1203,247,73,93,0.74472946,person,6,
240,1623,359,111,189,0.5184865,person,15,
240,1017,179,53,154,0.83356076,person,17,
240,106,637,139,256,0.760984,person,7,
240,932,148,43,116,0.6287937,person,18,
240,320,555,122,237,0.7513614,person,5,
240,396,401,78,115,0.66436136,person,20,
240,268,727,158,265,0.8448893,person,19,
240,497,511,119,329,0.7028987,person,8,entrance
241,265,550,126,276,0.79708666,person,2,
241,914,189,59,146,0.6966938,person,4,
241,170,536,79,193,0.3841621,person,9,
241,1193,378,94,242,0.84188783,person,11,atm
241,690,710,193,284,0.88310844,person,12,entrance
241,1707,408,66,218,0.67509586,person,16,
241,1204,247,72,93,0.7445836,person,6,
241,1622,359,109,189,0.51235944,person,15,
241,1017,178,51,154,0.83875185,person,17,
241,105,638,135,256,0.7853992,person,7,
241,932,146,42,115,0.5837917,person,18,
241,319,557,124,240,0.77488965,person,5,
241,397,401,77,115,0.6915426,person,20,
241,269,725,161,270,0.85061425,person,19,
241,499,511,123,325,0.70342,person,8,entrance
242,263,550,123,271,0.7950404,person,2,
242,915,187,57,144,0.70148975,person,4,
242,171,549,81,219,0.46383813,person,9,
242,1192,379,93,242,0.8409922,person,11,atm
242,700,712,188,289,0.8900345,person,12,entrance
242,1707,407,66,218,0.686264,person,16,
242,1204,248,72,93,0.75717455,person,6,
242,1617,359,99,190,0.5930558,person,15,
242,1017,178,51,154,0.8405627,person,17,
242,105,639,134,255,0.7797541,person,7,
242,933,147,40,118,0.60009515,person,18,
242,318,557,126,240,0.77279043,person,5,
242,397,401,76,114,0.69183487,person,20,
242,278,726,162,270,0.74361265,person,19,
242,499,510,123,326,0.7169262,person,8,entrance
243,264,550,121,273,0.79576653,person,2,
243,915,185,54,142,0.7051768,person,4,
243,173,555,84,231,0.71300167,person,9,
243,1192,378,93,244,0.83973044,person,11,atm
243,710,711,179,294,0.9155464,person,12,entrance
243,1707,407,66,218,0.6783706,person,16,
243,1204,248,71,94,0.7506034,person,6,
243,1615,359,94,190,0.56532115,person,15,
243,1016,177,51,154,0.8391682,person,17,
243,106,638,134,255,0.7888379,person,7,
243,934,148,37,123,0.58506185,person,18,
243,318,557,127,239,0.7691641,person,5,
243,398,400,75,111,0.69412434,person,20,
243,289,727,169,274,0.87138164,person,19,
243,500,510,125,325,0.719118,person,8,entrance
244,262,548,118,268,0.7783644,person,2,
244,915,181,55,140,0.7321876,person,4,
244,175,556,88,234,0.71934694,person,9,
244,1192,377,93,245,0.831773,person,11,atm
244,716,711,171,298,0.91300493,person,12,entrance
244,1707,407,66,218,0.684909,person,16,
244,1205,249,70,95,0.7350231,person,6,
244,1613,359,93,187,0.64427423,person,15,
244,1016,177,52,154,0.8332491,person,17,
244,107,638,136,256,0.7994939,person,7,
244,935,141,35,109,0.4868641,person,18,
244,318,556,128,238,0.79392135,person,5,
244,398,399,75,109,0.7094625,person,20,
244,298,725,173,269,0.85855144,person,19,
244,500,510,124,324,0.7302387,person,8,entrance
245,263,547,118,266,0.7921144,person,2,
245,915,179,57,139,0.74994797,person,4,
245,178,557,92,236,0.7577917,person,9,
245,1192,378,93,244,0.82769144,person,11,atm
245,719,711,164,300,0.91511714,person,12,entrance
245,1706,407,65,219,0.6639399,person,16,
245,1205,249,70,96,0.7026569,person,6,
245,1613,359,93,187,0.6279486,person,15,
245,1016,177,53,155,0.8273646,person,17,
245,107,637,138,257,0.80656993,person,7,
245,936,136,33,99,0.47465208,person,18,
245,318,556,127,237,0.77508897,person,5,
245,398,399,75,107,0.7223188,person,20,
245,308,724,179,266,0.8218968,person,19,
245,500,510,125,321,0.7050627,person,8,entrance
246,262,544,117,259,0.76092243,person,2,
246,916,178,56,138,0.73437506,person,4,
246,179,557,94,236,0.72634137,person,9,
246,1191,379,92,243,0.825114,person,11,atm
246,722,710,158,300,0.9188814,person,12,entrance
246,1706,407,65,219,0.6819089,person,16,
246,1205,250,70,96,0.70091236,person,6,
246,1613,359,94,187,0.7419192,person,15,
246,1016,177,53,156,0.82470727,person,17,
246,107,636,138,258,0.80674297,person,7,
246,936,134,33,93,0.43176684,person,18,
246,318,555,126,232,0.79447687,person,5,
246,398,400,76,108,0.7146675,person,20,
246,316,724,183,266,0.89281285,person,19,
246,500,511,124,321,0.72814894,person,8,entrance
247,260,540,113,250,0.7319854,person,2,
247,917,178,55,138,0.6916873,person,4,
247,179,557,95,237,0.7042358,person,9,
247,1191,380,92,243,0.8223879,person,11,atm
247,725,710,151,300,0.8836162,person,12,entrance
247,1706,407,65,219,0.68901736,person,16,
247,1205,251,70,98,0.6913805,person,6,
247,1613,359,95,187,0.755273,person,15,
247,1016,175,53,158,0.8107715,person,17,
247,108,636,138,259,0.8156607,person,7,
247,936,133,32,92,0.43222797,person,18,
247,319,555,123,232,0.8121376,person,5,
247,397,401,77,111,0.72525644,person,20,
247,323,723,187,269,0.8697049,person,19,
247,500,512,124,321,0.75612897,person,8,entrance
248,256,535,107,239,0.7542831,person,2,
248,917,178,55,138,0.680065,person,4,
248,181,559,100,240,0.65382785,person,9,
248,1191,381,92,241,0.81487316,person,11,atm
248,732,710,137,301,0.9071639,person,12,entrance
248,1706,407,65,220,0.6909741,person,16,
248,1204,251,71,98,0.68671215,person,6,
248,1613,359,95,188,0.75556666,person,15,
248,1016,175,55,160,0.8118418,person,17,
248,107,636,139,259,0.81819725,person,7,
248,937,132,31,90,0.40558207,person,18,
248,321,555,120,230,0.8286023,person,5,
248,397,401,77,113,0.73950946,person,20,
248,329,723,188,269,0.880592,person,19,
248,502,513,128,320,0.7660549,person,8,entrance
249,253,527,103,222,0.7544837,person,2,
249,917,178,56,139,0.7154695,person,4,
249,181,558,99,240,0.656771,person,9,
249,1192,381,92,238,0.80891585,person,11,atm
249,737,712,126,301,0.77438927,person,12,entrance
249,1706,407,65,220,0.6958379,person,16,
249,1204,251,72,98,0.7013423,person,6,
249,1613,358,93,187,0.7730046,person,15,
249,1016,174,57,159,0.8081371,person,17,
249,107,636,138,258,0.8149282,person,7,
249,935,129,33,87,0.47466806,person,18,
249,321,554,119,235,0.8122172,person,5,
249,396,401,77,113,0.7447749,person,20,
249,331,721,188,273,0.86191636,person,19,
249,502,513,127,319,0.76493984,person,8,entrance
250,250,523,98,214,0.74878645,person,2,
250,917,178,56,139,0.7555331,person,4,
250,181,558,99,239,0.6569822,person,9,
250,1192,383,93,234,0.803733,person,11,atm
250,757,716,147,306,0.807246,person,12,
250,1706,407,65,220,0.69962585,person,16,
250,1203,252,73,99,0.71828395,person,6,
250,1613,357,92,185,0.7761326,person,15,
250,1017,174,56,158,0.80753905,person,17,
250,107,636,137,258,0.811163,person,7,
250,935,128,34,85,0.52076125,person,18,
250,321,555,119,236,0.8202316,person,5,
250,396,401,77,114,0.73832047,person,20,
250,335,722,180,272,0.8886503,person,19,
250,501,514,126,317,0.76568973,person,8,entrance
251,248,523,96,212,0.7611993,person,2,
251,918,178,54,139,0.7147734,person,4,
251,181,558,99,239,0.6643294,person,9,
251,1192,383,93,233,0.80712724,person,11,atm
251,771,725,158,320,0.8571301,person,12,
251,1706,407,65,220,0.69128215,person,16,
251,1203,252,74,98,0.7059678,person,6,
251,1613,357,92,185,0.7763774,person,15,
251,1018,174,59,156,0.8070259,person,17,
251,106,636,135,257,0.8020787,person,7,
251,934,127,34,84,0.48178387,person,18,
251,321,558,119,236,0.8054813,person,5,
251,396,401,77,114,0.74515885,person,20,
251,337,722,174,271,0.8298539,person,19,
251,500,515,123,316,0.78169584,person,8,entrance
252,245,521,91,207,0.7121076,person,2,
252,919,178,53,140,0.68060327,person,4,
252,181,557,99,239,0.63252133,person,9,
252,1193,383,93,233,0.8123196,person,11,atm
252,782,733,161,330,0.8956707,person,12,
252,1706,407,65,220,0.68425465,person,16,
252,1203,252,74,99,0.69566834,person,6,
252,1613,357,92,185,0.7678692,person,15,
252,1018,174,59,152,0.80015033,person,17,
252,105,636,137,257,0.80802304,person,7,
252,934,130,35,91,0.44385114,person,18,
252,322,555,118,236,0.8176988,person,5,
252,396,401,78,113,0.7449732,person,20,
252,341,721,166,272,0.8612273,person,19,
252,500,515,122,315,0.77553624,person,8,entrance
253,246,524,94,214,0.7787823,person,2,
253,919,178,53,140,0.6791307,person,4,
253,187,558,113,240,0.59301925,person,9,
253,1193,381,93,236,0.8144581,person,11,atm
253,797,738,165,335,0.8964736,person,12,
253,1706,407,65,220,0.66845495,person,16,
253,1202,252,76,98,0.70681673,person,6,
253,1613,358,95,186,0.7523745,person,15,
253,1019,173,61,149,0.8185912,person,17,
253,105,636,138,257,0.8051795,person,7,
253,933,130,37,91,0.38589376,person,18,
253,322,551,116,228,0.8128836,person,5,
253,396,401,78,113,0.7509722,person,20,
253,344,724,159,267,0.81201684,person,19,
253,499,514,121,315,0.77218735,person,8,entrance
254,244,528,93,225,0.7889062,person,2,
254,919,178,53,138,0.6109824,person,4,
254,192,558,124,238,0.6679432,person,9,
254,1193,380,94,238,0.8139448,person,11,atm
254,810,746,168,330,0.8821775,person,12,
254,1706,407,65,220,0.66785336,person,16,
254,1202,251,76,97,0.6959629,person,6,
254,1613,359,97,187,0.7278639,person,15,
254,1020,172,62,146,0.82880586,person,17,
254,105,637,138,257,0.80299026,person,7,
254,933,133,38,97,0.37543273,person,18,
254,322,548,115,223,0.7878485,person,5,
254,396,401,78,114,0.7484836,person,20,
254,348,726,154,265,0.79986954,person,19,
254,499,514,121,315,0.76939625,person,8,entrance
255,246,529,96,227,0.73933077,person,2,
255,920,177,52,139,0.69882274,person,4,
255,195,558,129,240,0.7234503,person,9,
255,1193,381,94,238,0.8265536,person,11,atm
255,825,749,168,325,0.8925391,person,12,
255,1706,407,65,221,0.6644125,person,16,
255,1201,251,76,97,0.7248222,person,6,
255,1614,359,100,187,0.7529125,person,15,
255,1020,171,63,145,0.81615704,person,17,
255,106,637,138,257,0.7994486,person,7,
255,934,134,36,100,0.40180218,person,18,
255,321,545,110,218,0.753174,person,5,
255,395,401,78,114,0.74485993,person,20,
255,351,723,150,270,0.83854574,person,19,
255,500,512,122,317,0.7861652,person,8,entrance
256,246,538,95,245,0.77464074,person,2,
256,920,176,52,140,0.6998049,person,4,
256,196,558,131,238,0.7217737,person,9,
256,1193,381,94,237,0.8241782,person,11,atm
256,837,750,172,322,0.890691,person,12,
256,1706,406,66,221,0.6685343,person,16,
256,1201,251,76,97,0.7141558,person,6,
256,1614,360,102,188,0.7349624,person,15,
256,1021,170,64,144,0.820576,person,17,
256,106,638,138,255,0.78530675,person,7,
256,934,132,35,97,0.37482476,person,18,
256,319,541,107,212,0.74376047,person,5,
256,396,401,78,114,0.7514331,person,20,
256,354,728,145,259,0.72882426,person,19,
256,500,511,121,317,0.79972637,person,8,entrance
257,248,544,99,259,0.8096226,person,2,
257,921,169,53,152,0.69896626,person,4,
257,196,558,129,238,0.7263463,person,9,
257,1193,383,94,235,0.8243748,person,11,atm
257,846,751,174,322,0.901272,person,12,
257,1706,407,65,221,0.6881688,person,16,
257,1201,251,78,97,0.7270546,person,6,
257,1614,360,103,187,0.72111845,person,15,
257,1020,169,65,144,0.81265604,person,17,
257,104,638,143,255,0.7735486,person,7,
257,932,130,37,97,0.19518857,person,18,
257,318,538,103,205,0.7410884,person,5,
257,396,401,77,114,0.75119793,person,20,
257,360,737,143,241,0.6980081,person,19,
257,500,510,122,316,0.79615694,person,8,entrance
258,250,547,103,265,0.8117034,person,2,
258,922,165,55,156,0.7242095,person,4,
258,191,558,119,237,0.7190441,person,9,
258,1193,384,94,234,0.8318479,person,11,atm
258,854,751,172,326,0.8957805,person,12,
258,1706,407,67,221,0.6861161,person,16,
258,1200,251,78,98,0.7499388,person,6,
258,1615,360,105,186,0.6705867,person,15,
258,1021,170,62,141,0.75035465,person,17,
258,97,639,159,255,0.8013904,person,7,
258,933,131,35,97,0.13474622,person,18,
258,317,537,101,204,0.7072271,person,5,
258,396,401,77,114,0.7518963,person,20,
258,372,729,152,258,0.7664825,person,19,
258,500,510,122,318,0.79846257,person,8,entrance
259,251,549,107,268,0.82339996,person,2,
259,922,161,55,152,0.7097136,person,4,
259,184,558,103,237,0.7321848,person,9,
259,1193,385,94,232,0.83312935,person,11,atm
259,862,753,162,322,0.88825184,person,12,
259,1706,406,67,222,0.68175256,person,16,
259,1200,250,78,97,0.7649223,person,6,
259,1620,359,109,187,0.6346676,person,15,
259,1021,170,61,140,0.7407904,person,17,
259,94,639,165,255,0.8188596,person,7,
259,934,135,37,109,0.20425422,person,18,
259,312,535,93,201,0.6868829,person,5,
259,396,401,78,114,0.75665915,person,20,
259,380,722,161,270,0.8549702,person,19,
259,500,511,121,319,0.8028467,person,8,entrance
260,254,551,113,272,0.8313204,person,2,
260,923,159,55,154,0.7534741,person,4,
260,182,557,98,236,0.735197,person,9,
260,1193,383,94,234,0.83496684,person,11,atm
260,868,754,149,320,0.8562816,person,12,
260,1706,406,68,222,0.67675745,person,16,
260,1199,250,78,97,0.7646081,person,6,
260,1624,358,115,185,0.58513075,person,15,
260,1021,170,57,140,0.7179795,person,17,
260,93,639,166,255,0.80052584,person,7,
260,932,131,39,104,0.13915613,person,18,
260,310,536,87,202,0.7044338,person,5,
260,395,401,78,114,0.75808626,person,20,
260,393,717,179,280,0.87791294,person,19,
260,499,512,120,318,0.8088405,person,8,entrance
261,256,553,117,273,0.8277718,person,2,
261,922,160,54,148,0.72703093,person,4,
261,181,557,96,236,0.75355446,person,9,
261,1193,383,95,234,0.8326329,person,11,atm
261,874,758,132,314,0.8602144,person,12,
261,1706,406,68,222,0.6740981,person,16,
261,1199,250,77,97,0.76689905,person,6,
261,1629,357,122,183,0.6079437,person,15,
261,1022,170,57,139,0.7121413,person,17,
261,93,639,165,255,0.7824037,person,7,
261,932,128,39,98,0.23446159,person,18,
261,308,544,85,219,0.7090982,person,5,
261,395,401,78,114,0.75679916,person,20,
261,404,716,184,282,0.89696705,person,19,
261,499,512,120,318,0.8143144,person,8,entrance
262,259,555,123,273,0.82266766,person,2,
262,923,159,54,147,0.72962606,person,4,
262,180,557,95,236,0.75297177,person,9,
262,1192,383,95,236,0.8391627,person,11,atm
262,883,758,121,313,0.86947846,person,12,
262,1706,406,67,222,0.67196625,person,16,
262,1199,249,77,95,0.74631184,person,6,
262,1629,357,122,183,0.58856815,person,15,
262,1023,169,59,141,0.7248446,person,17,
262,93,640,166,255,0.783063,person,7,
262,934,129,37,99,0.1524299,person,18,
262,307,547,84,225,0.7632828,person,5,
262,395,401,78,115,0.7582137,person,20,
262,413,715,191,283,0.8881077,person,19,
262,499,514,120,317,0.8133813,person,8,entrance
263,261,555,128,274,0.8045659,person,2,
263,924,156,56,149,0.7898674,person,4,
263,180,557,94,235,0.7205664,person,9,
263,1192,383,95,236,0.83676004,person,11,atm
263,892,757,128,313,0.86565,person,12,
263,1706,407,67,221,0.6720327,person,16,
263,1198,248,76,94,0.75586665,person,6,
263,1629,356,121,183,0.5945468,person,15,
263,1024,169,59,142,0.72564995,person,17,
263,95,640,163,254,0.7608854,person,7,
263,935,130,38,103,0.13130105,person,18,
263,307,549,84,228,0.7639944,person,5,
263,395,400,79,114,0.75484574,person,20,
263,420,715,191,284,0.90330523,person,19,
263,499,513,119,316,0.82039005,person,8,entrance
263,684,348,20,68,0.6004022,bottle,22,entrance
264,262,555,130,275,0.8012862,person,2,
264,925,155,57,150,0.7795838,person,4,
264,180,558,96,235,0.72281915,person,9,
264,1192,383,95,236,0.8398271,person,11,atm
264,902,755,135,319,0.8978135,person,12,
264,1706,407,67,221,0.6691862,person,16,
264,1198,247,76,93,0.7535268,person,6,
264,1630,357,123,183,0.6074343,person,15,
264,1024,169,59,141,0.71764547,person,17,
264,98,638,155,255,0.7565906,person,7,
264,936,129,38,101,0.13631158,person,18,
264,308,551,87,232,0.75916624,person,5,
264,395,400,79,114,0.74632454,person,20,
264,427,713,187,288,0.8946626,person,19,entrance
264,499,512,119,314,0.8232607,person,8,entrance
264,684,349,20,68,0.5740081,bottle,22,entrance
265,261,555,128,276,0.8107876,person,2,
265,925,155,57,150,0.7549525,person,4,
265,182,558,99,236,0.7135352,person,9,
265,1192,382,94,236,0.8408494,person,11,atm
265,912,754,140,320,0.897962,person,12,
265,1706,407,67,221,0.6831911,person,16,
265,1198,246,76,91,0.73517656,person,6,
265,1629,357,121,184,0.6021305,person,15,
265,1024,169,59,142,0.7444362,person,17,
265,95,639,160,254,0.7788043,person,7,
265,936,139,38,120,0.17708515,person,18,
265,308,552,88,233,0.7360169,person,5,
265,395,400,80,114,0.7441533,person,20,
265,432,712,182,292,0.9114323,person,19,entrance
265,499,512,118,312,0.8222105,person,8,entrance
265,684,349,20,68,0.5459403,bottle,22,entrance
265,66,912,132,256,0.5808075,person,23,
266,262,555,130,276,0.8147473,person,2,
266,926,156,56,150,0.7692473,person,4,
266,180,557,96,235,0.70443267,person,9,
266,1191,382,94,236,0.8404989,person,11,atm
266,926,755,163,317,0.90366644,person,12,
266,1706,408,65,219,0.6844982,person,16,
266,1198,246,76,91,0.7406614,person,6,
266,1622,357,114,184,0.58954775,person,15,
266,1023,169,57,141,0.7188591,person,17,
266,93,640,165,253,0.8244559,person,7,
266,937,137,36,115,0.14958723,person,18,
266,309,552,89,236,0.7084476,person,5,
266,395,400,79,113,0.73816335,person,20,
266,435,710,175,294,0.8934278,person,19,entrance
266,499,512,118,312,0.82541794,person,8,entrance
266,684,349,21,68,0.53121173,bottle,22,entrance
266,67,892,134,223,0.31955305,person,23,
267,263,556,131,275,0.8184979,person,2,
267,927,156,56,149,0.7387326,person,4,
267,184,557,105,236,0.67615163,person,9,
267,1191,382,95,235,0.8427127,person,11,atm
267,951,759,176,311,0.88502306,person,12,
267,1706,408,65,218,0.6955728,person,16,
267,1199,245,77,91,0.7443147,person,6,
267,1618,358,111,185,0.64064914,person,15,
267,1025,168,55,140,0.73716426,person,17,
267,91,640,169,251,0.8533315,person,7,
267,938,142,36,125,0.20603083,person,18,
267,308,551,89,236,0.69582206,person,5,
267,395,400,79,112,0.7429096,person,20,
267,438,706,169,293,0.8323555,person,19,entrance
267,499,514,119,314,0.811302,person,8,entrance
267,684,349,21,68,0.45743635,bottle,22,entrance
267,74,898,148,242,0.5926872,person,23,
268,263,554,132,275,0.80490583,person,2,
268,928,156,56,151,0.80374604,person,4,
268,181,557,99,236,0.6928023,person,9,
268,1191,382,94,235,0.83838207,person,11,atm
268,968,760,188,310,0.90226495,person,12,
268,1706,407,66,220,0.6911278,person,16,
268,1199,245,77,91,0.7332903,person,6,
268,1618,358,112,185,0.5971863,person,15,
268,1025,168,54,138,0.7481448,person,17,
268,91,641,171,250,0.85769784,person,7,
268,314,557,100,247,0.7851568,person,5,
268,395,399,79,112,0.7425256,person,20,
268,441,709,163,304,0.8726482,person,19,entrance
268,499,514,118,315,0.80212784,person,8,entrance
268,684,349,21,68,0.5069487,bottle,22,entrance
268,77,890,154,227,0.70146763,person,23,
269,263,555,132,275,0.80241305,person,2,
269,929,154,55,150,0.80676675,person,4,
269,179,557,98,236,0.69507587,person,9,
269,1191,381,93,236,0.83172977,person,11,atm
269,979,760,198,307,0.9022616,person,12,
269,1706,407,66,220,0.68721485,person,16,
269,1198,245,77,92,0.7214075,person,6,
269,1624,358,117,186,0.60334074,person,15,
269,1026,168,54,134,0.74925554,person,17,
269,90,640,170,251,0.8513396,person,7,
269,317,558,106,248,0.76987433,person,5,
269,395,399,78,111,0.73290336,person,20,
269,445,700,155,294,0.88707626,person,19,entrance
269,499,515,119,319,0.80042946,person,8,entrance
269,684,349,21,68,0.49557933,bottle,22,entrance
269,83,893,166,237,0.68477064,person,23,
270,263,553,130,274,0.79393345,person,2,
270,930,153,53,148,0.80013674,person,4,
270,180,556,98,237,0.61431456,person,9,
270,1192,382,92,235,0.8303353,person,11,atm
270,985,763,205,300,0.91616696,person,12,
270,1706,407,64,220,0.6422956,person,16,
270,1198,245,77,92,0.7414206,person,6,
270,1625,359,119,188,0.64288557,person,15,
270,1027,167,54,134,0.7545282,person,17,
270,90,640,169,250,0.836219,person,7,
270,319,559,111,250,0.80437297,person,5,
270,394,398,81,109,0.6950248,person,20,
270,448,691,146,280,0.8425918,person,19,entrance
270,498,511,119,318,0.7748134,person,8,entrance
270,684,349,21,68,0.42969787,bottle,22,entrance
270,92,892,183,254,0.49272063,person,23,
271,262,552,128,273,0.78612965,person,2,
271,931,151,51,147,0.78853285,person,4,
271,180,556,97,238,0.67065483,person,9,
271,1192,382,92,234,0.8343997,person,11,atm
271,991,765,207,298,0.90744513,person,12,
271,1706,407,63,220,0.6264628,person,16,
271,1198,244,77,91,0.7440687,person,6,
271,1625,359,118,189,0.6271826,person,15,
271,1028,166,54,132,0.743011,person,17,
271,90,641,169,250,0.83786464,person,7,
271,321,560,116,251,0.8015905,person,5,
271,392,399,84,108,0.69415164,person,20,
271,452,691,142,284,0.8915117,person,19,entrance
271,499,508,121,313,0.76058865,person,8,entrance
271,684,348,21,69,0.46898845,bottle,22,entrance
271,102,889,203,280,0.42305386,person,23,
272,262,552,127,273,0.7780627,person,2,
272,932,150,49,147,0.7939705,person,4,
272,180,556,96,237,0.67864025,person,9,
272,1192,382,92,233,0.837245,person,11,atm
272,997,763,203,298,0.9037399,person,12,
272,1706,407,63,221,0.6277222,person,16,
272,1198,243,77,90,0.75601095,person,6,
272,1624,359,115,189,0.6116702,person,15,
272,1028,164,54,133,0.7500786,person,17,
272,90,641,167,250,0.7965286,person,7,
272,322,560,120,253,0.8136101,person,5,
272,390,399,87,108,0.7094185,person,20,
272,460,692,144,291,0.8911463,person,19,entrance
272,501,506,124,313,0.7624544,person,8,entrance
272,684,348,20,68,0.4219828,bottle,22,entrance
272,109,881,218,281,0.44405565,person,23,
273,262,552,127,273,0.78074336,person,2,
273,933,149,48,145,0.7911707,person,4,
273,181,556,97,237,0.66980153,person,9,
273,1192,382,92,233,0.83726466,person,11,atm
273,1002,760,192,303,0.91625184,person,12,
273,1706,407,62,221,0.63514745,person,16,
273,1198,243,77,89,0.7630809,person,6,
273,1620,359,107,190,0.62514293,person,15,
273,1029,164,54,134,0.7533488,person,17,
273,90,641,168,252,0.7695565,person,7,
273,323,561,121,249,0.82253337,person,5,
273,389,399,89,108,0.725238,person,20,
273,469,693,151,295,0.8717911,person,19,entrance
273,501,504,124,310,0.7761689,person,8,entrance
273,684,348,20,68,0.44421872,bottle,22,entrance
273,110,877,220,280,0.2855661,person,23,
274,262,553,129,273,0.79019195,person,2,
274,934,148,47,144,0.7886301,person,4,
274,181,556,97,237,0.6952821,person,9,
274,1192,383,92,231,0.8441376,person,11,atm
274,1014,758,181,304,0.9009832,person,12,
274,1706,406,64,222,0.62826496,person,16,
274,1198,243,77,88,0.7652977,person,6,
274,1619,359,105,190,0.6275042,person,15,
274,1029,163,53,135,0.74554604,person,17,
274,90,641,168,252,0.79163647,person,7,
274,322,562,120,246,0.82340395,person,5,
274,389,400,90,110,0.7233019,person,20,
274,482,692,166,293,0.9028459,person,19,entrance
274,501,503,123,308,0.7734625,person,8,entrance
274,684,348,20,68,0.4699301,bottle,22,entrance
274,109,884,218,295,0.1933228,person,23,
275,263,553,130,274,0.7918734,person,2,
275,934,148,47,143,0.79849446,person,4,
275,181,556,98,237,0.7042486,person,9,
275,1192,383,92,232,0.8467344,person,11,atm
275,1031,757,170,303,0.90168965,person,12,
275,1707,405,64,223,0.62229383,person,16,
275,1198,242,77,88,0.7603097,person,6,
275,1620,359,107,189,0.59367275,person,15,
275,1029,163,53,135,0.7376529,person,17,
275,91,641,167,252,0.8018334,person,7,
275,321,562,120,244,0.81342965,person,5,
275,389,400,91,111,0.722439,person,20,
275,496,688,179,289,0.8939303,person,19,entrance
275,501,504,124,310,0.7544869,person,8,entrance
275,684,348,20,68,0.444095,bottle,22,entrance
275,119,882,238,300,0.15904285,person,23,
275,1000,138,34,107,0.7018581,person,24,
276,263,553,131,275,0.7932257,person,2,
276,935,147,47,141,0.79777694,person,4,
276,181,556,99,237,0.7073413,person,9,
276,1192,382,92,232,0.8473752,person,11,atm
276,1050,758,151,306,0.89710706,person,12,
276,1706,405,65,223,0.6296364,person,16,
276,1197,242,76,87,0.7593585,person,6,
276,1621,359,109,189,0.598333,person,15,
276,1029,162,53,133,0.7294991,person,17,
276,91,642,166,253,0.80905753,person,7,
276,321,561,119,248,0.8081811,person,5,
276,389,400,91,112,0.72284,person,20,
276,508,685,189,282,0.8886749,person,19,entrance
276,501,504,124,309,0.739577,person,8,entrance
276,684,348,20,68,0.4041883,bottle,22,entrance
276,124,882,248,308,0.49044096,person,23,
276,1001,138,36,108,0.70385957,person,24,
