frame_number,box_x,box_y,box_w,box_h,conf,label,user_id,region
0,472,194,46,90,0.9080498,cell phone,1,entrance
0,539,328,33,53,0.8260816,mouse,2,entrance
0,409,304,203,76,0.7634219,keyboard,3,
0,1030,244,64,46,0.64202464,cup,4,
0,545,60,206,119,0.63575035,tv,5,
1,472,194,46,90,0.9089773,cell phone,1,entrance
1,539,328,33,53,0.83273816,mouse,2,entrance
1,409,304,203,76,0.75973624,keyboard,3,
1,1030,244,64,46,0.37793386,cup,4,
1,545,60,207,119,0.6057613,tv,5,
2,472,194,46,90,0.91041505,cell phone,1,entrance
2,539,328,33,53,0.8344767,mouse,2,entrance
2,409,304,203,76,0.75851023,keyboard,3,
2,1030,244,64,46,0.433474,cup,4,
2,546,60,207,119,0.5980437,tv,5,
3,472,194,46,90,0.9103124,cell phone,1,entrance
3,539,328,33,53,0.84247077,mouse,2,entrance
3,409,304,203,76,0.7530345,keyboard,3,
3,1030,244,64,46,0.39503738,cup,4,
3,545,60,207,119,0.5914336,tv,5,
3,430,314,331,171,0.65218526,laptop,6,entrance
4,472,194,46,90,0.9100253,cell phone,1,entrance
4,539,328,33,53,0.84949505,mouse,2,entrance
4,409,304,203,76,0.7607784,keyboard,3,
4,1030,244,64,46,0.3629657,cup,4,
4,546,60,207,119,0.58810866,tv,5,
4,430,314,331,172,0.64380383,laptop,6,entrance
5,472,194,46,90,0.91025746,cell phone,1,entrance
5,539,328,33,53,0.8447374,mouse,2,entrance
5,409,304,203,76,0.7595893,keyboard,3,
5,1030,244,64,45,0.411277,cup,4,
5,545,60,207,118,0.5859866,tv,5,
5,430,314,331,172,0.7323896,laptop,6,entrance
6,472,194,46,90,0.90841055,cell phone,1,entrance
6,539,328,33,53,0.8478557,mouse,2,entrance
6,409,304,203,76,0.76331544,keyboard,3,
6,1030,244,64,46,0.4053562,cup,4,
6,546,60,207,118,0.5965885,tv,5,
6,430,314,331,172,0.68614954,laptop,6,entrance
7,472,194,46,90,0.9089651,cell phone,1,entrance
7,539,328,33,53,0.84156805,mouse,2,entrance
7,409,304,203,76,0.76011705,keyboard,3,
7,1030,244,64,46,0.45615482,cup,4,
7,545,60,206,119,0.58780986,tv,5,
7,431,314,332,172,0.65508103,laptop,6,entrance
8,472,194,46,90,0.90832394,cell phone,1,entrance
8,539,328,33,53,0.83843356,mouse,2,entrance
8,409,304,203,76,0.76474154,keyboard,3,
8,1030,244,64,46,0.41783148,cup,4,
8,545,60,206,118,0.5739987,tv,5,
8,431,314,332,172,0.6203489,laptop,6,entrance
9,472,194,46,90,0.90976614,cell phone,1,entrance
9,539,328,33,53,0.831473,mouse,2,entrance
9,409,304,203,76,0.75755256,keyboard,3,
9,1030,244,64,46,0.4612604,cup,4,
9,545,59,205,118,0.578826,tv,5,
9,431,313,332,172,0.61211,laptop,6,entrance
10,472,194,46,90,0.9106485,cell phone,1,entrance
10,539,328,33,53,0.82574993,mouse,2,entrance
10,409,304,203,76,0.75138634,keyboard,3,
10,1030,244,64,46,0.4787571,cup,4,
10,545,59,205,118,0.5799492,tv,5,
10,431,313,333,172,0.60174274,laptop,6,entrance
11,472,194,46,90,0.911926,cell phone,1,entrance
11,539,328,33,53,0.8084289,mouse,2,entrance
11,409,304,203,76,0.7530678,keyboard,3,
11,1030,244,64,46,0.5682823,cup,4,
11,544,59,205,117,0.58966863,tv,5,
11,431,314,333,172,0.6371718,laptop,6,entrance
12,472,194,46,90,0.91044176,cell phone,1,entrance
12,539,328,33,53,0.8339143,mouse,2,entrance
12,409,304,203,76,0.764022,keyboard,3,
12,1030,244,64,46,0.45353672,cup,4,
12,544,59,205,118,0.59592944,tv,5,
12,431,314,333,172,0.5891768,laptop,6,entrance
13,472,194,46,90,0.90799963,cell phone,1,entrance
13,539,328,33,53,0.8319432,mouse,2,entrance
13,409,304,203,76,0.7592281,keyboard,3,
13,1030,244,64,46,0.577373,cup,4,
13,545,60,205,119,0.6234811,tv,5,
13,431,314,333,172,0.6378505,laptop,6,entrance
13,827,326,260,82,0.6259595,keyboard,7,
14,472,194,46,90,0.90510106,cell phone,1,entrance
14,539,328,33,53,0.8384966,mouse,2,entrance
14,409,304,203,76,0.7742627,keyboard,3,
14,1030,244,64,46,0.6557307,cup,4,
14,545,60,205,119,0.6255218,tv,5,
14,431,313,333,172,0.5184477,laptop,6,entrance
14,823,331,268,92,0.8015511,keyboard,7,
15,472,194,46,90,0.9059235,cell phone,1,entrance
15,539,328,33,53,0.8159008,mouse,2,entrance
15,409,304,203,76,0.77709085,keyboard,3,
15,1030,244,64,46,0.6931203,cup,4,
15,545,60,205,120,0.61904514,tv,5,
15,431,314,333,172,0.6525462,laptop,6,entrance
15,811,334,291,100,0.8318307,keyboard,7,entrance
16,472,194,46,90,0.90664315,cell phone,1,entrance
16,539,328,33,53,0.8502843,mouse,2,entrance
16,409,304,203,76,0.7853012,keyboard,3,
16,1030,244,64,46,0.6884219,cup,4,
16,545,60,205,120,0.6419493,tv,5,
16,431,313,333,171,0.6186148,laptop,6,entrance
16,807,335,298,102,0.8415859,keyboard,7,entrance
17,472,194,46,90,0.9066568,cell phone,1,entrance
17,539,328,33,53,0.8442969,mouse,2,entrance
17,409,304,203,76,0.77640796,keyboard,3,
17,1030,244,64,46,0.6704202,cup,4,
17,545,60,205,119,0.6221159,tv,5,
17,431,313,333,171,0.52763885,laptop,6,entrance
17,807,335,297,102,0.86727875,keyboard,7,entrance
18,472,194,46,90,0.9071778,cell phone,1,entrance
18,539,328,33,53,0.82144845,mouse,2,entrance
18,409,304,203,76,0.7713547,keyboard,3,
18,1030,244,64,46,0.7103287,cup,4,
18,545,60,205,119,0.64376897,tv,5,
18,432,311,330,167,0.48454776,laptop,6,entrance
18,809,335,293,102,0.8618668,keyboard,7,entrance
19,472,194,46,90,0.9069509,cell phone,1,entrance
19,539,328,33,53,0.83819836,mouse,2,entrance
19,409,304,203,76,0.7743137,keyboard,3,
19,1030,244,64,46,0.69656736,cup,4,
19,544,60,205,119,0.6249847,tv,5,
19,431,312,332,169,0.47050568,laptop,6,entrance
19,811,335,290,101,0.85420346,keyboard,7,entrance
20,472,194,46,90,0.9071955,cell phone,1,entrance
20,539,328,33,53,0.8273037,mouse,2,entrance
20,409,304,204,76,0.7923588,keyboard,3,
20,1030,244,64,46,0.69280094,cup,4,
20,545,60,205,118,0.61040145,tv,5,
20,432,311,330,168,0.39737228,laptop,6,entrance
20,813,335,285,102,0.6999551,keyboard,7,entrance
21,472,194,46,90,0.9080551,cell phone,1,entrance
21,539,328,33,53,0.8228839,mouse,2,entrance
21,409,304,204,76,0.7933854,keyboard,3,
21,1030,244,64,46,0.7050406,cup,4,
21,545,60,205,118,0.623637,tv,5,
21,432,311,330,166,0.32465982,laptop,6,entrance
21,815,334,282,101,0.77259177,keyboard,7,entrance
22,472,194,46,90,0.9085518,cell phone,1,entrance
22,539,328,33,53,0.82561815,mouse,2,entrance
22,409,304,204,76,0.78660977,keyboard,3,
22,1030,244,64,46,0.71247506,cup,4,
22,545,60,205,119,0.6323449,tv,5,
22,433,311,330,165,0.30023447,laptop,6,entrance
22,816,334,281,99,0.7199958,keyboard,7,entrance
23,472,194,46,90,0.91022015,cell phone,1,entrance
23,539,328,33,53,0.8333003,mouse,2,entrance
23,409,304,204,76,0.7819509,keyboard,3,
23,1030,244,64,46,0.6050139,cup,4,
23,545,60,205,119,0.6200754,tv,5,
23,432,312,332,167,0.3675174,laptop,6,entrance
23,818,333,280,97,0.66749376,keyboard,7,entrance
24,472,194,46,90,0.9104208,cell phone,1,entrance
24,539,328,33,53,0.8330468,mouse,2,entrance
24,409,304,204,76,0.7830754,keyboard,3,
24,1030,244,64,46,0.6197006,cup,4,
24,545,60,205,119,0.5992811,tv,5,
24,431,312,333,168,0.45682162,laptop,6,entrance
24,819,333,279,97,0.71162474,keyboard,7,
25,472,194,46,90,0.90784246,cell phone,1,entrance
25,539,328,33,53,0.83950883,mouse,2,entrance
25,409,304,204,76,0.77467996,keyboard,3,
25,1030,244,64,46,0.6080562,cup,4,
25,545,60,205,119,0.6043113,tv,5,
25,430,312,334,168,0.5275856,laptop,6,entrance
25,819,333,279,96,0.7224064,keyboard,7,
26,472,194,46,90,0.90851235,cell phone,1,entrance
26,539,328,33,53,0.8470561,mouse,2,entrance
26,409,304,204,76,0.7812548,keyboard,3,
26,1030,244,64,46,0.5812659,cup,4,
26,545,60,205,119,0.62553936,tv,5,
26,430,312,334,168,0.4998028,laptop,6,entrance
26,819,333,278,96,0.72303605,keyboard,7,
27,472,194,46,90,0.90838695,cell phone,1,entrance
27,539,328,33,53,0.84743273,mouse,2,entrance
27,409,304,204,76,0.78460276,keyboard,3,
27,1030,244,64,46,0.52895486,cup,4,
27,545,60,205,119,0.6210078,tv,5,
27,430,312,334,168,0.4764459,laptop,6,entrance
27,819,333,278,96,0.67054415,keyboard,7,
28,472,194,46,90,0.9080268,cell phone,1,entrance
28,539,328,33,53,0.8519488,mouse,2,entrance
28,409,304,204,76,0.7760189,keyboard,3,
28,1030,244,64,46,0.5439861,cup,4,
28,545,60,205,119,0.63220793,tv,5,
28,430,312,334,169,0.55397063,laptop,6,entrance
28,819,332,280,96,0.4775431,keyboard,7,
29,472,194,46,90,0.9094956,cell phone,1,entrance
29,539,328,33,53,0.8493792,mouse,2,entrance
29,409,304,204,75,0.79024804,keyboard,3,
29,1030,244,64,46,0.55488425,cup,4,
29,545,60,205,119,0.62174934,tv,5,
29,430,312,333,169,0.5548485,laptop,6,entrance
29,819,333,281,96,0.5662001,keyboard,7,
30,472,194,46,90,0.91053826,cell phone,1,entrance
30,539,328,33,53,0.84725606,mouse,2,entrance
30,409,304,204,76,0.7867307,keyboard,3,
30,1030,244,64,46,0.62062776,cup,4,
30,545,60,205,120,0.62386656,tv,5,
30,430,312,334,169,0.6181591,laptop,6,entrance
30,818,333,280,96,0.6514249,keyboard,7,entrance
31,472,194,46,90,0.90986353,cell phone,1,entrance
31,539,328,33,53,0.8461006,mouse,2,entrance
31,409,304,204,76,0.79456115,keyboard,3,
31,1030,244,64,46,0.61179,cup,4,
31,545,61,206,120,0.6325537,tv,5,
31,430,312,334,169,0.5234302,laptop,6,entrance
31,818,332,281,95,0.5919481,keyboard,7,entrance
32,472,194,46,90,0.9090551,cell phone,1,entrance
32,539,328,33,53,0.83515465,mouse,2,entrance
32,409,304,204,76,0.77894497,keyboard,3,
32,1030,244,64,46,0.5954025,cup,4,
32,545,60,206,120,0.62978625,tv,5,
32,430,312,334,169,0.60959363,laptop,6,entrance
32,818,333,281,96,0.29287642,keyboard,7,entrance
33,472,194,46,90,0.9086324,cell phone,1,entrance
33,539,328,33,53,0.83063066,mouse,2,entrance
33,409,304,203,76,0.77645266,keyboard,3,
33,1030,244,64,46,0.6320886,cup,4,
33,545,61,206,120,0.62361103,tv,5,
33,430,312,334,169,0.67854017,laptop,6,entrance
33,818,332,281,95,0.49664557,keyboard,7,entrance
34,472,194,46,90,0.9096094,cell phone,1,entrance
34,539,328,33,53,0.8119335,mouse,2,entrance
34,409,304,203,76,0.76510245,keyboard,3,
34,1030,244,64,46,0.64242536,cup,4,
34,545,61,206,121,0.6234529,tv,5,
34,430,312,334,169,0.6369807,laptop,6,entrance
34,819,332,282,95,0.3148397,keyboard,7,
35,472,194,46,90,0.9087415,cell phone,1,entrance
35,539,328,33,53,0.80806416,mouse,2,entrance
35,409,304,203,76,0.77452046,keyboard,3,
35,1030,244,64,46,0.6521823,cup,4,
35,545,61,206,121,0.6401579,tv,5,
35,430,312,334,169,0.6486598,laptop,6,entrance
35,818,332,283,94,0.5678503,keyboard,7,entrance
36,472,194,46,90,0.9108945,cell phone,1,entrance
36,539,328,33,53,0.8006163,mouse,2,entrance
36,409,304,203,76,0.7546617,keyboard,3,
36,1030,244,64,46,0.6547568,cup,4,
36,545,61,206,120,0.63409233,tv,5,
36,430,312,334,169,0.65208143,laptop,6,entrance
36,817,332,282,94,0.6217531,keyboard,7,entrance
37,472,194,46,90,0.9099938,cell phone,1,entrance
37,539,328,33,53,0.78399944,mouse,2,entrance
37,409,304,203,76,0.7516458,keyboard,3,
37,1030,244,64,46,0.65558714,cup,4,
37,545,60,206,120,0.6269635,tv,5,
37,430,312,334,169,0.6740997,laptop,6,entrance
37,817,332,282,94,0.65024126,keyboard,7,entrance
38,472,194,46,90,0.9098983,cell phone,1,entrance
38,539,328,33,53,0.8112335,mouse,2,entrance
38,409,304,203,76,0.7659925,keyboard,3,
38,1030,244,64,46,0.6472257,cup,4,
38,545,61,206,120,0.64084864,tv,5,
38,430,312,334,170,0.6693217,laptop,6,entrance
38,818,332,281,94,0.666843,keyboard,7,entrance
39,472,194,46,90,0.90958416,cell phone,1,entrance
39,539,328,33,53,0.80396014,mouse,2,entrance
39,409,304,203,76,0.7591449,keyboard,3,
39,1030,244,64,46,0.6584388,cup,4,
39,545,61,206,120,0.6494987,tv,5,
39,430,312,334,169,0.60909384,laptop,6,entrance
39,818,332,281,94,0.706301,keyboard,7,entrance
40,472,194,46,90,0.90854293,cell phone,1,entrance
40,539,328,33,53,0.797256,mouse,2,entrance
40,409,304,203,76,0.751063,keyboard,3,
40,1030,244,64,46,0.6237425,cup,4,
40,545,61,206,121,0.6497961,tv,5,
40,430,313,334,169,0.6934735,laptop,6,entrance
40,818,332,281,94,0.50840944,keyboard,7,entrance
41,472,194,46,90,0.90672696,cell phone,1,entrance
41,539,328,33,53,0.7996214,mouse,2,entrance
41,409,304,203,76,0.74722934,keyboard,3,
41,1030,244,64,46,0.551993,cup,4,
41,545,61,206,120,0.6399098,tv,5,
41,430,313,335,168,0.6740493,laptop,6,entrance
41,818,332,280,93,0.5662594,keyboard,7,entrance
42,472,194,46,90,0.9082782,cell phone,1,entrance
42,539,328,33,53,0.7953731,mouse,2,entrance
42,409,304,203,76,0.751058,keyboard,3,
42,1030,244,64,46,0.5902344,cup,4,
42,545,61,206,120,0.64428306,tv,5,
42,430,313,335,168,0.67728764,laptop,6,entrance
42,819,332,278,93,0.629579,keyboard,7,
43,472,194,46,90,0.9075672,cell phone,1,entrance
43,539,328,33,53,0.8135978,mouse,2,entrance
43,409,304,203,76,0.7465757,keyboard,3,
43,1030,244,64,46,0.5642635,cup,4,
43,545,61,206,120,0.652764,tv,5,
43,431,313,336,169,0.6830277,laptop,6,entrance
43,820,332,278,93,0.5082889,keyboard,7,
44,472,194,46,90,0.9068386,cell phone,1,entrance
44,539,328,33,53,0.8145469,mouse,2,entrance
44,409,304,203,76,0.7403637,keyboard,3,
44,1030,244,64,46,0.58169216,cup,4,
44,545,60,206,120,0.62748694,tv,5,
44,430,313,336,169,0.69169825,laptop,6,entrance
44,820,331,278,93,0.48696184,keyboard,7,
45,472,194,46,90,0.90579164,cell phone,1,entrance
45,539,328,33,53,0.82362247,mouse,2,entrance
45,409,304,203,76,0.7430451,keyboard,3,
45,1030,244,64,46,0.61041397,cup,4,
45,545,60,205,119,0.6210556,tv,5,
45,430,313,336,169,0.6841939,laptop,6,entrance
45,819,331,279,93,0.60175425,keyboard,7,
46,472,194,46,90,0.9067598,cell phone,1,entrance
46,539,328,33,53,0.82882214,mouse,2,entrance
46,409,304,203,76,0.7521026,keyboard,3,
46,1030,244,64,46,0.6008713,cup,4,
46,545,60,205,120,0.6231914,tv,5,
46,430,313,335,170,0.710202,laptop,6,entrance
46,820,331,280,94,0.4855519,keyboard,7,
47,472,194,46,90,0.90837485,cell phone,1,entrance
47,539,328,33,53,0.8268713,mouse,2,entrance
47,409,304,203,76,0.7522502,keyboard,3,
47,1030,244,64,46,0.6844316,cup,4,
47,545,60,206,120,0.63017446,tv,5,
47,430,313,335,170,0.6942996,laptop,6,entrance
47,819,331,280,94,0.44258252,keyboard,7,
48,472,194,46,90,0.90944433,cell phone,1,entrance
48,539,328,33,53,0.8340112,mouse,2,entrance
48,409,304,203,76,0.7474012,keyboard,3,
48,1030,244,64,46,0.6371049,cup,4,
48,545,60,205,119,0.64329433,tv,5,
48,430,313,335,170,0.6554755,laptop,6,entrance
48,819,331,281,95,0.52796614,keyboard,7,
49,472,194,46,90,0.90632236,cell phone,1,entrance
49,539,328,33,53,0.8393666,mouse,2,entrance
49,409,304,203,76,0.75313175,keyboard,3,
49,1030,244,64,46,0.6894937,cup,4,
49,545,61,205,120,0.6592212,tv,5,
49,430,313,335,170,0.681609,laptop,6,entrance
49,818,331,281,95,0.50441945,keyboard,7,entrance
50,472,194,46,90,0.9063176,cell phone,1,entrance
50,539,328,33,53,0.84646785,mouse,2,entrance
50,409,304,203,76,0.747045,keyboard,3,
50,1030,244,64,46,0.63609904,cup,4,
50,545,61,205,120,0.6429212,tv,5,
50,430,313,334,169,0.7207765,laptop,6,entrance
50,817,331,283,95,0.45117927,keyboard,7,entrance
51,472,194,46,90,0.9068923,cell phone,1,entrance
51,539,328,33,53,0.83275837,mouse,2,entrance
51,409,304,203,76,0.73162705,keyboard,3,
51,1030,244,64,46,0.6152465,cup,4,
51,545,61,205,120,0.6204868,tv,5,
51,430,313,335,169,0.72287416,laptop,6,entrance
51,819,331,286,96,0.2105007,keyboard,7,
52,472,194,46,90,0.90785646,cell phone,1,entrance
52,539,328,33,53,0.83448476,mouse,2,entrance
52,409,304,203,76,0.7281656,keyboard,3,
52,1030,244,64,46,0.6634408,cup,4,
52,545,61,205,120,0.6328019,tv,5,
52,430,313,335,169,0.70894456,laptop,6,entrance
52,818,330,284,93,0.21692075,keyboard,7,entrance
53,472,194,47,90,0.9088604,cell phone,1,entrance
53,539,328,33,53,0.81379354,mouse,2,entrance
53,409,304,203,76,0.7178852,keyboard,3,
53,1030,244,64,46,0.64681864,cup,4,
53,545,61,205,120,0.6416465,tv,5,
53,430,313,335,169,0.6710641,laptop,6,entrance
53,796,324,235,82,0.58556604,keyboard,7,entrance
54,472,194,47,90,0.9080811,cell phone,1,entrance
54,539,328,33,53,0.81875,mouse,2,entrance
54,409,304,203,76,0.73450834,keyboard,3,
54,1030,244,64,46,0.70774573,cup,4,
54,545,60,206,120,0.6123599,tv,5,
54,430,313,334,169,0.6213597,laptop,6,entrance
54,789,323,216,79,0.32915372,keyboard,7,entrance
55,472,194,47,90,0.9091732,cell phone,1,entrance
55,539,328,33,53,0.79764867,mouse,2,entrance
55,409,304,203,76,0.72236675,keyboard,3,
55,1030,244,64,46,0.71522236,cup,4,
55,545,61,206,120,0.5804282,tv,5,
55,431,313,334,169,0.64938956,laptop,6,entrance
55,783,321,209,76,0.38058355,keyboard,7,entrance
56,472,194,47,90,0.907056,cell phone,1,entrance
56,539,328,33,53,0.802292,mouse,2,entrance
56,409,304,203,76,0.72463614,keyboard,3,
56,1030,244,64,46,0.68890446,cup,4,
56,545,60,206,120,0.58470327,tv,5,
56,430,313,334,170,0.61612767,laptop,6,entrance
56,806,328,256,89,0.5647587,keyboard,7,entrance
57,472,194,46,90,0.9064726,cell phone,1,entrance
57,539,328,33,53,0.8184966,mouse,2,entrance
57,409,304,203,76,0.7295956,keyboard,3,
57,1030,244,64,46,0.68078166,cup,4,
57,545,60,206,120,0.5953272,tv,5,
57,430,312,334,170,0.47860909,laptop,6,entrance
57,812,329,275,94,0.4178053,keyboard,7,entrance
58,472,194,46,90,0.90748215,cell phone,1,entrance
58,539,328,33,53,0.8166765,mouse,2,entrance
58,409,304,203,76,0.71073985,keyboard,3,
58,1030,244,64,46,0.713957,cup,4,
58,545,60,206,120,0.5986344,tv,5,
58,430,313,334,169,0.6375721,laptop,6,entrance
58,801,330,308,96,0.3584684,keyboard,7,entrance
59,472,194,46,90,0.90652746,cell phone,1,entrance
59,539,328,33,53,0.8078988,mouse,2,entrance
59,409,304,203,76,0.70757246,keyboard,3,
59,1030,244,64,46,0.6972016,cup,4,
59,545,60,206,120,0.5934274,tv,5,
59,430,313,334,169,0.6777895,laptop,6,entrance
59,811,331,294,97,0.33496588,keyboard,7,entrance
60,472,194,47,90,0.90774167,cell phone,1,entrance
60,539,328,33,53,0.8030793,mouse,2,entrance
60,409,304,203,76,0.70859945,keyboard,3,
60,1030,244,64,46,0.71315026,cup,4,
60,545,60,206,120,0.61739737,tv,5,
60,430,313,334,169,0.69398195,laptop,6,entrance
60,818,331,283,96,0.50184774,keyboard,7,entrance
61,472,194,47,90,0.9089395,cell phone,1,entrance
61,539,328,33,53,0.7966348,mouse,2,entrance
61,409,304,203,76,0.72143346,keyboard,3,
61,1030,245,64,46,0.7180535,cup,4,
61,545,61,206,120,0.62726676,tv,5,
61,430,313,334,169,0.69208646,laptop,6,entrance
61,823,331,271,96,0.57709706,keyboard,7,
62,472,194,47,90,0.909667,cell phone,1,entrance
62,539,328,33,53,0.79989916,mouse,2,entrance
62,409,304,203,76,0.7250969,keyboard,3,
62,1030,245,64,46,0.7061848,cup,4,
62,545,61,206,121,0.6229357,tv,5,
62,430,313,334,170,0.6617115,laptop,6,entrance
62,828,329,261,92,0.49425316,keyboard,7,
63,472,194,47,90,0.90946287,cell phone,1,entrance
63,539,328,33,53,0.8185794,mouse,2,entrance
63,409,304,203,76,0.7396626,keyboard,3,
63,1030,245,64,46,0.70730096,cup,4,
63,545,61,206,121,0.6185411,tv,5,
63,430,313,334,170,0.65918803,laptop,6,entrance
63,830,331,256,94,0.40237582,keyboard,7,
64,472,194,47,90,0.91016257,cell phone,1,entrance
64,539,328,33,53,0.8101762,mouse,2,entrance
64,409,304,203,76,0.7376056,keyboard,3,
64,1030,245,64,46,0.709087,cup,4,
64,545,61,206,120,0.6310547,tv,5,
64,430,313,334,170,0.55879384,laptop,6,entrance
64,830,331,257,94,0.20898819,keyboard,7,
64,748,468,276,388,0.64531344,person,8,entrance
65,472,194,47,90,0.90795237,cell phone,1,entrance
65,539,328,33,53,0.8090842,mouse,2,entrance
65,409,304,203,76,0.7332939,keyboard,3,
65,1030,244,64,46,0.6679236,cup,4,
65,545,61,206,120,0.63549685,tv,5,
65,430,312,334,169,0.59018385,laptop,6,entrance
65,829,331,258,96,0.42844707,keyboard,7,
65,748,463,274,387,0.6284869,person,8,entrance
66,472,194,47,90,0.90682113,cell phone,1,entrance
66,539,328,33,53,0.81516105,mouse,2,entrance
66,409,304,203,76,0.72815067,keyboard,3,
66,1030,244,64,46,0.6591078,cup,4,
66,545,61,205,120,0.6655055,tv,5,
66,430,312,334,169,0.55861527,laptop,6,entrance
66,827,331,262,97,0.21374317,keyboard,7,
66,748,455,273,383,0.6926265,person,8,entrance
67,472,194,46,90,0.90598506,cell phone,1,entrance
67,539,328,33,53,0.8027141,mouse,2,entrance
67,409,304,203,75,0.7477827,keyboard,3,
67,1030,244,64,46,0.6998979,cup,4,
67,545,61,205,120,0.6534854,tv,5,
67,430,312,334,169,0.4744099,laptop,6,entrance
67,827,331,264,98,0.37769017,keyboard,7,
67,750,451,276,386,0.6709726,person,8,entrance
68,472,194,46,90,0.9058475,cell phone,1,entrance
68,539,328,33,53,0.80179113,mouse,2,entrance
68,409,304,203,76,0.7499388,keyboard,3,
68,1030,244,64,46,0.67959225,cup,4,
68,545,60,205,119,0.6181224,tv,5,
68,430,312,334,169,0.47185817,laptop,6,entrance
68,828,330,266,96,0.4256804,keyboard,7,
68,750,453,279,402,0.6045644,person,8,entrance
69,472,194,46,90,0.9066425,cell phone,1,entrance
69,539,328,33,53,0.8099364,mouse,2,entrance
69,409,304,203,76,0.75194293,keyboard,3,
69,1030,244,64,46,0.7121331,cup,4,
69,545,60,205,120,0.6445049,tv,5,
69,430,312,334,170,0.4816215,laptop,6,entrance
69,827,330,264,95,0.59995526,keyboard,7,
69,751,453,281,410,0.6877599,person,8,entrance
70,472,194,46,90,0.90733737,cell phone,1,entrance
70,539,328,33,53,0.7937321,mouse,2,entrance
70,409,304,203,76,0.743141,keyboard,3,
70,1030,245,64,46,0.7419642,cup,4,
70,545,61,205,120,0.6602823,tv,5,
70,430,312,334,170,0.524232,laptop,6,entrance
70,829,330,260,95,0.4712911,keyboard,7,
70,754,454,288,409,0.75725245,person,8,entrance
71,472,194,47,90,0.9092997,cell phone,1,entrance
71,539,328,33,53,0.7850244,mouse,2,entrance
71,409,304,203,76,0.7296145,keyboard,3,
71,1030,245,64,46,0.7352609,cup,4,
71,545,61,205,120,0.6596379,tv,5,
71,430,312,334,169,0.5183733,laptop,6,entrance
71,830,331,255,97,0.47914675,keyboard,7,
71,757,450,292,381,0.8120764,person,8,entrance
72,472,194,47,90,0.90916497,cell phone,1,entrance
72,539,328,33,53,0.7984418,mouse,2,entrance
72,409,304,203,76,0.72927094,keyboard,3,
72,1030,244,64,46,0.6738735,cup,4,
72,545,61,205,120,0.65113455,tv,5,
72,430,312,334,170,0.5199931,laptop,6,entrance
72,833,331,250,95,0.111085095,laptop,7,
72,758,455,293,364,0.7101835,person,8,entrance
73,472,194,47,90,0.90903926,cell phone,1,entrance
73,539,328,33,53,0.82751733,mouse,2,entrance
73,409,304,203,76,0.73878694,keyboard,3,
73,1030,244,64,46,0.6632391,cup,4,
73,545,61,205,120,0.60865885,tv,5,
73,430,313,334,170,0.56651306,laptop,6,entrance
73,825,329,269,95,0.44145337,keyboard,7,
73,759,458,296,337,0.4290498,backpack,8,entrance
74,472,194,46,90,0.9062085,cell phone,1,entrance
74,539,328,33,53,0.7994486,mouse,2,entrance
74,409,304,203,76,0.7451587,keyboard,3,
74,1030,244,64,46,0.64775515,cup,4,
74,545,61,206,120,0.6090087,tv,5,
74,430,313,334,170,0.5197381,laptop,6,entrance
74,792,325,219,86,0.6207339,keyboard,7,entrance
74,759,467,295,312,0.19655369,backpack,8,entrance
75,472,194,46,90,0.9069272,cell phone,1,entrance
75,539,328,33,53,0.8064278,mouse,2,entrance
75,409,304,203,76,0.7344749,keyboard,3,
75,1030,244,64,46,0.59929436,cup,4,
75,545,60,206,120,0.5987965,tv,5,
75,430,313,334,170,0.5608533,laptop,6,entrance
75,778,318,203,74,0.5401045,keyboard,7,entrance
75,758,471,293,301,0.6062191,person,8,entrance
76,472,194,46,90,0.9071533,cell phone,1,entrance
76,539,328,33,53,0.80828726,mouse,2,entrance
76,409,304,203,76,0.7403436,keyboard,3,
76,1030,244,64,46,0.64792717,cup,4,
76,545,60,206,120,0.603181,tv,5,
76,430,313,334,170,0.48292,laptop,6,entrance
76,807,318,251,73,0.5351192,keyboard,7,entrance
76,759,475,290,293,0.2805502,person,8,entrance
77,472,194,46,90,0.9078254,cell phone,1,entrance
77,539,328,33,53,0.8079655,mouse,2,entrance
77,409,304,203,76,0.7218504,keyboard,3,
77,1030,244,64,46,0.56849927,cup,4,
77,545,60,206,120,0.5911316,tv,5,
77,430,313,334,171,0.56317776,laptop,6,entrance
77,817,315,262,68,0.5196093,keyboard,7,entrance
77,759,475,288,290,0.13731413,person,8,entrance
78,472,194,46,90,0.9090883,cell phone,1,entrance
78,539,328,33,53,0.80046195,mouse,2,entrance
78,409,304,203,76,0.7358023,keyboard,3,
78,1030,244,64,46,0.5563316,cup,4,
78,545,60,206,120,0.5859839,tv,5,
78,430,313,334,170,0.63294905,laptop,6,entrance
78,821,313,270,63,0.18128112,keyboard,7,
78,759,473,287,297,0.21446678,backpack,8,entrance
79,472,194,46,90,0.9079045,cell phone,1,entrance
79,539,328,33,53,0.82614106,mouse,2,entrance
79,409,304,203,76,0.7356663,keyboard,3,
79,1030,244,64,46,0.58618444,cup,4,
79,545,60,206,120,0.58658355,tv,5,
79,430,313,334,170,0.589406,laptop,6,entrance
79,759,472,285,302,0.14236455,backpack,8,entrance
80,472,194,46,90,0.9069967,cell phone,1,entrance
80,539,328,33,53,0.83899254,mouse,2,entrance
80,409,304,203,76,0.7474478,keyboard,3,
80,1030,244,64,46,0.6083172,cup,4,
80,545,60,206,120,0.5673136,tv,5,
80,430,313,334,170,0.5880982,laptop,6,entrance
80,759,468,284,308,0.15652794,backpack,8,entrance
81,472,194,46,90,0.908011,cell phone,1,entrance
81,539,328,33,53,0.83782315,mouse,2,entrance
81,409,304,203,76,0.7469902,keyboard,3,
81,1030,244,64,46,0.48126364,cup,4,
81,545,60,206,120,0.5525709,tv,5,
81,430,313,334,169,0.5992605,laptop,6,entrance
82,472,194,46,90,0.9056772,cell phone,1,entrance
82,539,328,33,53,0.8063359,mouse,2,entrance
82,409,304,203,76,0.7464311,keyboard,3,
82,1030,244,64,46,0.36192715,cup,4,
82,545,60,206,120,0.55804485,tv,5,
82,430,313,334,169,0.5158441,laptop,6,entrance
83,472,194,46,90,0.9052691,cell phone,1,entrance
83,539,328,33,53,0.8075537,mouse,2,entrance
83,409,304,203,76,0.7528711,keyboard,3,
83,1030,244,64,46,0.39474583,cup,4,
83,545,60,206,119,0.5633305,tv,5,
83,430,313,334,170,0.44914734,laptop,6,entrance
84,472,194,46,90,0.9046226,cell phone,1,entrance
84,539,328,33,53,0.80625176,mouse,2,entrance
84,409,304,203,76,0.7431733,keyboard,3,
84,1030,244,64,46,0.49545372,cup,4,
84,545,60,206,119,0.56573373,tv,5,
84,430,313,334,169,0.5058452,laptop,6,entrance
85,472,194,46,90,0.9073609,cell phone,1,entrance
85,539,328,33,53,0.8048023,mouse,2,entrance
85,409,304,203,76,0.7484425,keyboard,3,
85,1030,244,64,46,0.59124404,cup,4,
85,545,60,206,119,0.5686323,tv,5,
85,430,313,334,169,0.5584165,laptop,6,entrance
86,472,194,46,90,0.9097685,cell phone,1,entrance
86,539,328,33,53,0.8105244,mouse,2,entrance
86,409,304,203,76,0.7477568,keyboard,3,
86,1030,245,64,46,0.48082387,cup,4,
86,545,60,206,119,0.56598395,tv,5,
86,430,313,334,168,0.55342263,laptop,6,entrance
87,472,194,46,90,0.9095724,cell phone,1,entrance
87,539,328,33,53,0.80991703,mouse,2,entrance
87,409,304,203,76,0.73760813,keyboard,3,
87,1030,244,64,46,0.52575785,cup,4,
87,545,60,206,119,0.5820651,tv,5,
87,430,313,334,168,0.5751742,laptop,6,entrance
88,472,194,46,90,0.90968645,cell phone,1,entrance
88,539,328,33,53,0.8159437,mouse,2,entrance
88,409,304,203,76,0.7503167,keyboard,3,
88,1030,245,64,45,0.47231716,cup,4,
88,545,60,206,119,0.5734271,tv,5,
88,430,313,334,168,0.5219655,laptop,6,entrance
89,472,194,46,90,0.90918803,cell phone,1,entrance
89,539,328,33,53,0.8194146,mouse,2,entrance
89,409,304,204,76,0.766319,keyboard,3,
89,1030,244,64,46,0.48668796,cup,4,
89,545,60,206,118,0.5700408,tv,5,
89,430,313,334,168,0.49836415,laptop,6,entrance
90,472,194,46,90,0.90667504,cell phone,1,entrance
90,539,328,33,53,0.81744486,mouse,2,entrance
90,409,304,204,76,0.758632,keyboard,3,
90,1030,244,64,45,0.41501796,cup,4,
90,545,59,205,118,0.56580716,tv,5,
90,430,313,334,168,0.5479084,laptop,6,entrance
91,472,194,46,90,0.9064632,cell phone,1,entrance
91,539,328,33,53,0.810913,mouse,2,entrance
91,409,304,204,76,0.7591337,keyboard,3,
91,1030,245,64,45,0.41468123,cup,4,
91,545,59,206,118,0.56566566,tv,5,
91,430,313,334,169,0.51066196,laptop,6,entrance
91,753,504,273,240,0.50131035,backpack,8,entrance
92,472,194,46,90,0.9024804,cell phone,1,entrance
92,539,328,33,53,0.82241285,mouse,2,entrance
92,409,304,204,76,0.75768906,keyboard,3,
92,1030,244,64,46,0.40886167,cup,4,
92,545,59,206,117,0.5632635,tv,5,
92,430,313,334,169,0.5211653,laptop,6,entrance
92,754,502,274,243,0.6078051,backpack,8,entrance
93,472,194,46,90,0.9023223,cell phone,1,entrance
93,539,328,33,53,0.83394235,mouse,2,entrance
93,409,304,203,76,0.7537667,keyboard,3,
93,1030,244,64,46,0.40416095,cup,4,
93,545,58,206,116,0.56469935,tv,5,
93,430,313,334,169,0.54610264,laptop,6,entrance
93,755,504,277,239,0.50398177,backpack,8,entrance
94,472,194,46,90,0.9034547,cell phone,1,entrance
94,539,328,33,53,0.83492637,mouse,2,entrance
94,409,304,203,76,0.74014825,keyboard,3,
94,1030,244,64,46,0.39758834,cup,4,
94,545,59,206,116,0.5619491,tv,5,
94,430,313,334,169,0.6217328,laptop,6,entrance
94,755,506,278,235,0.43449107,backpack,8,entrance
95,472,194,46,90,0.90324897,cell phone,1,entrance
95,539,328,33,53,0.83312464,mouse,2,entrance
95,409,304,203,76,0.7412816,keyboard,3,
95,1030,244,64,46,0.37975508,cup,4,
95,545,59,206,117,0.5552869,tv,5,
95,430,313,334,169,0.64482707,laptop,6,entrance
95,755,506,277,233,0.396411,backpack,8,entrance
96,472,194,46,90,0.90178657,cell phone,1,entrance
96,539,328,33,53,0.8301514,mouse,2,entrance
96,409,304,203,76,0.74109215,keyboard,3,
96,1030,244,64,46,0.3883645,cup,4,
96,545,59,207,117,0.5519117,tv,5,
96,430,313,334,169,0.6345465,laptop,6,entrance
96,755,506,277,234,0.30855668,backpack,8,entrance
97,472,194,46,90,0.90171736,cell phone,1,entrance
97,539,328,33,53,0.8348359,mouse,2,entrance
97,409,304,203,76,0.751401,keyboard,3,
97,1030,244,64,45,0.40552393,cup,4,
97,545,59,206,116,0.54612726,tv,5,
97,430,313,334,170,0.59382504,laptop,6,entrance
97,753,521,279,266,0.12959637,backpack,8,entrance
98,472,194,46,90,0.90156007,cell phone,1,entrance
98,539,328,33,53,0.8361096,mouse,2,entrance
98,409,304,204,76,0.7576906,keyboard,3,
98,1030,244,64,46,0.42551604,cup,4,
98,545,59,206,116,0.55893105,tv,5,
98,430,313,334,170,0.5842586,laptop,6,entrance
98,753,488,279,297,0.2572073,backpack,8,entrance
99,472,194,46,90,0.90144324,cell phone,1,entrance
99,539,328,33,53,0.8256242,mouse,2,entrance
99,409,304,204,76,0.7496342,keyboard,3,
99,1030,244,64,46,0.46954697,cup,4,
99,545,58,206,116,0.5483327,tv,5,
99,430,313,334,169,0.6223838,laptop,6,entrance
99,753,478,278,303,0.30224755,backpack,8,entrance
100,472,194,46,90,0.9010718,cell phone,1,entrance
100,539,328,33,53,0.8263669,mouse,2,entrance
100,409,304,203,76,0.7455643,keyboard,3,
100,1030,244,64,46,0.5328804,cup,4,
100,545,58,206,116,0.5519644,tv,5,
100,430,313,334,169,0.62072235,laptop,6,entrance
100,754,467,278,319,0.25605714,backpack,8,entrance
101,472,194,46,90,0.9016056,cell phone,1,entrance
101,539,328,33,53,0.82866144,mouse,2,entrance
101,409,304,203,76,0.7422026,keyboard,3,
101,1030,244,64,46,0.5196094,cup,4,
101,545,59,206,117,0.54210854,tv,5,
101,430,313,334,169,0.6332806,laptop,6,entrance
101,754,461,278,328,0.25387082,backpack,8,entrance
102,472,194,46,90,0.90022045,cell phone,1,entrance
102,539,328,33,53,0.8176813,mouse,2,entrance
102,409,304,203,76,0.7332891,keyboard,3,
102,1030,244,64,46,0.5468778,cup,4,
102,545,59,206,117,0.54799557,tv,5,
102,430,313,334,169,0.6886612,laptop,6,entrance
102,754,463,279,323,0.2846815,backpack,8,entrance
103,472,194,46,90,0.8998149,cell phone,1,entrance
103,539,328,33,53,0.8205052,mouse,2,entrance
103,409,304,203,76,0.7376541,keyboard,3,
103,1030,244,64,46,0.5130554,cup,4,
103,545,59,206,116,0.5390796,tv,5,
103,430,313,334,169,0.6663383,laptop,6,entrance
103,755,468,281,316,0.28748423,backpack,8,entrance
104,472,194,46,90,0.90103203,cell phone,1,entrance
104,539,328,33,53,0.80643034,mouse,2,entrance
104,409,304,203,76,0.7123142,keyboard,3,
104,1030,244,64,46,0.5065508,cup,4,
104,545,59,206,117,0.54223704,tv,5,
104,430,313,334,169,0.69146025,laptop,6,entrance
104,754,469,280,313,0.26938096,backpack,8,entrance
105,472,194,46,90,0.89813906,cell phone,1,entrance
105,539,328,33,53,0.8143882,mouse,2,entrance
105,409,304,203,76,0.7247021,keyboard,3,
105,1030,244,64,46,0.5233315,cup,4,
105,545,59,206,117,0.5605325,tv,5,
105,430,313,334,169,0.6839858,laptop,6,entrance
105,756,476,281,297,0.31686822,backpack,8,entrance
106,472,194,46,90,0.89848566,cell phone,1,entrance
106,539,328,33,53,0.8105445,mouse,2,entrance
106,409,304,203,76,0.7298031,keyboard,3,
106,1030,244,64,46,0.505963,cup,4,
106,545,59,206,117,0.5516428,tv,5,
106,430,313,334,169,0.66873527,laptop,6,entrance
106,756,474,282,301,0.28348604,backpack,8,entrance
107,472,194,46,90,0.8982433,cell phone,1,entrance
107,539,328,33,53,0.79807013,mouse,2,entrance
107,409,304,203,76,0.7290737,keyboard,3,
107,1030,244,64,46,0.5241045,cup,4,
107,545,59,206,117,0.5577481,tv,5,
107,430,314,334,169,0.6690801,laptop,6,entrance
107,755,474,282,302,0.27969489,backpack,8,entrance
108,472,194,46,90,0.900864,cell phone,1,entrance
108,539,328,33,53,0.798309,mouse,2,entrance
108,409,304,203,76,0.730905,keyboard,3,
108,1030,244,64,46,0.491285,cup,4,
108,545,59,207,117,0.5433824,tv,5,
108,430,314,334,169,0.69155574,laptop,6,entrance
108,756,476,283,297,0.47448552,backpack,8,entrance
109,472,194,46,90,0.90103424,cell phone,1,entrance
109,539,328,33,53,0.79918647,mouse,2,entrance
109,409,304,203,76,0.73100793,keyboard,3,
109,1030,244,64,46,0.462162,cup,4,
109,545,59,207,117,0.53896487,tv,5,
109,430,314,334,169,0.70927453,laptop,6,entrance
109,756,477,284,293,0.39395696,backpack,8,entrance
110,472,194,46,90,0.89985883,cell phone,1,entrance
110,539,328,33,53,0.8142422,mouse,2,entrance
110,409,304,203,76,0.7355256,keyboard,3,
110,1030,244,64,46,0.4481096,cup,4,
110,545,59,207,118,0.53953207,tv,5,
110,430,314,334,169,0.73170483,laptop,6,entrance
110,755,475,283,299,0.35156336,backpack,8,entrance
111,472,194,46,89,0.8980631,cell phone,1,entrance
111,539,328,33,53,0.82959,mouse,2,entrance
111,409,304,203,76,0.74657714,keyboard,3,
111,1030,244,64,46,0.44148868,cup,4,
111,545,59,207,117,0.5647995,tv,5,
111,430,314,333,169,0.6879251,laptop,6,entrance
111,755,483,288,331,0.2837777,backpack,8,entrance
112,472,194,46,89,0.8994461,cell phone,1,entrance
112,539,328,33,53,0.8316118,mouse,2,entrance
112,409,304,203,76,0.7516256,keyboard,3,
112,1030,244,64,46,0.3964512,cup,4,
112,545,59,206,117,0.54938096,tv,5,
112,430,313,333,169,0.68954813,laptop,6,entrance
112,756,477,292,356,0.24729241,backpack,8,entrance
113,472,194,46,90,0.90118253,cell phone,1,entrance
113,539,328,33,53,0.8213962,mouse,2,entrance
113,409,304,203,76,0.744598,keyboard,3,
113,1030,244,64,46,0.369848,cup,4,
113,545,59,207,117,0.54214334,tv,5,
113,430,313,334,169,0.7287762,laptop,6,entrance
113,756,474,293,371,0.20155904,backpack,8,entrance
114,472,194,46,90,0.9003021,cell phone,1,entrance
114,539,328,33,53,0.82063115,mouse,2,entrance
114,409,304,203,76,0.7314315,keyboard,3,
114,1030,244,64,46,0.35134548,cup,4,
114,545,59,207,117,0.55024916,tv,5,
114,430,313,334,169,0.72632533,laptop,6,entrance
114,755,476,293,373,0.18877164,backpack,8,entrance
115,472,194,46,90,0.9002594,cell phone,1,entrance
115,539,328,33,53,0.80601966,mouse,2,entrance
115,409,304,203,76,0.71179116,keyboard,3,
115,1030,244,64,46,0.35981172,cup,4,
115,545,59,207,117,0.54764897,tv,5,
115,430,313,334,169,0.72268987,laptop,6,entrance
115,755,480,294,364,0.26061958,backpack,8,entrance
116,472,194,46,90,0.8989871,cell phone,1,entrance
116,539,328,33,53,0.80107915,mouse,2,entrance
116,409,304,203,76,0.7100018,keyboard,3,
116,1030,244,64,46,0.37648937,cup,4,
116,545,59,207,117,0.55462044,tv,5,
116,430,313,335,169,0.7044628,laptop,6,entrance
116,752,483,295,364,0.31197378,backpack,8,entrance
117,472,194,46,89,0.89681447,cell phone,1,entrance
117,539,328,33,53,0.8100094,mouse,2,entrance
117,409,304,203,76,0.7112116,keyboard,3,
117,1030,244,64,46,0.3716122,cup,4,
117,545,59,207,117,0.5460175,tv,5,
117,430,313,334,169,0.6733792,laptop,6,entrance
117,751,482,298,363,0.22130938,backpack,8,entrance
118,472,194,46,89,0.89765054,cell phone,1,entrance
118,539,328,33,53,0.81778294,mouse,2,entrance
118,409,304,203,76,0.70884615,keyboard,3,
118,1030,244,64,46,0.34325448,cup,4,
118,545,59,207,117,0.5412748,tv,5,
118,430,313,335,169,0.6874648,laptop,6,entrance
118,749,474,296,326,0.27698374,backpack,8,entrance
119,472,194,46,89,0.89802223,cell phone,1,entrance
119,539,328,33,53,0.80662656,mouse,2,entrance
119,409,304,203,76,0.70921403,keyboard,3,
119,1030,244,64,45,0.3351993,cup,4,
119,545,59,207,117,0.55927837,tv,5,
119,430,313,334,169,0.69449335,laptop,6,entrance
119,749,481,300,345,0.18332087,backpack,8,entrance
120,472,194,46,89,0.89922583,cell phone,1,entrance
120,539,328,33,53,0.8054826,mouse,2,entrance
120,409,304,203,76,0.70213175,keyboard,3,
120,1030,244,64,45,0.34167254,cup,4,
120,545,59,207,117,0.55486804,tv,5,
120,430,313,335,168,0.69113195,laptop,6,entrance
120,749,484,302,350,0.29396945,backpack,8,entrance
121,472,194,46,89,0.9000838,cell phone,1,entrance
121,539,328,33,53,0.8056753,mouse,2,entrance
121,409,304,203,76,0.70714945,keyboard,3,
121,1031,244,64,45,0.35596532,cup,4,
121,545,59,206,117,0.55829316,tv,5,
121,430,313,335,168,0.680989,laptop,6,entrance
121,748,474,297,319,0.25913748,backpack,8,entrance
122,472,194,46,89,0.8991862,cell phone,1,entrance
122,539,328,33,53,0.8293134,mouse,2,entrance
122,409,304,203,76,0.7194858,keyboard,3,
122,1030,244,64,45,0.3628563,cup,4,
122,545,59,207,117,0.565038,tv,5,
122,430,313,335,169,0.66291076,laptop,6,entrance
122,747,471,292,308,0.17000811,backpack,8,entrance
123,472,194,46,89,0.8963919,cell phone,1,entrance
123,539,328,33,53,0.825314,mouse,2,entrance
123,409,304,203,76,0.7230029,keyboard,3,
123,1030,244,64,46,0.37930423,cup,4,
123,545,59,207,117,0.5753679,tv,5,
123,430,313,334,169,0.67585695,laptop,6,entrance
123,747,477,292,338,0.23123637,backpack,8,entrance
124,472,194,46,89,0.89609,cell phone,1,entrance
124,539,328,33,53,0.82163996,mouse,2,entrance
124,409,304,203,76,0.7211171,keyboard,3,
124,1030,244,64,46,0.3575339,cup,4,
124,545,59,207,117,0.55774295,tv,5,
124,430,313,334,169,0.6927392,laptop,6,entrance
124,748,480,288,351,0.24774805,backpack,8,entrance
125,472,194,46,89,0.8960881,cell phone,1,entrance
125,539,328,33,53,0.82436556,mouse,2,entrance
125,409,304,203,76,0.7188688,keyboard,3,
125,1030,244,64,46,0.37683558,cup,4,
125,545,59,207,117,0.57374054,tv,5,
125,430,313,334,169,0.73296124,laptop,6,entrance
125,747,483,283,352,0.32564536,backpack,8,entrance
126,472,194,46,89,0.89459294,cell phone,1,entrance
126,539,328,33,53,0.8172939,mouse,2,entrance
126,409,304,203,76,0.72014725,keyboard,3,
126,1030,244,64,46,0.39118084,cup,4,
126,545,59,206,117,0.5694595,tv,5,
126,430,313,334,169,0.67688745,laptop,6,entrance
126,746,488,280,352,0.20087416,backpack,8,entrance
127,472,194,46,89,0.8959133,cell phone,1,entrance
127,539,328,33,53,0.8101907,mouse,2,entrance
127,409,304,203,76,0.7191465,keyboard,3,
127,1030,244,64,46,0.40079337,cup,4,
127,545,59,206,116,0.57021856,tv,5,
127,430,313,334,169,0.6936919,laptop,6,entrance
127,746,489,277,354,0.1159669,backpack,8,entrance
128,472,194,46,89,0.8962383,cell phone,1,entrance
128,539,328,33,53,0.81366104,mouse,2,entrance
128,409,304,203,76,0.7171212,keyboard,3,
128,1030,244,64,46,0.41646063,cup,4,
128,545,59,206,117,0.56885755,tv,5,
128,430,313,334,169,0.70407706,laptop,6,entrance
128,745,489,275,356,0.21315469,backpack,8,entrance
129,472,194,46,89,0.89846784,cell phone,1,entrance
129,539,328,33,53,0.8099504,mouse,2,entrance
129,409,304,203,76,0.7173001,keyboard,3,
129,1030,244,64,46,0.43988258,cup,4,
129,545,59,206,117,0.57073104,tv,5,
129,430,313,334,169,0.72089493,laptop,6,entrance
129,745,489,274,354,0.18427624,backpack,8,entrance
130,472,194,46,89,0.89833874,cell phone,1,entrance
130,539,328,33,53,0.8153136,mouse,2,entrance
130,409,304,203,76,0.7155631,keyboard,3,
130,1030,244,64,46,0.44857776,cup,4,
130,545,59,206,117,0.5659238,tv,5,
130,430,313,334,169,0.73686445,laptop,6,entrance
130,745,493,271,345,0.2108888,backpack,8,entrance
131,472,194,46,89,0.90008336,cell phone,1,entrance
131,539,328,33,53,0.82305527,mouse,2,entrance
131,409,304,203,76,0.72160393,keyboard,3,
131,1030,244,64,46,0.4023378,cup,4,
131,545,59,206,117,0.56561476,tv,5,
131,430,313,334,168,0.7468853,laptop,6,entrance
131,745,491,272,350,0.29205698,backpack,8,entrance
132,472,194,46,89,0.900157,cell phone,1,entrance
132,539,328,33,53,0.8186872,mouse,2,entrance
132,409,304,203,76,0.71601325,keyboard,3,
132,1030,244,64,46,0.44694367,cup,4,
132,545,59,207,118,0.5602763,tv,5,
132,430,313,334,168,0.7240775,laptop,6,entrance
132,745,491,270,347,0.33488548,backpack,8,entrance
133,472,194,46,89,0.8992222,cell phone,1,entrance
133,539,328,33,53,0.81689847,mouse,2,entrance
133,409,304,202,76,0.71538115,keyboard,3,
133,1030,244,64,46,0.39419818,cup,4,
133,545,59,207,117,0.5722518,tv,5,
133,430,313,335,169,0.7244362,laptop,6,entrance
133,745,491,270,349,0.28226218,backpack,8,entrance
134,472,194,46,89,0.89636284,cell phone,1,entrance
134,539,328,33,53,0.81360793,mouse,2,entrance
134,409,304,202,76,0.71916264,keyboard,3,
134,1030,244,64,46,0.36326247,cup,4,
134,545,59,206,117,0.58440644,tv,5,
134,430,313,335,169,0.69841,laptop,6,entrance
134,745,495,270,340,0.107793175,backpack,8,entrance
135,472,194,46,89,0.89635926,cell phone,1,entrance
135,539,328,33,53,0.81753784,mouse,2,entrance
135,409,304,202,76,0.7182997,keyboard,3,
135,1030,244,64,46,0.4002282,cup,4,
135,545,59,206,117,0.59199667,tv,5,
135,430,313,335,169,0.6764402,laptop,6,entrance
135,745,498,268,334,0.11501593,backpack,8,entrance
136,472,194,46,89,0.89832276,cell phone,1,entrance
136,539,328,33,53,0.8186059,mouse,2,entrance
136,409,304,203,76,0.7187264,keyboard,3,
136,1030,244,64,46,0.3777504,cup,4,
136,545,59,206,117,0.57605475,tv,5,
136,430,313,335,169,0.7004756,laptop,6,entrance
136,745,492,271,345,0.14640771,backpack,8,entrance
137,472,194,46,89,0.89688766,cell phone,1,entrance
137,539,328,33,53,0.81261504,mouse,2,entrance
137,409,304,203,76,0.724136,keyboard,3,
137,1030,244,64,46,0.34506047,cup,4,
137,545,58,206,116,0.58518326,tv,5,
137,430,313,335,169,0.6535526,laptop,6,entrance
138,472,194,46,89,0.8982458,cell phone,1,entrance
138,539,328,33,53,0.81996036,mouse,2,entrance
138,409,304,203,76,0.7203674,keyboard,3,
138,1030,244,64,46,0.35265315,cup,4,
138,545,58,206,116,0.572938,tv,5,
138,430,313,335,169,0.6632087,laptop,6,entrance
139,472,194,46,90,0.90077513,cell phone,1,entrance
139,539,328,33,53,0.8222971,mouse,2,entrance
139,409,304,202,76,0.701826,keyboard,3,
139,1030,244,64,46,0.42428648,cup,4,
139,545,59,207,117,0.5334205,tv,5,
139,430,313,335,169,0.754568,laptop,6,entrance
140,472,194,46,90,0.9002682,cell phone,1,entrance
140,539,328,33,53,0.8101957,mouse,2,entrance
140,409,304,202,76,0.7101914,keyboard,3,
140,1030,244,64,46,0.41711438,cup,4,
140,545,59,206,117,0.5574549,tv,5,
140,430,313,335,169,0.73322034,laptop,6,entrance
141,472,194,46,90,0.9012835,cell phone,1,entrance
141,539,328,33,53,0.8144019,mouse,2,entrance
141,409,304,203,76,0.706261,keyboard,3,
141,1030,244,64,46,0.39799365,cup,4,
141,545,59,207,117,0.5540433,tv,5,
141,430,313,335,169,0.7420576,laptop,6,entrance
142,472,194,46,90,0.9012721,cell phone,1,entrance
142,539,328,33,53,0.80902994,mouse,2,entrance
142,409,304,203,76,0.7115751,keyboard,3,
142,1030,244,64,46,0.41594878,cup,4,
142,545,59,207,117,0.54960763,tv,5,
142,430,314,334,169,0.7519336,laptop,6,entrance
143,472,194,46,90,0.90128934,cell phone,1,entrance
143,539,328,33,53,0.8031279,mouse,2,entrance
143,409,304,203,76,0.7088141,keyboard,3,
143,1030,244,64,46,0.4104443,cup,4,
143,545,59,207,117,0.5484229,tv,5,
143,430,314,334,169,0.76780385,laptop,6,entrance
144,472,194,46,90,0.9028246,cell phone,1,entrance
144,539,328,33,53,0.8028537,mouse,2,entrance
144,409,304,203,76,0.7089308,keyboard,3,
144,1030,244,64,46,0.40615955,cup,4,
144,545,59,207,117,0.53959125,tv,5,
144,430,314,334,169,0.78548473,laptop,6,entrance
145,472,194,46,90,0.902201,cell phone,1,entrance
145,539,328,33,53,0.7997906,mouse,2,entrance
145,409,304,203,76,0.71054286,keyboard,3,
145,1030,244,64,46,0.4190412,cup,4,
145,545,59,207,117,0.5503488,tv,5,
145,430,314,334,169,0.78948706,laptop,6,entrance
145,780,447,122,195,0.6424293,backpack,9,entrance
146,472,194,46,90,0.90212065,cell phone,1,entrance
146,539,328,33,53,0.81842905,mouse,2,entrance
146,409,304,203,76,0.7125424,keyboard,3,
146,1030,244,64,46,0.4170716,cup,4,
146,545,59,207,117,0.5596279,tv,5,
146,430,314,334,169,0.7634943,laptop,6,entrance
146,780,447,123,196,0.60276693,backpack,9,entrance
147,472,194,46,89,0.90002024,cell phone,1,entrance
147,539,328,33,53,0.81316364,mouse,2,entrance
147,409,304,203,76,0.717553,keyboard,3,
147,1030,244,64,46,0.460665,cup,4,
147,545,59,207,117,0.5905415,tv,5,
147,430,313,334,169,0.73599577,laptop,6,entrance
147,778,447,124,196,0.61839366,backpack,9,entrance
148,472,194,46,89,0.90052605,cell phone,1,entrance
148,539,328,33,53,0.8101544,mouse,2,entrance
148,409,304,203,76,0.702906,keyboard,3,
148,1030,244,64,46,0.4071237,cup,4,
148,545,59,207,116,0.57013476,tv,5,
148,430,314,334,169,0.7969524,laptop,6,entrance
148,777,448,121,193,0.62756854,backpack,9,entrance
149,472,194,46,89,0.897638,cell phone,1,entrance
149,539,328,33,53,0.824751,mouse,2,entrance
149,409,304,203,76,0.7199229,keyboard,3,
149,1030,244,64,46,0.41285974,cup,4,
149,545,58,207,116,0.59536,tv,5,
149,430,314,334,170,0.76891017,laptop,6,entrance
149,777,448,119,193,0.6400075,backpack,9,entrance
150,472,194,46,89,0.8986557,cell phone,1,entrance
150,539,328,33,53,0.82551104,mouse,2,entrance
150,409,304,203,76,0.71307725,keyboard,3,
150,1030,244,64,46,0.41122136,cup,4,
150,545,58,207,116,0.5931018,tv,5,
150,430,314,334,169,0.7791597,laptop,6,entrance
150,778,448,121,192,0.6465255,backpack,9,entrance
151,472,194,46,89,0.9032055,cell phone,1,entrance
151,539,328,33,53,0.82164866,mouse,2,entrance
151,409,304,203,76,0.7097661,keyboard,3,
151,1030,244,64,46,0.40154982,cup,4,
151,545,59,207,117,0.59829706,tv,5,
151,430,314,335,169,0.77593863,laptop,6,entrance
151,779,447,124,192,0.63649565,backpack,9,entrance
152,472,194,46,89,0.9031296,cell phone,1,entrance
152,539,328,33,53,0.8240853,mouse,2,entrance
152,409,304,203,76,0.71974725,keyboard,3,
152,1030,244,64,46,0.38099158,cup,4,
152,545,58,206,116,0.62942135,tv,5,
152,430,314,335,169,0.7405111,laptop,6,entrance
152,781,448,128,191,0.5618902,backpack,9,entrance
153,472,194,46,89,0.90405405,cell phone,1,entrance
153,539,328,33,53,0.8244904,mouse,2,entrance
153,409,304,203,76,0.7104366,keyboard,3,
153,1030,244,64,46,0.435531,cup,4,
153,545,58,206,116,0.59742594,tv,5,
153,430,313,335,169,0.75144804,laptop,6,entrance
153,778,456,120,175,0.446377,backpack,9,entrance
154,472,194,46,90,0.90407974,cell phone,1,entrance
154,539,328,33,53,0.8207038,mouse,2,entrance
154,409,304,203,76,0.73796135,keyboard,3,
154,1030,244,64,46,0.40700173,cup,4,
154,545,58,206,116,0.59159243,tv,5,
154,430,313,335,169,0.7529089,laptop,6,entrance
154,780,450,126,186,0.29244107,backpack,9,entrance
155,472,194,46,90,0.9034347,cell phone,1,entrance
155,539,328,33,53,0.82221943,mouse,2,entrance
155,409,304,203,76,0.73382056,keyboard,3,
155,1030,244,64,46,0.45044225,cup,4,
155,546,61,207,121,0.6265078,tv,5,
155,430,313,334,168,0.74787253,laptop,6,entrance
155,781,448,129,188,0.3368637,backpack,9,entrance
156,472,194,46,90,0.9053174,cell phone,1,entrance
156,539,328,33,53,0.835677,mouse,2,entrance
156,409,304,203,76,0.7207969,keyboard,3,
156,1030,244,64,46,0.5212832,cup,4,
156,546,62,207,123,0.63979787,tv,5,
156,430,314,333,168,0.77311754,laptop,6,entrance
156,781,447,128,189,0.27619487,backpack,9,entrance
157,472,194,46,90,0.90668523,cell phone,1,entrance
157,539,328,33,53,0.80959547,mouse,2,entrance
157,409,304,203,76,0.7165531,keyboard,3,
157,1030,244,64,46,0.48202834,cup,4,
157,546,62,207,123,0.6402299,tv,5,
157,430,314,333,168,0.70447,laptop,6,entrance
157,779,452,121,179,0.4125865,backpack,9,entrance
158,472,194,46,90,0.9067919,cell phone,1,entrance
158,539,328,33,53,0.81716347,mouse,2,entrance
158,409,304,203,77,0.70412695,keyboard,3,
158,1030,244,64,46,0.5128901,cup,4,
158,546,62,207,123,0.63112056,tv,5,
158,430,314,332,168,0.76135516,laptop,6,entrance
158,778,452,118,178,0.46522784,backpack,9,entrance
159,472,194,46,90,0.9061409,cell phone,1,entrance
159,539,328,33,53,0.83060104,mouse,2,entrance
159,409,304,202,77,0.70372385,keyboard,3,
159,1030,244,64,46,0.5105519,cup,4,
159,546,62,208,124,0.6333244,tv,5,
159,430,314,332,168,0.7611541,laptop,6,entrance
159,777,449,116,186,0.5598812,backpack,9,entrance
160,472,194,46,90,0.90766525,cell phone,1,entrance
160,539,328,33,53,0.8296039,mouse,2,entrance
160,409,304,202,77,0.70476437,keyboard,3,
160,1030,244,64,46,0.5008376,cup,4,
160,546,62,208,124,0.642583,tv,5,
160,430,314,332,168,0.7801297,laptop,6,entrance
160,777,449,116,186,0.53779435,backpack,9,entrance
161,472,194,46,90,0.9075513,cell phone,1,entrance
161,539,328,33,53,0.8268966,mouse,2,entrance
161,409,304,202,77,0.7015942,keyboard,3,
161,1030,244,64,46,0.50773644,cup,4,
161,546,62,208,124,0.64127713,tv,5,
161,430,314,332,168,0.8129298,laptop,6,entrance
161,777,448,115,188,0.48220024,backpack,9,entrance
162,472,194,46,90,0.9071949,cell phone,1,entrance
162,539,328,33,53,0.82886094,mouse,2,entrance
162,409,304,202,77,0.71319693,keyboard,3,
162,1030,244,64,46,0.5151848,cup,4,
162,546,62,208,124,0.63642484,tv,5,
162,430,314,332,168,0.8076925,laptop,6,entrance
162,777,448,115,189,0.48781618,backpack,9,entrance
163,472,194,46,90,0.9078858,cell phone,1,entrance
163,539,328,33,53,0.8347202,mouse,2,entrance
163,409,304,202,77,0.7153826,keyboard,3,
163,1030,244,64,46,0.49831808,cup,4,
163,546,62,208,124,0.64101607,tv,5,
163,430,314,332,168,0.78225154,laptop,6,entrance
163,777,447,113,190,0.50290525,backpack,9,entrance
164,472,194,46,90,0.90780586,cell phone,1,entrance
164,539,328,33,53,0.83371145,mouse,2,entrance
164,409,304,203,77,0.72200036,keyboard,3,
164,1030,244,64,46,0.49654505,cup,4,
164,546,62,208,124,0.62923706,tv,5,
164,430,314,332,168,0.7684193,laptop,6,entrance
164,776,446,116,190,0.36161664,backpack,9,entrance
165,472,194,46,90,0.9069114,cell phone,1,entrance
165,539,328,33,53,0.8255573,mouse,2,entrance
165,409,304,203,77,0.71403867,keyboard,3,
165,1030,244,64,46,0.50152016,cup,4,
165,546,62,208,124,0.63816434,tv,5,
165,430,314,332,168,0.76033825,laptop,6,entrance
165,775,447,117,189,0.3829992,backpack,9,entrance
166,472,194,46,90,0.9079141,cell phone,1,entrance
166,539,328,33,53,0.8102047,mouse,2,entrance
166,409,304,203,77,0.70399165,keyboard,3,
166,1030,244,64,46,0.5158958,cup,4,
166,546,62,208,124,0.628664,tv,5,
166,430,314,332,168,0.7418201,laptop,6,entrance
166,776,446,119,189,0.42457038,backpack,9,entrance
167,472,194,46,90,0.9084348,cell phone,1,entrance
167,539,328,33,53,0.8166495,mouse,2,entrance
167,409,304,203,77,0.70742255,keyboard,3,
167,1030,244,64,46,0.5041472,cup,4,
167,546,62,208,124,0.63051265,tv,5,
167,430,314,333,168,0.698214,laptop,6,entrance
167,777,446,122,190,0.45215902,backpack,9,entrance
168,472,194,46,90,0.90777963,cell phone,1,entrance
168,539,328,33,53,0.8221319,mouse,2,entrance
168,409,304,203,77,0.7034912,keyboard,3,
168,1030,244,64,46,0.50166094,cup,4,
168,546,62,208,124,0.6238908,tv,5,
168,430,314,333,168,0.724563,laptop,6,entrance
168,777,447,123,189,0.3551392,backpack,9,entrance
169,472,194,46,90,0.9094704,cell phone,1,entrance
169,539,328,33,53,0.81944406,mouse,2,entrance
169,409,304,203,77,0.72234505,keyboard,3,
169,1030,244,64,46,0.514942,cup,4,
169,546,62,208,124,0.6286941,tv,5,
169,430,314,333,167,0.6333317,laptop,6,entrance
169,777,447,122,188,0.51436776,backpack,9,entrance
170,472,194,46,90,0.9080708,cell phone,1,entrance
170,539,328,33,53,0.8221151,mouse,2,entrance
170,409,304,203,77,0.71421576,keyboard,3,
170,1030,244,64,46,0.5282258,cup,4,
170,546,62,208,124,0.63276947,tv,5,
170,430,313,333,168,0.67015207,laptop,6,entrance
170,778,446,124,189,0.59236676,backpack,9,entrance
171,472,194,46,90,0.90858537,cell phone,1,entrance
171,539,328,33,53,0.80783343,mouse,2,entrance
171,409,304,203,77,0.7334243,keyboard,3,
171,1030,244,64,46,0.5316511,cup,4,
171,546,62,208,124,0.6203797,tv,5,
171,430,313,333,169,0.6497625,laptop,6,entrance
171,777,446,124,188,0.67484564,backpack,9,entrance
172,472,194,46,90,0.90830094,cell phone,1,entrance
172,539,328,33,53,0.8019121,mouse,2,entrance
172,409,304,203,77,0.73053604,keyboard,3,
172,1030,244,64,46,0.52260405,cup,4,
172,546,62,208,124,0.6225195,tv,5,
172,430,313,333,168,0.6831239,laptop,6,entrance
172,778,446,124,189,0.6551818,backpack,9,entrance
173,472,194,46,90,0.9085834,cell phone,1,entrance
173,539,328,33,53,0.7976664,mouse,2,entrance
173,409,304,203,77,0.7266715,keyboard,3,
173,1030,244,64,46,0.53618646,cup,4,
173,546,62,208,123,0.6098442,tv,5,
173,429,313,333,168,0.6172669,laptop,6,entrance
173,777,445,124,191,0.6991652,backpack,9,entrance
174,472,194,46,90,0.90879506,cell phone,1,entrance
174,539,328,33,53,0.80602264,mouse,2,entrance
174,409,304,203,76,0.71934736,keyboard,3,
174,1030,244,64,46,0.5396764,cup,4,
174,546,62,208,123,0.6183088,tv,5,
174,429,313,333,168,0.6171909,laptop,6,entrance
174,778,445,124,190,0.6284022,backpack,9,entrance
175,472,194,46,90,0.9061521,cell phone,1,entrance
175,539,328,33,53,0.81496173,mouse,2,entrance
175,409,304,203,77,0.7186803,keyboard,3,
175,1030,244,64,46,0.55171937,cup,4,
175,546,62,208,123,0.6069264,tv,5,
175,429,313,332,169,0.70692456,laptop,6,entrance
175,777,445,124,190,0.5503423,backpack,9,entrance
176,472,194,46,90,0.9065389,cell phone,1,entrance
176,539,328,33,53,0.8352279,mouse,2,entrance
176,409,304,203,77,0.71531874,keyboard,3,
176,1030,244,64,46,0.5373405,cup,4,
176,546,62,208,123,0.6077205,tv,5,
176,429,313,332,169,0.6441744,laptop,6,entrance
176,778,444,127,190,0.5220402,backpack,9,entrance
177,472,194,46,90,0.9074894,cell phone,1,entrance
177,539,328,33,53,0.8283299,mouse,2,entrance
177,409,304,203,77,0.7254798,keyboard,3,
177,1030,244,64,46,0.5502194,cup,4,
177,546,62,208,123,0.60456896,tv,5,
177,429,313,332,169,0.67713577,laptop,6,entrance
177,779,443,129,192,0.470956,backpack,9,entrance
178,472,194,46,90,0.90724355,cell phone,1,entrance
178,539,328,33,53,0.8273248,mouse,2,entrance
178,409,304,203,77,0.7221655,keyboard,3,
178,1030,244,64,46,0.55137116,cup,4,
178,546,62,208,123,0.60646975,tv,5,
178,429,313,332,168,0.68003345,laptop,6,entrance
178,781,442,132,194,0.3783293,backpack,9,entrance
179,472,194,46,90,0.90790755,cell phone,1,entrance
179,539,328,33,53,0.82753867,mouse,2,entrance
179,409,304,203,77,0.71488136,keyboard,3,
179,1030,244,64,46,0.56307185,cup,4,
179,546,62,208,123,0.6053471,tv,5,
179,429,313,332,169,0.71016616,laptop,6,entrance
179,782,442,135,195,0.32418913,backpack,9,entrance
180,472,194,46,90,0.90712416,cell phone,1,entrance
180,539,328,33,53,0.81247354,mouse,2,entrance
180,409,304,202,77,0.69740194,keyboard,3,
180,1030,244,64,46,0.56964374,cup,4,
180,546,62,208,123,0.59592694,tv,5,
180,430,313,333,168,0.7308213,laptop,6,entrance
180,781,442,133,194,0.22907014,backpack,9,entrance
181,472,194,46,90,0.9073044,cell phone,1,entrance
181,539,328,33,53,0.8265858,mouse,2,entrance
181,409,304,202,77,0.70559037,keyboard,3,
181,1030,244,64,46,0.5704706,cup,4,
181,546,62,208,123,0.5914202,tv,5,
181,429,313,333,168,0.70334476,laptop,6,entrance
181,779,445,127,188,0.25529036,backpack,9,entrance
182,472,194,46,90,0.90811974,cell phone,1,entrance
182,539,328,33,53,0.82791036,mouse,2,entrance
182,409,304,202,77,0.7129908,keyboard,3,
182,1030,244,64,46,0.5296049,cup,4,
182,546,62,208,123,0.58917785,tv,5,
182,429,313,333,168,0.7345747,laptop,6,entrance
182,778,446,124,186,0.32058,backpack,9,entrance
183,472,194,46,90,0.9087785,cell phone,1,entrance
183,539,328,33,53,0.8524001,mouse,2,entrance
183,409,304,203,77,0.73688334,keyboard,3,
183,1030,244,64,46,0.52971005,cup,4,
183,546,62,208,123,0.5999646,tv,5,
183,429,312,332,168,0.7127859,laptop,6,entrance
183,779,445,124,189,0.36674705,backpack,9,entrance
184,472,194,46,90,0.90831244,cell phone,1,entrance
184,539,328,33,53,0.8405862,mouse,2,entrance
184,409,304,203,77,0.7433293,keyboard,3,
184,1030,244,64,46,0.51903015,cup,4,
184,546,62,208,123,0.60363925,tv,5,
184,429,313,332,168,0.7346764,laptop,6,entrance
184,779,444,122,191,0.4442496,backpack,9,entrance
185,472,194,46,90,0.90739685,cell phone,1,entrance
185,539,328,33,53,0.8355765,mouse,2,entrance
185,409,304,203,76,0.7368749,keyboard,3,
185,1030,244,64,46,0.5145141,cup,4,
185,546,62,208,123,0.5983177,tv,5,
185,429,313,332,168,0.72631145,laptop,6,entrance
185,779,445,120,191,0.4598039,backpack,9,entrance
186,472,194,46,90,0.90899974,cell phone,1,entrance
186,539,328,33,53,0.82379097,mouse,2,entrance
186,409,304,203,76,0.74974984,keyboard,3,
186,1030,244,64,46,0.50929546,cup,4,
186,546,62,208,123,0.60899186,tv,5,
186,429,313,332,168,0.6575308,laptop,6,entrance
186,779,445,119,191,0.42931232,backpack,9,entrance
187,472,194,46,90,0.9094472,cell phone,1,entrance
187,539,328,33,53,0.81994486,mouse,2,entrance
187,409,304,203,76,0.74672025,keyboard,3,
187,1030,244,64,46,0.5122606,cup,4,
187,546,62,208,123,0.61534464,tv,5,
187,429,312,333,169,0.66346514,laptop,6,entrance
187,779,445,120,192,0.6268286,backpack,9,entrance
188,472,194,46,90,0.9101943,cell phone,1,entrance
188,539,328,33,53,0.823539,mouse,2,entrance
188,409,304,203,76,0.7542798,keyboard,3,
188,1030,244,64,46,0.40806574,cup,4,
188,546,62,208,124,0.61525154,tv,5,
188,429,312,333,169,0.64043057,laptop,6,entrance
188,779,445,120,191,0.61475486,backpack,9,entrance
189,472,194,46,90,0.9100055,cell phone,1,entrance
189,539,328,33,53,0.81983465,mouse,2,entrance
189,409,304,203,76,0.75508434,keyboard,3,
189,1030,244,64,46,0.39242926,cup,4,
189,546,62,208,124,0.607785,tv,5,
189,429,312,333,169,0.66973376,laptop,6,entrance
189,779,445,120,191,0.5981189,backpack,9,entrance
190,472,194,46,90,0.90855515,cell phone,1,entrance
190,539,328,33,53,0.81147295,mouse,2,entrance
190,409,304,203,76,0.7372456,keyboard,3,
190,1030,244,64,46,0.3939028,cup,4,
190,546,62,208,124,0.6024875,tv,5,
190,429,313,333,168,0.7292402,laptop,6,entrance
190,780,446,120,191,0.5385179,backpack,9,entrance
191,472,194,46,90,0.9082781,cell phone,1,entrance
191,539,328,33,53,0.8037678,mouse,2,entrance
191,409,304,203,76,0.7313436,keyboard,3,
191,1030,244,64,46,0.40038309,cup,4,
191,546,62,208,124,0.607257,tv,5,
191,429,313,333,168,0.72458816,laptop,6,entrance
191,780,446,121,190,0.5123717,backpack,9,entrance
192,472,194,46,90,0.9081311,cell phone,1,entrance
192,539,328,33,53,0.8013004,mouse,2,entrance
192,409,304,203,76,0.7431315,keyboard,3,
192,1030,244,64,46,0.38941717,cup,4,
192,546,62,208,124,0.6080685,tv,5,
192,430,313,333,168,0.7692304,laptop,6,entrance
192,781,446,121,191,0.50310034,backpack,9,entrance
193,472,194,46,90,0.907925,cell phone,1,entrance
193,539,328,33,53,0.8055346,mouse,2,entrance
193,409,304,203,76,0.7540483,keyboard,3,
193,1030,244,64,46,0.39469135,cup,4,
193,546,62,208,124,0.6045052,tv,5,
193,430,313,332,167,0.7694494,laptop,6,entrance
193,780,447,120,190,0.4647923,backpack,9,entrance
194,472,194,46,90,0.9089842,cell phone,1,entrance
194,539,328,33,53,0.7941666,mouse,2,entrance
194,409,304,203,77,0.7228006,keyboard,3,
194,1030,244,64,46,0.3844689,cup,4,
194,546,62,208,124,0.5961984,tv,5,
194,430,314,333,166,0.7863572,laptop,6,entrance
194,780,446,119,191,0.41785327,backpack,9,entrance
194,229,159,63,52,0.54570323,bottle,11,
195,472,194,46,90,0.9064474,cell phone,1,entrance
195,539,328,33,53,0.79092216,mouse,2,entrance
195,409,304,203,77,0.7208635,keyboard,3,
195,1030,244,64,46,0.42889667,cup,4,
195,546,62,208,124,0.59171987,tv,5,
195,430,314,333,166,0.79345125,laptop,6,entrance
195,781,446,121,192,0.32091507,backpack,9,entrance
195,230,160,63,52,0.5600734,bottle,11,
196,472,194,46,90,0.90757746,cell phone,1,entrance
196,539,328,33,53,0.762218,mouse,2,entrance
196,409,304,203,77,0.7231544,keyboard,3,
196,1030,244,64,46,0.47195858,cup,4,
196,546,62,208,124,0.5922188,tv,5,
196,430,314,333,166,0.7599215,laptop,6,entrance
196,783,444,128,192,0.31072178,backpack,9,entrance
196,229,159,63,52,0.5737727,bottle,11,
197,472,194,46,90,0.9071178,cell phone,1,entrance
197,539,328,33,53,0.74506277,mouse,2,entrance
197,409,304,203,77,0.71268237,keyboard,3,
197,1030,244,64,46,0.42617375,cup,4,
197,546,62,208,123,0.59525514,tv,5,
197,429,314,332,167,0.72760755,laptop,6,entrance
197,782,445,129,193,0.27563703,backpack,9,entrance
197,229,159,63,52,0.56651324,bottle,11,
198,472,194,46,90,0.9075794,cell phone,1,entrance
198,539,328,33,53,0.735962,mouse,2,entrance
198,409,304,203,77,0.70865923,keyboard,3,
198,1030,244,64,46,0.4162222,cup,4,
198,546,62,208,123,0.58445853,tv,5,
198,429,314,333,167,0.731,laptop,6,entrance
198,783,445,132,192,0.24134184,backpack,9,entrance
198,229,159,63,52,0.49937695,bottle,11,
199,472,194,46,90,0.90593576,cell phone,1,entrance
199,539,328,33,53,0.7519783,mouse,2,entrance
199,409,304,203,77,0.71477026,keyboard,3,
199,1030,244,64,46,0.4491737,cup,4,
199,546,62,208,123,0.5771825,tv,5,
199,429,314,333,167,0.7478656,laptop,6,entrance
199,782,446,131,191,0.3451085,backpack,9,entrance
199,229,159,63,52,0.5187929,bottle,11,
200,472,194,46,90,0.9069932,cell phone,1,entrance
200,539,328,33,53,0.7724065,mouse,2,entrance
200,409,304,203,77,0.7258284,keyboard,3,
200,1030,244,64,46,0.42198306,cup,4,
200,546,62,208,124,0.5983135,tv,5,
200,429,314,333,167,0.73703307,laptop,6,entrance
200,779,447,124,190,0.47807539,backpack,9,entrance
200,229,159,63,52,0.52167577,bottle,11,
201,472,194,46,90,0.9057823,cell phone,1,entrance
201,539,328,33,53,0.8117735,mouse,2,entrance
201,409,304,203,77,0.7407021,keyboard,3,
201,1030,244,64,46,0.4089282,cup,4,
201,546,62,208,124,0.59486103,tv,5,
201,429,314,332,167,0.7715107,laptop,6,entrance
201,778,450,120,186,0.50006944,backpack,9,entrance
201,229,159,63,52,0.5431368,bottle,11,
202,472,194,46,90,0.9073093,cell phone,1,entrance
202,539,328,33,53,0.81267214,mouse,2,entrance
202,409,304,203,77,0.73970413,keyboard,3,
202,1030,244,64,46,0.38555756,cup,4,
202,546,62,208,124,0.6000909,tv,5,
202,429,314,331,167,0.79908186,laptop,6,entrance
202,779,448,116,187,0.43475,backpack,9,entrance
202,229,159,63,52,0.5563776,bottle,11,
203,472,194,46,90,0.90791243,cell phone,1,entrance
203,539,328,33,53,0.8164506,mouse,2,entrance
203,409,304,203,76,0.75558054,keyboard,3,
203,1030,244,64,46,0.3751189,cup,4,
203,546,62,208,124,0.61077726,tv,5,
203,429,314,331,168,0.81757724,laptop,6,entrance
203,778,448,114,186,0.48276192,backpack,9,entrance
203,229,159,63,52,0.52533674,bottle,11,
204,472,194,46,90,0.9087292,cell phone,1,entrance
204,539,328,33,53,0.81409836,mouse,2,entrance
204,409,304,203,76,0.7466617,keyboard,3,
204,1030,244,64,46,0.35783613,cup,4,
204,546,62,208,124,0.6398091,tv,5,
204,430,314,331,168,0.79129416,laptop,6,entrance
204,778,449,113,185,0.46351984,backpack,9,entrance
204,229,159,63,52,0.5253002,bottle,11,
205,472,194,46,90,0.90708387,cell phone,1,entrance
205,539,328,33,53,0.82257164,mouse,2,entrance
205,409,304,203,76,0.7420015,keyboard,3,
205,1030,244,64,45,0.36081094,cup,4,
205,546,62,208,124,0.6457923,tv,5,
205,430,314,331,168,0.80788106,laptop,6,entrance
205,780,448,115,186,0.38005832,backpack,9,entrance
205,229,159,63,52,0.542422,bottle,11,
206,472,194,46,90,0.9072771,cell phone,1,entrance
206,539,328,33,53,0.8187978,mouse,2,entrance
206,409,304,203,77,0.74679714,keyboard,3,
206,1030,244,64,46,0.38835356,cup,4,
206,546,62,208,124,0.64553964,tv,5,
206,430,314,332,168,0.82738996,laptop,6,entrance
206,781,446,118,188,0.36222854,backpack,9,entrance
206,229,159,63,52,0.5859314,bottle,11,
207,472,194,46,90,0.90888876,cell phone,1,entrance
207,539,328,33,53,0.8159445,mouse,2,entrance
207,409,304,203,77,0.7554291,keyboard,3,
207,1030,244,64,46,0.40885973,cup,4,
207,546,62,208,124,0.6495174,tv,5,
207,430,314,332,168,0.84920686,laptop,6,entrance
207,782,446,125,189,0.21834166,backpack,9,entrance
207,230,159,63,52,0.58053726,bottle,11,
208,472,194,46,90,0.9087155,cell phone,1,entrance
208,539,328,33,53,0.8155954,mouse,2,entrance
208,409,304,203,77,0.7611602,keyboard,3,
208,1030,244,64,46,0.40388006,cup,4,
208,546,62,208,124,0.65244335,tv,5,
208,430,314,331,169,0.81648946,laptop,6,entrance
208,784,445,130,187,0.16202074,backpack,9,entrance
208,230,159,63,52,0.5982111,bottle,11,
209,472,194,46,90,0.9087323,cell phone,1,entrance
209,539,328,33,53,0.8245074,mouse,2,entrance
209,409,304,203,77,0.7685137,keyboard,3,
209,1030,244,64,46,0.40362749,cup,4,
209,546,62,208,124,0.6478669,tv,5,
209,430,314,331,169,0.8267712,laptop,6,entrance
209,783,445,129,189,0.2607232,backpack,9,entrance
209,230,159,63,52,0.59615743,bottle,11,
209,82,328,80,101,0.67224264,bottle,12,
210,472,194,46,90,0.90777576,cell phone,1,entrance
210,539,328,33,53,0.8279368,mouse,2,entrance
210,409,304,203,77,0.7681442,keyboard,3,
210,1030,244,64,46,0.39781702,cup,4,
210,546,62,208,124,0.64236253,tv,5,
210,430,314,330,169,0.8366312,laptop,6,entrance
210,781,446,126,189,0.3461026,backpack,9,entrance
210,230,159,63,52,0.6151051,bottle,11,
210,83,328,79,101,0.594416,bottle,12,
211,472,194,46,90,0.90834385,cell phone,1,entrance
211,539,328,33,53,0.8269563,mouse,2,entrance
211,409,304,203,77,0.7660159,keyboard,3,
211,1030,244,64,46,0.3807442,cup,4,
211,546,62,208,124,0.6453315,tv,5,
211,430,314,330,169,0.8186234,laptop,6,entrance
211,780,446,123,186,0.37039953,backpack,9,entrance
211,230,159,63,52,0.61602885,bottle,11,
211,83,328,79,101,0.5293979,bottle,12,
212,472,194,46,90,0.9095435,cell phone,1,entrance
212,539,328,33,53,0.8061058,mouse,2,entrance
212,409,304,203,77,0.75734174,keyboard,3,
212,1030,244,64,46,0.37469348,cup,4,
212,546,62,208,124,0.6432551,tv,5,
212,430,314,330,169,0.80869144,laptop,6,entrance
212,779,450,120,175,0.32494786,backpack,9,entrance
212,230,159,63,52,0.5837602,bottle,11,
212,83,328,79,101,0.39193907,bottle,12,
213,472,194,46,90,0.91064966,cell phone,1,entrance
213,539,328,33,53,0.80189157,mouse,2,entrance
213,409,304,203,77,0.7466175,keyboard,3,
213,1030,244,64,46,0.36774588,cup,4,
213,546,62,208,124,0.64714414,tv,5,
213,430,314,331,168,0.80796176,laptop,6,entrance
213,779,450,119,177,0.37351397,backpack,9,entrance
213,230,159,63,52,0.5630379,bottle,11,
213,83,329,79,102,0.41220567,bottle,12,
214,472,194,46,90,0.9099346,cell phone,1,entrance
214,539,328,33,53,0.8064461,mouse,2,entrance
214,409,304,203,77,0.75116885,keyboard,3,
214,1030,244,64,46,0.39438373,cup,4,
214,546,62,208,124,0.6481566,tv,5,
214,430,314,331,168,0.80517566,laptop,6,entrance
214,779,448,119,178,0.30642736,backpack,9,entrance
214,230,159,63,52,0.545806,bottle,11,
214,83,329,79,102,0.22587045,bottle,12,
215,472,194,46,90,0.91,cell phone,1,entrance
215,539,328,33,53,0.8069677,mouse,2,entrance
215,409,304,203,77,0.7503421,keyboard,3,
215,1030,244,64,46,0.3924661,cup,4,
215,546,62,208,124,0.64569354,tv,5,
215,430,314,331,168,0.80536014,laptop,6,entrance
215,779,448,120,180,0.37959585,backpack,9,entrance
215,230,159,63,52,0.5641229,bottle,11,
215,83,329,79,102,0.23439403,bottle,12,
216,472,194,46,90,0.9094133,cell phone,1,entrance
216,539,328,33,53,0.8011789,mouse,2,entrance
216,409,304,203,77,0.75148183,keyboard,3,
216,1030,244,64,46,0.4278009,cup,4,
216,546,62,208,124,0.6458546,tv,5,
216,430,314,331,168,0.7962086,laptop,6,entrance
216,781,445,126,182,0.2716231,backpack,9,entrance
216,229,159,63,53,0.5266577,bottle,11,
216,83,329,79,102,0.25918326,bottle,12,
217,472,194,46,90,0.90916634,cell phone,1,entrance
217,539,328,33,53,0.80801374,mouse,2,entrance
217,409,304,203,77,0.74773407,keyboard,3,
217,1030,244,64,46,0.44555658,cup,4,
217,546,62,208,124,0.64562744,tv,5,
217,430,314,331,168,0.80280346,laptop,6,entrance
217,784,442,131,184,0.18815401,backpack,9,entrance
217,229,159,63,52,0.540838,bottle,11,
217,83,329,78,101,0.24199289,bottle,12,
218,472,194,46,90,0.90810734,cell phone,1,entrance
218,539,328,33,53,0.80601937,mouse,2,entrance
218,409,304,203,77,0.74385506,keyboard,3,
218,1030,244,64,46,0.41787207,cup,4,
218,546,62,208,124,0.63753074,tv,5,
218,429,314,331,168,0.7732726,laptop,6,entrance
218,782,444,128,184,0.1931791,backpack,9,entrance
218,229,159,63,52,0.5074194,bottle,11,
218,83,329,79,102,0.23646215,bottle,12,
219,472,194,46,90,0.90764546,cell phone,1,entrance
219,539,328,33,53,0.80347687,mouse,2,entrance
219,409,304,203,77,0.7357392,keyboard,3,
219,1030,244,64,46,0.38988703,cup,4,
219,546,62,208,124,0.63557017,tv,5,
219,429,314,331,168,0.781659,laptop,6,entrance
219,781,445,126,182,0.3219772,backpack,9,entrance
219,229,159,63,52,0.51457787,bottle,11,
219,83,329,79,102,0.27481657,bottle,12,
220,472,194,46,90,0.9065402,cell phone,1,entrance
220,539,328,33,53,0.80203027,mouse,2,entrance
220,409,304,203,77,0.74334854,keyboard,3,
220,1030,244,64,46,0.37477553,cup,4,
220,546,62,208,124,0.6314187,tv,5,
220,429,314,331,167,0.76593673,laptop,6,entrance
220,778,451,118,172,0.28438574,backpack,9,entrance
220,229,159,63,52,0.5291466,bottle,11,
220,83,329,79,102,0.20367265,bottle,12,
221,472,194,46,90,0.9064294,cell phone,1,entrance
221,539,328,33,53,0.8086703,mouse,2,entrance
221,409,304,203,77,0.74124175,keyboard,3,
221,1030,244,64,46,0.37583032,cup,4,
221,546,62,208,124,0.6371202,tv,5,
221,429,314,331,167,0.76114786,laptop,6,entrance
221,778,451,117,171,0.19479407,backpack,9,entrance
221,229,159,63,52,0.54816365,bottle,11,
221,83,329,79,102,0.35888806,bottle,12,
222,472,194,46,90,0.90621585,cell phone,1,entrance
222,539,328,33,53,0.81240344,mouse,2,entrance
222,409,304,203,77,0.7479075,keyboard,3,
222,1030,244,64,46,0.36932975,cup,4,
222,546,62,208,124,0.635747,tv,5,
222,429,314,330,168,0.7361608,laptop,6,entrance
222,778,450,117,171,0.307687,backpack,9,entrance
222,229,159,63,52,0.5004614,bottle,11,
222,83,329,80,103,0.51972425,bottle,12,
223,472,194,46,90,0.90592116,cell phone,1,entrance
223,539,328,33,53,0.80818254,mouse,2,entrance
223,409,304,203,77,0.7494408,keyboard,3,
223,1030,244,64,46,0.3887916,cup,4,
223,546,62,208,124,0.6286043,tv,5,
223,429,314,330,168,0.7127104,laptop,6,entrance
223,778,449,118,173,0.2752207,backpack,9,entrance
223,230,159,63,52,0.45107222,bottle,11,
223,83,329,80,103,0.5382699,bottle,12,
224,472,194,46,90,0.9066623,cell phone,1,entrance
224,539,328,33,53,0.804655,mouse,2,entrance
224,409,304,203,76,0.7482533,keyboard,3,
224,1030,244,64,46,0.42058593,cup,4,
224,546,62,208,124,0.62989414,tv,5,
224,429,314,330,168,0.6780668,laptop,6,entrance
224,779,448,121,176,0.29789257,backpack,9,entrance
224,230,160,63,53,0.49844658,bottle,11,
224,83,329,79,103,0.4967258,bottle,12,
225,472,194,46,90,0.9063213,cell phone,1,entrance
225,539,328,33,53,0.8086266,mouse,2,entrance
225,409,304,203,76,0.7435935,keyboard,3,
225,1030,244,64,46,0.45300406,cup,4,
225,546,62,208,124,0.6329167,tv,5,
225,429,314,330,168,0.71060336,laptop,6,entrance
225,780,446,123,181,0.11675885,backpack,9,entrance
225,230,159,63,53,0.45236996,bottle,11,
225,83,329,79,103,0.5489449,bottle,12,
226,472,194,46,90,0.9080354,cell phone,1,entrance
226,539,328,33,53,0.8114058,mouse,2,entrance
226,409,304,203,76,0.7512722,keyboard,3,
226,1030,244,64,46,0.4557572,cup,4,
226,546,62,208,124,0.6375412,tv,5,
226,429,314,330,168,0.7180525,laptop,6,entrance
226,779,447,119,179,0.24084616,backpack,9,entrance
226,230,159,63,52,0.5385228,bottle,11,
226,83,329,79,103,0.5260601,bottle,12,
227,472,194,46,90,0.9088338,cell phone,1,entrance
227,539,328,33,53,0.8035772,mouse,2,entrance
227,409,304,203,76,0.7469368,keyboard,3,
227,1030,244,64,46,0.40217185,cup,4,
227,546,62,208,124,0.63490504,tv,5,
227,429,314,330,168,0.70858717,laptop,6,entrance
227,778,448,117,177,0.1955934,backpack,9,entrance
227,229,159,63,52,0.527377,bottle,11,
227,83,329,79,103,0.5708374,bottle,12,
228,472,194,46,90,0.9102952,cell phone,1,entrance
228,539,328,33,53,0.78356683,mouse,2,entrance
228,409,304,203,77,0.74437344,keyboard,3,
228,1030,244,64,46,0.39677855,cup,4,
228,546,62,208,124,0.6236199,tv,5,
228,429,314,331,167,0.73921096,laptop,6,entrance
228,778,447,119,177,0.32463178,backpack,9,entrance
228,229,159,63,52,0.52991736,bottle,11,
228,83,329,80,103,0.6593108,bottle,12,
229,472,194,46,90,0.90841955,cell phone,1,entrance
229,539,328,33,53,0.8019829,mouse,2,entrance
229,409,304,203,77,0.7344585,keyboard,3,
229,1030,244,64,46,0.4045706,cup,4,
229,546,62,208,124,0.62529784,tv,5,
229,429,314,331,167,0.72863525,laptop,6,entrance
229,778,450,117,172,0.137154,backpack,9,entrance
229,229,159,63,52,0.53449583,bottle,11,
229,83,329,80,103,0.6604545,bottle,12,
230,472,194,46,90,0.9090957,cell phone,1,entrance
230,539,328,33,53,0.7984993,mouse,2,entrance
230,409,304,203,77,0.7240514,keyboard,3,
230,1030,244,64,46,0.40807697,cup,4,
230,546,62,208,124,0.6205315,tv,5,
230,430,314,332,167,0.763294,laptop,6,entrance
230,777,453,115,165,0.23388079,backpack,9,entrance
230,229,159,63,52,0.5362837,bottle,11,
230,82,329,80,103,0.65637094,bottle,12,
231,472,194,46,90,0.9097349,cell phone,1,entrance
231,539,328,33,53,0.80993515,mouse,2,entrance
231,409,304,203,77,0.7318501,keyboard,3,
231,1030,244,64,46,0.42632517,cup,4,
231,546,62,208,124,0.6215103,tv,5,
231,429,314,332,167,0.7145775,laptop,6,entrance
231,778,450,116,172,0.30675912,backpack,9,entrance
231,229,160,63,52,0.5234367,bottle,11,
231,82,329,80,104,0.6986901,bottle,12,
232,472,194,46,90,0.9095092,cell phone,1,entrance
232,539,328,33,53,0.79283893,mouse,2,entrance
232,409,304,203,77,0.73615336,keyboard,3,
232,1030,244,64,46,0.4140035,cup,4,
232,546,62,208,124,0.61691743,tv,5,
232,429,314,331,167,0.689329,laptop,6,entrance
232,778,450,118,173,0.39081097,backpack,9,entrance
232,229,160,63,52,0.48984778,bottle,11,
232,82,329,80,103,0.6428149,bottle,12,
233,472,194,46,90,0.90777045,cell phone,1,entrance
233,539,328,33,53,0.8003796,mouse,2,entrance
233,409,304,203,77,0.7414415,keyboard,3,
233,1030,244,64,46,0.44236732,cup,4,
233,546,62,208,124,0.6267857,tv,5,
233,429,314,331,167,0.6402744,laptop,6,entrance
233,778,446,118,180,0.16419062,backpack,9,entrance
233,229,160,63,52,0.51167905,bottle,11,
233,82,329,80,103,0.65883744,bottle,12,
234,472,194,46,90,0.90823174,cell phone,1,entrance
234,539,328,33,53,0.79493886,mouse,2,entrance
234,409,304,203,77,0.7309424,keyboard,3,
234,1030,244,64,46,0.46119797,cup,4,
234,546,62,208,124,0.6327729,tv,5,
234,429,314,331,167,0.693299,laptop,6,entrance
234,780,446,121,182,0.15438657,backpack,9,entrance
234,229,160,63,52,0.53755707,bottle,11,
234,82,329,81,103,0.63583153,bottle,12,
235,472,194,46,90,0.9090525,cell phone,1,entrance
235,539,328,33,53,0.81415504,mouse,2,entrance
235,409,304,203,77,0.7369938,keyboard,3,
235,1030,244,64,46,0.46567217,cup,4,
235,546,62,208,124,0.63306993,tv,5,
235,429,314,331,167,0.68644077,laptop,6,entrance
235,229,159,63,52,0.50426537,bottle,11,
235,82,329,81,103,0.5512183,bottle,12,
236,472,194,46,90,0.9086567,cell phone,1,entrance
236,539,328,33,53,0.76520383,mouse,2,entrance
236,409,304,203,77,0.7272197,keyboard,3,
236,1030,244,64,46,0.38340247,cup,4,
236,546,62,208,124,0.63592964,tv,5,
236,429,314,332,166,0.6696117,laptop,6,entrance
236,229,159,63,52,0.5443996,bottle,11,
236,82,329,81,103,0.56682587,bottle,12,
237,472,194,46,90,0.9085621,cell phone,1,entrance
237,539,328,33,53,0.78877115,mouse,2,entrance
237,409,304,203,77,0.70884395,keyboard,3,
237,1030,244,64,46,0.3863039,cup,4,
237,546,62,208,124,0.6200281,tv,5,
237,430,314,332,166,0.7398071,laptop,6,entrance
237,229,159,63,52,0.5537367,bottle,11,
237,82,329,81,103,0.5956536,bottle,12,
238,472,194,46,90,0.90880674,cell phone,1,entrance
238,539,328,33,53,0.78889376,mouse,2,entrance
238,409,304,203,77,0.7137844,keyboard,3,
238,1030,244,64,46,0.40540916,cup,4,
238,546,62,208,124,0.6249388,tv,5,
238,430,313,332,167,0.7607283,laptop,6,entrance
238,229,159,63,52,0.5623001,bottle,11,
238,82,329,81,103,0.6201991,bottle,12,
239,472,194,46,90,0.90887487,cell phone,1,entrance
239,539,328,33,53,0.8026149,mouse,2,entrance
239,409,304,203,77,0.7310103,keyboard,3,
239,1030,244,64,46,0.39885718,cup,4,
239,546,62,208,124,0.619777,tv,5,
239,430,313,332,167,0.74994445,laptop,6,entrance
239,230,159,63,52,0.52913296,bottle,11,
239,82,329,80,103,0.60499656,bottle,12,
240,472,194,46,90,0.9092939,cell phone,1,entrance
240,539,328,33,53,0.7855391,mouse,2,entrance
240,409,304,203,77,0.7272669,keyboard,3,
240,1030,244,64,46,0.39199886,cup,4,
240,546,62,208,124,0.61689925,tv,5,
240,430,313,332,167,0.75634354,laptop,6,entrance
240,230,159,63,52,0.52198166,bottle,11,
240,82,329,80,103,0.6246228,bottle,12,
241,472,194,46,90,0.908444,cell phone,1,entrance
241,539,328,33,53,0.7767085,mouse,2,entrance
241,409,304,203,77,0.73293793,keyboard,3,
241,1030,244,64,46,0.43192548,cup,4,
241,546,62,208,124,0.6156628,tv,5,
241,430,313,331,167,0.73177934,laptop,6,entrance
241,230,159,63,52,0.5512347,bottle,11,
241,82,329,80,103,0.62762785,bottle,12,
242,472,194,46,90,0.90909296,cell phone,1,entrance
242,539,328,33,53,0.7946613,mouse,2,entrance
242,409,304,203,77,0.7405661,keyboard,3,
242,1030,244,64,46,0.43078074,cup,4,
242,546,62,208,124,0.6252378,tv,5,
242,429,313,331,167,0.72662014,laptop,6,entrance
242,230,159,63,52,0.48504007,bottle,11,
242,83,329,80,103,0.63184947,bottle,12,
243,472,194,46,90,0.90937954,cell phone,1,entrance
243,539,328,33,53,0.79611385,mouse,2,entrance
243,409,304,203,77,0.7525219,keyboard,3,
243,1030,244,64,46,0.4619647,cup,4,
243,546,62,207,124,0.63742775,tv,5,
243,429,313,331,167,0.6946455,laptop,6,entrance
243,230,159,63,52,0.49914086,bottle,11,
243,83,329,80,103,0.65013397,bottle,12,
244,472,194,46,90,0.91064316,cell phone,1,entrance
244,539,328,33,53,0.78887486,mouse,2,entrance
244,409,304,203,77,0.74747413,keyboard,3,
244,1030,244,64,46,0.40720248,cup,4,
244,546,62,208,124,0.62114143,tv,5,
244,429,313,331,167,0.7210803,laptop,6,entrance
244,230,159,63,52,0.48225313,bottle,11,
244,83,329,80,103,0.6430533,bottle,12,
245,472,194,46,90,0.90972006,cell phone,1,entrance
245,539,328,33,53,0.798009,mouse,2,entrance
245,409,304,203,77,0.743836,keyboard,3,
245,1030,244,64,46,0.41613626,cup,4,
245,546,62,208,124,0.6243777,tv,5,
245,429,313,331,167,0.71549433,laptop,6,entrance
245,230,159,63,52,0.5104867,bottle,11,
245,83,329,80,103,0.6746894,bottle,12,
246,472,194,46,90,0.90925336,cell phone,1,entrance
246,539,328,33,53,0.8279218,mouse,2,entrance
246,409,304,203,76,0.74832493,keyboard,3,
246,1030,244,64,46,0.43426627,cup,4,
246,546,62,208,124,0.6243341,tv,5,
246,429,313,331,167,0.712815,laptop,6,entrance
246,230,159,63,52,0.5077694,bottle,11,
246,83,329,80,103,0.65019846,bottle,12,
247,472,194,46,90,0.9085237,cell phone,1,entrance
247,539,328,33,53,0.82164896,mouse,2,entrance
247,409,304,203,76,0.73558265,keyboard,3,
247,1030,244,64,46,0.46795824,cup,4,
247,546,62,208,124,0.6318989,tv,5,
247,429,313,331,168,0.6492014,laptop,6,entrance
247,230,159,63,52,0.49420848,bottle,11,
247,83,329,80,103,0.682052,bottle,12,
248,472,194,46,90,0.90819967,cell phone,1,entrance
248,539,328,33,53,0.80550647,mouse,2,entrance
248,409,304,203,76,0.720814,keyboard,3,
248,1030,244,64,46,0.4595662,cup,4,
248,546,62,208,124,0.6212259,tv,5,
248,429,313,332,168,0.65438336,laptop,6,entrance
248,230,159,63,52,0.47266367,bottle,11,
248,83,329,80,103,0.6896823,bottle,12,
249,472,194,46,90,0.9082254,cell phone,1,entrance
249,539,328,33,53,0.79863065,mouse,2,entrance
249,409,304,203,76,0.72496766,keyboard,3,
249,1030,244,64,46,0.45851305,cup,4,
249,546,62,208,124,0.6271727,tv,5,
249,429,313,332,168,0.68928033,laptop,6,entrance
249,230,159,63,52,0.4846804,bottle,11,
249,83,329,80,103,0.6377391,bottle,12,
250,472,194,46,90,0.9213082,cell phone,1,entrance
250,539,328,34,51,0.84243125,mouse,2,entrance
250,409,303,206,76,0.71388155,keyboard,3,
250,1030,245,65,46,0.444901,bottle,4,
250,545,61,205,122,0.4707452,tv,5,
250,429,313,333,167,0.4179996,laptop,6,entrance
250,230,159,64,51,0.47574317,bottle,11,
250,82,328,80,103,0.46990463,bottle,12,
251,472,194,46,90,0.92132914,cell phone,1,entrance
251,539,328,34,50,0.84949934,mouse,2,entrance
251,409,303,207,76,0.7239537,keyboard,3,
251,1030,245,65,46,0.45011365,bottle,4,
251,545,61,204,121,0.46405002,tv,5,
251,429,313,334,166,0.3974601,laptop,6,entrance
251,230,159,64,51,0.45410523,bottle,11,
251,82,328,80,102,0.40079027,bottle,12,
252,472,194,46,90,0.92041045,cell phone,1,entrance
252,539,328,34,50,0.85251904,mouse,2,entrance
252,409,303,208,76,0.6986791,keyboard,3,
252,1030,245,65,46,0.44307554,bottle,4,
252,544,61,204,120,0.4521392,tv,5,
252,429,313,334,166,0.46054354,laptop,6,entrance
252,230,159,64,51,0.47003183,bottle,11,
252,83,328,79,102,0.3838589,bottle,12,
253,472,193,46,90,0.9214589,cell phone,1,entrance
253,539,328,34,50,0.85739714,mouse,2,entrance
253,409,303,208,76,0.70651495,keyboard,3,
253,1030,245,65,46,0.46429977,bottle,4,
253,544,61,203,120,0.45771256,tv,5,
253,428,313,334,166,0.49008518,laptop,6,entrance
253,230,159,64,51,0.45626262,bottle,11,
253,83,328,79,101,0.44943234,bottle,12,
254,472,193,46,90,0.9220497,cell phone,1,entrance
254,539,328,34,50,0.8543651,mouse,2,entrance
254,409,303,208,76,0.7213969,keyboard,3,
254,1030,245,66,46,0.44315094,bottle,4,
254,544,61,203,120,0.47473815,tv,5,
254,429,313,334,166,0.46667188,laptop,6,entrance
254,230,159,64,51,0.50050664,bottle,11,
254,83,328,79,101,0.5133758,bottle,12,
255,472,193,46,90,0.92224455,cell phone,1,entrance
255,539,328,34,50,0.85970515,mouse,2,entrance
255,409,303,208,76,0.7051676,keyboard,3,
255,1030,245,66,46,0.44468877,bottle,4,
255,544,61,204,121,0.4825324,tv,5,
255,429,313,334,166,0.45624322,laptop,6,entrance
255,230,159,64,51,0.5096333,bottle,11,
255,83,329,79,100,0.43539873,bottle,12,
256,472,194,46,90,0.9227803,cell phone,1,entrance
256,539,328,34,50,0.85420525,mouse,2,entrance
256,409,303,205,76,0.6963773,keyboard,3,
256,1030,245,66,46,0.44075158,bottle,4,
256,544,61,204,121,0.4861214,tv,5,
256,429,313,334,167,0.49385515,laptop,6,entrance
256,230,159,64,51,0.48855826,bottle,11,
256,83,328,79,101,0.588789,bottle,12,
257,472,193,45,90,0.9198797,cell phone,1,entrance
257,539,328,34,50,0.8530776,mouse,2,entrance
257,410,303,204,76,0.70875293,keyboard,3,
257,1030,245,66,46,0.42953464,bottle,4,
257,544,61,203,121,0.4820741,tv,5,
257,429,313,334,167,0.5301422,laptop,6,entrance
257,230,159,64,51,0.48286977,bottle,11,
257,83,328,79,101,0.58741266,bottle,12,
258,472,193,45,90,0.9199742,cell phone,1,entrance
258,539,328,34,50,0.8608212,mouse,2,entrance
258,409,303,206,76,0.7349166,keyboard,3,
258,1030,245,65,45,0.42078263,bottle,4,
258,544,61,203,120,0.48848367,tv,5,
258,429,313,334,167,0.4446347,laptop,6,entrance
258,230,159,64,51,0.4745145,bottle,11,
258,82,328,79,102,0.5231027,bottle,12,
259,472,193,45,90,0.9190341,cell phone,1,entrance
259,539,328,34,50,0.8549266,mouse,2,entrance
259,409,303,205,76,0.71808815,keyboard,3,
259,1030,245,65,45,0.41642696,bottle,4,
259,544,61,203,120,0.4744508,tv,5,
259,429,313,334,166,0.55047446,laptop,6,entrance
259,230,160,64,52,0.4891975,bottle,11,
259,82,328,80,102,0.48424974,bottle,12,
260,472,193,45,90,0.9202478,cell phone,1,entrance
260,539,328,34,50,0.8531237,mouse,2,entrance
260,409,303,207,76,0.72647697,keyboard,3,
260,1030,245,66,45,0.39369813,bottle,4,
260,544,61,203,120,0.47975662,tv,5,
260,429,313,334,166,0.48916268,laptop,6,entrance
260,230,159,64,51,0.5171284,bottle,11,
260,82,328,80,102,0.52069694,bottle,12,
261,472,193,45,90,0.9218303,cell phone,1,entrance
261,539,328,34,50,0.8500425,mouse,2,entrance
261,409,303,207,76,0.71280664,keyboard,3,
261,1030,245,65,46,0.4039581,bottle,4,
261,544,61,203,120,0.4812325,tv,5,
261,429,313,334,166,0.52654576,laptop,6,entrance
261,230,159,64,51,0.4513637,bottle,11,
261,82,328,80,102,0.5227507,bottle,12,
262,472,193,45,90,0.9204541,cell phone,1,entrance
262,539,328,34,50,0.8554577,mouse,2,entrance
262,408,303,208,76,0.72872096,keyboard,3,
262,1030,245,65,46,0.43443096,bottle,4,
262,544,61,203,120,0.48338386,tv,5,
262,429,313,334,166,0.40475604,laptop,6,entrance
262,230,159,64,51,0.48164645,bottle,11,
262,82,328,80,102,0.49047697,bottle,12,
263,472,193,45,90,0.9195911,cell phone,1,entrance
263,539,328,34,50,0.8447589,mouse,2,entrance
263,408,303,208,76,0.71465945,keyboard,3,
263,1030,245,65,46,0.43751243,bottle,4,
263,544,61,203,120,0.49750566,tv,5,
263,429,313,334,166,0.43339357,laptop,6,entrance
263,230,159,63,51,0.46903497,bottle,11,
263,82,328,81,102,0.45315737,bottle,12,
263,780,448,123,200,0.5275939,backpack,9,entrance
264,472,193,45,90,0.9199036,cell phone,1,entrance
264,539,328,34,50,0.8373832,mouse,2,entrance
264,409,303,208,76,0.6919031,keyboard,3,
264,1030,245,65,46,0.43255213,bottle,4,
264,544,61,203,120,0.48241267,tv,5,
264,429,313,334,166,0.41142175,laptop,6,entrance
264,230,160,63,51,0.46838748,bottle,11,
264,82,329,79,101,0.42008102,bottle,12,
264,780,449,120,197,0.43522325,backpack,9,entrance
265,472,193,45,90,0.9199103,cell phone,1,entrance
265,539,328,34,50,0.8477693,mouse,2,entrance
265,409,303,205,76,0.6868792,keyboard,3,
265,1030,245,65,46,0.4309288,bottle,4,
265,544,61,203,120,0.48731107,tv,5,
265,429,313,335,167,0.3995963,laptop,6,entrance
265,230,160,63,51,0.45063424,bottle,11,
265,82,330,79,99,0.3349019,bottle,12,
265,781,450,121,196,0.72463864,backpack,9,entrance
265,20,109,40,146,0.56097394,person,14,
266,472,193,45,90,0.92030525,cell phone,1,entrance
266,539,328,34,50,0.85505146,mouse,2,entrance
266,409,303,207,76,0.7013247,keyboard,3,
266,1030,245,65,45,0.43604094,bottle,4,
266,544,61,203,120,0.48738435,tv,5,
266,429,313,335,166,0.37880647,laptop,6,entrance
266,230,160,63,51,0.47722724,bottle,11,
266,82,330,80,100,0.33966792,bottle,12,
266,782,452,124,194,0.6648029,backpack,9,entrance
266,20,99,41,116,0.39164433,person,14,
267,472,193,46,90,0.9197689,cell phone,1,entrance
267,539,328,34,50,0.85328144,mouse,2,entrance
267,409,303,205,76,0.71009874,keyboard,3,
267,1030,245,65,45,0.42659393,bottle,4,
267,544,61,203,120,0.48327565,tv,5,
267,428,313,335,166,0.4358973,laptop,6,entrance
267,230,160,63,52,0.30805716,cup,11,
267,82,329,79,98,0.59244543,banana,12,
267,782,456,124,185,0.7615216,backpack,9,entrance
268,472,193,45,90,0.91957563,cell phone,1,entrance
268,539,328,34,50,0.8497555,mouse,2,entrance
268,409,303,207,76,0.726149,keyboard,3,
268,1030,245,65,45,0.43199307,bottle,4,
268,544,61,203,120,0.47157615,tv,5,
268,429,313,334,166,0.508038,laptop,6,entrance
268,230,160,63,51,0.4615323,bottle,11,
268,781,463,121,170,0.6333694,backpack,9,entrance
269,472,193,45,90,0.91871125,cell phone,1,entrance
269,539,328,34,50,0.8467508,mouse,2,entrance
269,409,303,207,76,0.73654497,keyboard,3,
269,1030,245,65,45,0.43284774,bottle,4,
269,544,61,203,120,0.47862864,tv,5,
269,429,313,334,166,0.53386587,laptop,6,entrance
269,230,159,63,51,0.46606082,bottle,11,
269,780,455,121,186,0.6348695,backpack,9,entrance
270,472,193,46,90,0.91952705,cell phone,1,entrance
270,539,328,34,50,0.846182,mouse,2,entrance
270,409,303,205,76,0.7242326,keyboard,3,
270,1030,245,65,45,0.43304107,bottle,4,
270,544,61,203,120,0.47203076,tv,5,
270,429,313,334,166,0.49595368,laptop,6,entrance
270,230,159,63,51,0.46821117,bottle,11,
270,781,451,123,194,0.50812835,backpack,9,entrance
271,472,193,46,90,0.9199865,cell phone,1,entrance
271,539,328,34,50,0.8465675,mouse,2,entrance
271,410,303,204,76,0.72494876,keyboard,3,
271,1030,245,65,45,0.44775635,bottle,4,
271,544,61,203,121,0.47138053,tv,5,
271,429,313,334,166,0.53697133,laptop,6,entrance
271,230,160,64,51,0.44145712,bottle,11,
271,781,445,122,190,0.1738183,backpack,9,entrance
271,150,518,300,390,0.72732127,person,16,
272,472,193,46,90,0.9182572,cell phone,1,entrance
272,539,328,34,50,0.85227406,mouse,2,entrance
272,410,303,204,76,0.72410697,keyboard,3,
272,1030,245,65,46,0.47992653,bottle,4,
272,544,61,204,121,0.47148126,tv,5,
272,429,313,334,167,0.5380968,laptop,6,entrance
272,230,160,63,51,0.45607895,bottle,11,
272,782,451,125,191,0.21772464,backpack,9,entrance
272,150,520,300,387,0.5522905,person,16,
273,472,193,46,90,0.9181353,cell phone,1,entrance
273,539,328,34,50,0.85245293,mouse,2,entrance
273,410,303,204,75,0.71757966,keyboard,3,
273,1030,245,65,46,0.4764563,bottle,4,
273,544,61,203,121,0.4706721,tv,5,
273,428,313,334,167,0.5199527,laptop,6,entrance
273,230,160,63,51,0.4539959,bottle,11,
273,782,461,124,178,0.48786396,backpack,9,entrance
273,150,523,301,381,0.59737486,person,16,
274,472,194,46,90,0.91893625,cell phone,1,entrance
274,539,328,34,50,0.85124123,mouse,2,entrance
274,410,303,204,75,0.72755843,keyboard,3,
274,1030,245,65,46,0.46558604,bottle,4,
274,544,61,203,121,0.4759267,tv,5,
274,428,312,334,167,0.5364953,laptop,6,entrance
274,230,160,64,51,0.44331852,bottle,11,
274,782,467,124,169,0.47608316,backpack,9,entrance
274,149,528,298,373,0.7059071,person,16,
275,472,194,46,90,0.91739655,cell phone,1,entrance
275,539,328,34,50,0.851931,mouse,2,entrance
275,410,303,204,75,0.73701197,keyboard,3,
275,1030,245,66,46,0.49190503,bottle,4,
275,544,61,204,121,0.46856225,tv,5,
275,428,313,334,167,0.57489234,laptop,6,entrance
275,230,160,64,51,0.43952593,bottle,11,
275,782,467,124,168,0.36549664,backpack,9,entrance
275,149,534,297,362,0.66680914,person,16,
276,472,194,46,90,0.9181023,cell phone,1,entrance
276,539,328,34,50,0.8460755,mouse,2,entrance
276,409,303,204,76,0.73475176,keyboard,3,
276,1030,245,65,46,0.47471982,bottle,4,
276,544,61,204,121,0.4684682,tv,5,
276,428,312,334,167,0.56621003,laptop,6,entrance
276,230,160,64,51,0.42014292,bottle,11,
276,782,466,124,170,0.46279657,backpack,9,entrance
276,149,536,297,356,0.8465279,person,16,
277,472,194,46,90,0.9192999,cell phone,1,entrance
277,539,328,34,50,0.8508451,mouse,2,entrance
277,409,303,204,76,0.74356824,keyboard,3,
277,1030,245,65,46,0.46490523,bottle,4,
277,544,61,204,121,0.4809815,tv,5,
277,428,312,334,168,0.54249257,laptop,6,entrance
277,230,160,64,52,0.473284,bottle,11,
277,783,465,125,174,0.56788635,backpack,9,entrance
277,149,542,297,345,0.69091344,person,16,
278,472,194,46,90,0.91711664,cell phone,1,entrance
278,539,328,34,50,0.84297234,mouse,2,entrance
278,409,303,204,75,0.73801506,keyboard,3,
278,1030,245,65,45,0.48284015,bottle,4,
278,544,61,204,121,0.47834697,tv,5,
278,428,312,335,168,0.509795,laptop,6,entrance
278,230,160,64,51,0.4667361,bottle,11,
278,783,464,125,176,0.5953447,backpack,9,entrance
278,149,550,297,330,0.5859334,person,16,
279,472,194,46,90,0.91544753,cell phone,1,entrance
279,539,328,34,50,0.85119605,mouse,2,entrance
279,409,303,206,76,0.7382095,keyboard,3,
279,1030,245,65,45,0.48859742,bottle,4,
279,544,61,204,121,0.4804593,tv,5,
279,428,312,335,168,0.5151138,laptop,6,entrance
279,230,160,63,51,0.42949986,bottle,11,
279,783,462,126,178,0.4555068,backpack,9,entrance
279,150,556,298,319,0.44446042,person,16,
280,472,194,46,90,0.91456085,cell phone,1,entrance
280,539,328,34,50,0.855784,mouse,2,entrance
280,409,303,207,76,0.7509051,keyboard,3,
280,1030,245,65,45,0.46645477,bottle,4,
280,544,61,204,121,0.4850611,tv,5,
280,428,312,334,168,0.5189057,laptop,6,entrance
280,230,160,63,51,0.4266623,bottle,11,
280,784,461,126,180,0.49500626,backpack,9,entrance
281,472,194,46,90,0.9145744,cell phone,1,entrance
281,539,328,34,50,0.8685038,mouse,2,entrance
281,408,303,208,76,0.76197,keyboard,3,
281,1030,245,65,45,0.44778007,bottle,4,
281,544,61,204,121,0.5056454,tv,5,
281,428,312,334,167,0.58715117,laptop,6,entrance
281,230,160,63,51,0.40496153,bottle,11,
281,784,461,126,181,0.48123547,backpack,9,entrance
281,100,124,199,243,0.55557543,person,17,
282,472,194,46,90,0.9147546,cell phone,1,entrance
282,539,328,34,50,0.85520446,mouse,2,entrance
282,409,303,205,76,0.7466634,keyboard,3,
282,1030,245,66,46,0.45992938,bottle,4,
282,544,61,204,121,0.4851694,tv,5,
282,428,313,334,167,0.6655574,laptop,6,entrance
282,230,160,63,51,0.3193645,bottle,11,
282,785,460,128,183,0.47871175,backpack,9,entrance
282,99,124,197,245,0.48240766,person,17,
283,472,194,46,90,0.91621387,cell phone,1,entrance
283,539,328,34,50,0.85847664,mouse,2,entrance
283,409,303,207,76,0.75246584,keyboard,3,
283,1030,245,65,46,0.46069452,bottle,4,
283,544,61,204,122,0.49562606,tv,5,
283,429,313,333,167,0.60161614,laptop,6,entrance
283,230,160,63,51,0.35754666,bottle,11,
283,785,460,131,184,0.38804853,backpack,9,entrance
283,99,125,198,246,0.5462723,person,17,
284,472,194,45,90,0.91568756,cell phone,1,entrance
284,539,328,34,50,0.8608717,mouse,2,entrance
284,409,303,205,76,0.7469207,keyboard,3,
284,1030,245,65,46,0.44964555,bottle,4,
284,544,62,204,122,0.49541116,tv,5,
284,428,313,334,167,0.631115,laptop,6,entrance
284,230,160,63,51,0.34014732,bottle,11,
284,786,459,137,185,0.32290402,backpack,9,entrance
284,100,125,200,246,0.67019314,person,17,
285,472,194,46,90,0.9163771,cell phone,1,entrance
285,539,328,34,50,0.8443192,mouse,2,entrance
285,409,303,204,76,0.74072313,keyboard,3,
285,1030,245,65,46,0.43793628,bottle,4,
285,544,61,204,122,0.4931634,tv,5,
285,428,313,334,168,0.6346011,laptop,6,entrance
285,230,160,63,51,0.36661434,bottle,11,
285,785,457,139,187,0.2851128,backpack,9,entrance
285,100,126,200,245,0.5220368,person,17,
286,472,194,46,90,0.91565144,cell phone,1,entrance
286,539,328,34,50,0.8463716,mouse,2,entrance
286,409,303,206,76,0.737448,keyboard,3,
286,1030,245,65,46,0.44898954,bottle,4,
286,544,61,204,121,0.5022056,tv,5,
286,428,312,334,169,0.57786006,laptop,6,entrance
286,230,160,63,51,0.34806144,bottle,11,
286,785,457,140,186,0.25734472,backpack,9,entrance
286,101,126,202,244,0.69904625,person,17,
287,472,194,46,90,0.91477567,cell phone,1,entrance
287,539,328,34,50,0.8429946,mouse,2,entrance
287,408,303,207,76,0.7492447,keyboard,3,
287,1030,245,65,46,0.43928218,bottle,4,
287,544,61,204,121,0.49820125,tv,5,
287,428,313,333,168,0.59642404,laptop,6,entrance
287,230,160,63,51,0.36871946,bottle,11,
287,785,458,136,185,0.39535308,backpack,9,entrance
287,104,127,208,244,0.31587058,person,17,
288,472,194,46,90,0.91401124,cell phone,1,entrance
288,539,328,34,50,0.8515052,mouse,2,entrance
288,408,303,208,76,0.75836897,keyboard,3,
288,1030,245,65,46,0.429381,bottle,4,
288,544,61,204,121,0.513169,tv,5,
288,428,313,333,168,0.5981163,laptop,6,entrance
288,230,160,63,51,0.34676692,bottle,11,
288,783,458,128,184,0.4059933,backpack,9,entrance
288,105,127,210,244,0.43330827,person,17,
289,472,194,46,90,0.9137314,cell phone,1,entrance
289,539,328,34,50,0.8509252,mouse,2,entrance
289,408,303,208,76,0.74786186,keyboard,3,
289,1030,245,65,46,0.43651545,bottle,4,
289,544,61,204,121,0.5185643,tv,5,
289,428,312,333,168,0.5951745,laptop,6,entrance
289,230,159,63,52,0.44049963,bottle,11,
289,783,456,127,189,0.3818975,backpack,9,entrance
289,106,126,211,244,0.61671376,person,17,
290,472,194,46,90,0.91569614,cell phone,1,entrance
290,539,328,34,50,0.8416611,mouse,2,entrance
290,408,303,208,76,0.74326044,keyboard,3,
290,1030,245,65,46,0.43602675,bottle,4,
290,544,61,204,121,0.52788967,tv,5,
290,428,312,333,168,0.61748236,laptop,6,entrance
290,230,159,63,52,0.46449393,bottle,11,
290,781,452,121,196,0.4560302,backpack,9,entrance
290,105,126,210,245,0.5216304,person,17,
291,472,194,46,90,0.91522866,cell phone,1,entrance
291,539,328,34,50,0.8278403,mouse,2,entrance
291,408,303,208,76,0.7366956,keyboard,3,
291,1030,245,65,46,0.3631414,bottle,4,
291,544,61,204,121,0.51323646,tv,5,
291,429,312,334,167,0.62312186,laptop,6,entrance
291,230,160,63,51,0.21184862,cup,11,
291,782,451,121,200,0.35725364,backpack,9,entrance
291,103,126,207,246,0.29069576,person,17,
292,472,194,46,90,0.9142154,cell phone,1,entrance
292,539,328,34,50,0.8347429,mouse,2,entrance
292,408,303,208,76,0.75442237,keyboard,3,
292,1030,245,65,46,0.36520338,bottle,4,
292,544,61,203,121,0.53485805,tv,5,
292,429,312,334,168,0.5805188,laptop,6,entrance
292,230,160,63,51,0.3548016,bottle,11,
292,786,450,130,200,0.38271502,person,9,entrance
292,103,126,206,246,0.51270914,person,17,
293,472,194,46,90,0.9145982,cell phone,1,entrance
293,539,328,34,50,0.8268303,mouse,2,entrance
293,408,303,208,76,0.7455381,keyboard,3,
293,1030,245,65,46,0.3976645,bottle,4,
293,544,61,203,121,0.5220472,tv,5,
293,429,313,333,168,0.5869727,laptop,6,entrance
293,230,160,64,51,0.44208026,bottle,11,
293,783,450,124,197,0.43465832,backpack,9,entrance
293,102,126,203,247,0.63310915,person,17,
294,472,194,46,90,0.9164989,cell phone,1,entrance
294,539,328,34,50,0.8292729,mouse,2,entrance
294,408,303,208,76,0.73713666,keyboard,3,
294,1030,245,65,46,0.40806112,bottle,4,
294,544,61,203,121,0.51745117,tv,5,
294,429,313,333,168,0.6137445,laptop,6,entrance
294,230,160,64,51,0.38850728,bottle,11,
294,782,451,121,197,0.30065677,backpack,9,entrance
294,101,126,201,246,0.70620674,person,17,
295,472,194,46,90,0.9171968,cell phone,1,entrance
295,539,328,34,50,0.8338099,mouse,2,entrance
295,408,303,208,76,0.7424473,keyboard,3,
295,1030,245,65,46,0.40050697,bottle,4,
295,544,62,203,121,0.5043284,tv,5,
295,429,312,333,168,0.67593664,laptop,6,entrance
295,230,160,64,51,0.3546165,bottle,11,
295,100,126,199,246,0.6980421,person,17,
296,472,194,46,90,0.9167559,cell phone,1,entrance
296,539,328,34,50,0.84464264,mouse,2,entrance
296,408,303,208,76,0.7548071,keyboard,3,
296,1030,245,65,46,0.4001231,bottle,4,
296,544,62,203,121,0.52706754,tv,5,
296,429,312,334,167,0.6158509,laptop,6,entrance
296,230,160,64,51,0.3697666,bottle,11,
296,100,126,199,246,0.47596365,person,17,
297,472,194,46,90,0.9158335,cell phone,1,entrance
297,539,328,34,50,0.8394807,mouse,2,entrance
297,408,303,208,76,0.75247616,keyboard,3,
297,1030,245,65,46,0.37089777,bottle,4,
297,544,62,203,121,0.5369097,tv,5,
297,429,313,334,167,0.5721596,laptop,6,entrance
297,230,160,64,51,0.37104434,bottle,11,
297,100,126,199,247,0.49696818,person,17,
298,472,194,46,90,0.91627574,cell phone,1,entrance
298,539,328,34,50,0.8384553,mouse,2,entrance
298,408,303,208,76,0.7425313,keyboard,3,
298,1030,245,65,46,0.3599761,bottle,4,
298,544,62,203,122,0.5292427,tv,5,
298,429,313,334,167,0.63816386,laptop,6,entrance
298,230,160,64,51,0.3886215,bottle,11,
298,99,126,198,247,0.5459854,person,17,
299,472,194,46,90,0.91957986,cell phone,1,entrance
299,539,328,34,50,0.82166636,mouse,2,entrance
299,409,303,208,76,0.7242309,keyboard,3,
299,1030,244,65,46,0.33399725,bottle,4,
299,544,62,202,121,0.5340442,tv,5,
299,429,313,334,167,0.6535588,laptop,6,entrance
299,230,160,63,51,0.39613786,bottle,11,
299,99,126,198,247,0.61889786,person,17,
300,472,194,46,90,0.91694,cell phone,1,entrance
300,539,328,34,50,0.822158,mouse,2,entrance
300,409,303,208,76,0.7220917,keyboard,3,
300,1030,245,65,45,0.5136679,cup,4,
300,544,62,202,121,0.5421489,tv,5,
300,429,313,334,167,0.6164694,laptop,6,entrance
300,230,160,63,51,0.3774497,bottle,11,
300,99,126,198,246,0.376485,person,17,
301,472,194,45,90,0.91081816,cell phone,1,entrance
301,539,328,34,50,0.82881826,mouse,2,entrance
301,409,303,207,76,0.71810824,keyboard,3,
301,1030,245,65,45,0.5109767,cup,4,
301,543,62,201,121,0.5609585,tv,5,
301,429,313,334,167,0.6209777,laptop,6,entrance
301,230,160,63,51,0.27954194,bottle,11,
302,472,194,45,90,0.90383184,cell phone,1,entrance
302,539,328,34,50,0.8388763,mouse,2,entrance
302,408,303,207,76,0.7552501,keyboard,3,
302,1030,245,65,45,0.49472886,cup,4,
302,544,62,202,121,0.55918694,tv,5,
302,429,312,334,168,0.5318381,laptop,6,entrance
302,230,160,63,51,0.17889333,bottle,11,
303,472,194,45,90,0.9050611,cell phone,1,entrance
303,539,328,34,50,0.84202266,mouse,2,entrance
303,408,303,207,76,0.75706786,keyboard,3,
303,1030,245,65,45,0.44239816,cup,4,
303,544,62,202,122,0.5428246,tv,5,
303,429,312,333,168,0.56380993,laptop,6,entrance
303,230,159,63,52,0.22816712,bottle,11,
304,472,194,45,90,0.9060081,cell phone,1,entrance
304,539,328,34,50,0.8366842,mouse,2,entrance
304,408,303,207,76,0.7548372,keyboard,3,
304,1030,245,65,45,0.3895714,cup,4,
304,544,62,202,122,0.5463631,tv,5,
304,429,312,333,168,0.59198517,laptop,6,entrance
304,230,159,63,52,0.2014805,bottle,11,
305,472,194,45,90,0.90836143,cell phone,1,entrance
305,539,328,34,50,0.8424193,mouse,2,entrance
305,408,303,207,76,0.74220335,keyboard,3,
305,1030,245,65,45,0.43981993,cup,4,
305,544,62,202,121,0.5469741,tv,5,
305,429,312,333,168,0.582067,laptop,6,entrance
305,230,159,63,52,0.3884376,bottle,11,
306,472,194,45,90,0.9058064,cell phone,1,entrance
306,539,328,34,50,0.8505444,mouse,2,entrance
306,408,303,207,76,0.7542239,keyboard,3,
306,1030,245,65,45,0.47829655,cup,4,
306,544,62,202,121,0.553717,tv,5,
306,429,312,333,167,0.60884124,laptop,6,entrance
306,230,159,63,52,0.40439877,bottle,11,
307,472,194,45,90,0.91058445,cell phone,1,entrance
307,539,328,34,50,0.8443437,mouse,2,entrance
307,408,303,207,76,0.7383137,keyboard,3,
307,1030,245,65,45,0.43755415,cup,4,
307,544,61,202,121,0.5432191,tv,5,
307,429,312,333,167,0.612124,laptop,6,entrance
307,230,159,64,52,0.5597476,bottle,11,
308,472,194,45,90,0.90883785,cell phone,1,entrance
308,539,328,34,50,0.8455104,mouse,2,entrance
308,408,303,207,76,0.7407528,keyboard,3,
308,1030,245,65,45,0.48798463,cup,4,
308,543,61,202,120,0.56251276,tv,5,
308,429,312,334,168,0.61270887,laptop,6,entrance
308,230,159,64,52,0.4933488,bottle,11,
308,104,128,208,239,0.57754993,person,17,
309,472,194,45,90,0.9131001,cell phone,1,entrance
309,539,328,34,50,0.85511184,mouse,2,entrance
309,408,303,207,76,0.7366472,keyboard,3,
309,1030,245,65,45,0.45915452,cup,4,
309,544,61,202,121,0.548738,tv,5,
309,429,312,333,168,0.6412919,laptop,6,entrance
309,230,159,63,52,0.46026427,bottle,11,
309,104,128,208,238,0.42709374,person,17,
310,472,194,45,90,0.90842617,cell phone,1,entrance
310,539,328,34,49,0.8551178,mouse,2,entrance
310,408,303,207,76,0.7410627,keyboard,3,
310,1030,245,65,45,0.48698184,cup,4,
310,543,61,202,121,0.56509596,tv,5,
310,429,312,333,168,0.6049096,laptop,6,entrance
310,230,159,63,52,0.52549744,bottle,11,
310,105,127,210,238,0.4608867,person,17,
311,472,194,45,90,0.91224635,cell phone,1,entrance
311,539,328,34,50,0.85256165,mouse,2,entrance
311,408,303,207,76,0.73378366,keyboard,3,
311,1030,245,65,45,0.48210758,cup,4,
311,543,61,202,121,0.55742824,tv,5,
311,429,312,333,168,0.6645041,laptop,6,entrance
311,230,159,64,52,0.5190989,bottle,11,
311,105,127,210,238,0.6541797,person,17,
312,472,194,45,90,0.9122801,cell phone,1,entrance
312,539,328,34,49,0.8547171,mouse,2,entrance
312,408,303,208,76,0.7504165,keyboard,3,
312,1030,245,65,45,0.45392355,cup,4,
312,544,61,202,121,0.5585266,tv,5,
312,429,312,333,168,0.639203,laptop,6,entrance
312,230,159,64,52,0.47287768,bottle,11,
312,107,126,213,239,0.29168448,person,17,
313,472,194,45,90,0.9136856,cell phone,1,entrance
313,539,328,34,50,0.8545304,mouse,2,entrance
313,408,303,208,76,0.7328902,keyboard,3,
313,1030,245,65,45,0.42779106,cup,4,
313,544,61,203,121,0.50716287,tv,5,
313,429,312,333,168,0.66161513,laptop,6,entrance
313,229,160,65,52,0.5298084,bottle,11,
313,108,126,215,239,0.100364916,person,17,
314,472,194,45,89,0.9098816,cell phone,1,entrance
314,539,328,34,50,0.85235894,mouse,2,entrance
314,408,303,207,76,0.7370697,keyboard,3,
314,1030,245,65,45,0.46859974,cup,4,
314,544,61,202,121,0.5296604,tv,5,
314,429,312,334,168,0.62066174,laptop,6,entrance
314,229,160,66,52,0.31131235,bottle,11,
314,107,126,213,240,0.30721602,person,17,
315,472,194,45,89,0.9130617,cell phone,1,entrance
315,539,328,34,50,0.8466381,mouse,2,entrance
315,408,303,207,76,0.7207671,keyboard,3,
315,1030,245,65,45,0.4404528,cup,4,
315,544,61,203,121,0.5021788,tv,5,
315,429,312,334,168,0.675051,laptop,6,entrance
315,229,160,65,51,0.49479735,bottle,11,
315,109,126,217,239,0.3558596,person,17,
316,472,194,45,90,0.91294926,cell phone,1,entrance
316,539,328,34,50,0.843534,mouse,2,entrance
316,408,303,207,76,0.7204907,keyboard,3,
316,1030,245,65,45,0.5002997,cup,4,
316,544,61,203,121,0.5343809,tv,5,
316,429,312,334,168,0.65641403,laptop,6,entrance
316,230,160,64,51,0.42126912,bottle,11,
316,111,126,221,239,0.39478332,person,17,
317,472,194,46,90,0.9160797,cell phone,1,entrance
317,539,328,34,50,0.84656113,mouse,2,entrance
317,408,303,207,76,0.7286983,keyboard,3,
317,1030,245,65,45,0.40911463,cup,4,
317,544,62,203,122,0.4852829,tv,5,
317,429,312,333,168,0.66210496,laptop,6,entrance
317,230,160,63,51,0.39085853,bottle,11,
317,112,126,223,239,0.16168813,person,17,
318,472,194,45,90,0.9138843,cell phone,1,entrance
318,539,328,34,50,0.849611,mouse,2,entrance
318,408,303,207,76,0.7265981,keyboard,3,
318,1030,245,65,45,0.4563603,cup,4,
318,544,62,203,122,0.5046036,tv,5,
318,429,312,333,168,0.6323688,laptop,6,entrance
318,230,160,63,50,0.41355857,bottle,11,
318,113,126,226,239,0.20538925,person,17,
319,472,194,45,90,0.9148842,cell phone,1,entrance
319,539,328,34,50,0.8479649,mouse,2,entrance
319,408,303,207,76,0.7409533,keyboard,3,
319,1030,245,65,45,0.44868338,cup,4,
319,544,61,202,121,0.507089,tv,5,
319,429,312,333,167,0.6264315,laptop,6,entrance
319,230,160,63,50,0.4028453,bottle,11,
320,472,194,45,90,0.9174037,cell phone,1,entrance
320,539,328,34,50,0.8470538,mouse,2,entrance
320,408,303,207,76,0.7160026,keyboard,3,
320,1030,245,65,45,0.40236127,cup,4,
320,544,61,202,121,0.5019698,tv,5,
320,429,312,333,168,0.6428284,laptop,6,entrance
320,230,160,64,51,0.4502327,bottle,11,
321,472,193,45,90,0.91682756,cell phone,1,entrance
321,539,328,34,50,0.8529005,mouse,2,entrance
321,408,303,207,76,0.71658784,keyboard,3,
321,1030,245,65,45,0.3566276,cup,4,
321,543,61,202,121,0.4685779,tv,5,
321,429,312,333,167,0.69440323,laptop,6,entrance
321,230,160,63,51,0.48048082,bottle,11,
321,111,127,221,241,0.559859,person,17,
322,472,193,45,90,0.9177093,cell phone,1,entrance
322,539,328,34,50,0.86049193,mouse,2,entrance
322,408,303,207,76,0.73459715,keyboard,3,
322,1030,245,65,45,0.37572145,cup,4,
322,544,61,202,121,0.5184016,tv,5,
322,429,312,333,167,0.6048286,laptop,6,entrance
322,230,159,63,51,0.3944863,bottle,11,
322,108,127,216,242,0.6324875,person,17,
323,472,193,45,90,0.91655976,cell phone,1,entrance
323,539,328,34,50,0.8595539,mouse,2,entrance
323,408,303,207,76,0.7316349,keyboard,3,
323,1030,245,65,45,0.52218974,cup,4,
323,543,61,202,121,0.53928417,tv,5,
323,429,312,333,167,0.5930908,laptop,6,entrance
323,230,159,64,51,0.50019944,bottle,11,
323,107,127,213,244,0.7402322,person,17,
324,472,193,45,90,0.9167877,cell phone,1,entrance
324,539,328,34,50,0.85972035,mouse,2,entrance
324,408,303,207,76,0.7308264,keyboard,3,
324,1030,245,65,45,0.38792297,cup,4,
324,544,61,202,121,0.51419973,tv,5,
324,429,312,334,167,0.5712501,laptop,6,entrance
324,230,160,64,52,0.2532824,bottle,11,
324,101,127,202,243,0.5308046,person,17,
325,472,193,45,90,0.91775286,cell phone,1,entrance
325,539,328,34,50,0.86640733,mouse,2,entrance
325,408,303,207,76,0.7396896,keyboard,3,
325,1030,245,65,45,0.44496456,cup,4,
325,544,61,202,121,0.536307,tv,5,
325,429,312,334,168,0.6173703,laptop,6,entrance
325,230,160,64,52,0.2263782,bottle,11,
325,90,130,179,243,0.12418189,person,17,
326,472,193,45,90,0.9176198,cell phone,1,entrance
326,539,328,34,50,0.87071687,mouse,2,entrance
326,408,303,208,76,0.75629145,keyboard,3,
326,1030,245,65,45,0.44612965,cup,4,
326,544,61,202,121,0.539241,tv,5,
326,429,312,334,168,0.6324306,laptop,6,entrance
326,230,160,64,52,0.2644191,cup,11,
327,472,193,45,90,0.91794074,cell phone,1,entrance
327,539,328,34,50,0.8578536,mouse,2,entrance
327,408,303,208,76,0.75256574,keyboard,3,
327,1030,245,65,45,0.4318729,cup,4,
327,544,61,202,121,0.49415213,tv,5,
327,429,312,334,168,0.5975295,laptop,6,entrance
327,229,160,64,52,0.38508523,bottle,11,
328,472,193,45,90,0.9189877,cell phone,1,entrance
328,539,328,34,50,0.85724443,mouse,2,entrance
328,408,303,208,76,0.72359616,keyboard,3,
328,1030,245,65,45,0.5016972,cup,4,
328,544,61,203,121,0.52213913,tv,5,
328,429,312,334,167,0.61146593,laptop,6,entrance
328,229,160,65,51,0.39447793,bottle,11,
329,472,194,45,90,0.9191292,cell phone,1,entrance
329,539,328,34,50,0.84050864,mouse,2,entrance
329,408,303,207,76,0.7276076,keyboard,3,
329,1030,245,65,45,0.48445335,cup,4,
329,544,61,202,121,0.52898794,tv,5,
329,429,313,334,167,0.55483836,laptop,6,entrance
329,229,160,65,51,0.40453163,bottle,11,
330,472,194,45,90,0.917227,cell phone,1,entrance
330,539,328,34,50,0.84652376,mouse,2,entrance
330,408,303,207,75,0.7414065,keyboard,3,
330,1030,245,65,45,0.49821964,cup,4,
330,544,61,202,121,0.5463408,tv,5,
330,429,312,334,167,0.56763923,laptop,6,entrance
330,229,160,65,52,0.42366725,bottle,11,
330,796,330,323,99,0.81222826,keyboard,18,entrance
331,472,194,45,90,0.9171444,cell phone,1,entrance
331,539,328,34,50,0.8429875,mouse,2,entrance
331,408,303,207,75,0.7299907,keyboard,3,
331,1030,245,65,45,0.5150482,cup,4,
331,544,61,202,121,0.5512954,tv,5,
331,429,312,334,167,0.5427969,laptop,6,entrance
331,229,159,65,53,0.5004855,bottle,11,
331,794,331,325,101,0.71910125,keyboard,18,entrance
332,472,193,45,90,0.91761553,cell phone,1,entrance
332,539,328,34,50,0.8433276,mouse,2,entrance
332,408,303,207,75,0.72361726,keyboard,3,
332,1030,245,65,45,0.48532385,cup,4,
332,544,61,202,121,0.55955714,tv,5,
332,429,312,334,167,0.60205835,laptop,6,entrance
332,229,159,65,53,0.49668568,bottle,11,
332,796,331,321,101,0.66466445,keyboard,18,entrance
333,472,193,45,90,0.9182626,cell phone,1,entrance
333,539,328,34,50,0.84974915,mouse,2,entrance
333,408,303,207,76,0.7227991,keyboard,3,
333,1030,245,65,45,0.47390085,cup,4,
333,544,62,202,121,0.5480587,tv,5,
333,429,312,334,168,0.6012135,laptop,6,entrance
333,229,159,65,53,0.46086445,bottle,11,
333,794,331,325,102,0.6718377,keyboard,18,entrance
334,472,193,45,90,0.9179473,cell phone,1,entrance
334,539,328,34,50,0.8432561,mouse,2,entrance
334,408,303,207,76,0.701887,keyboard,3,
334,1030,245,65,45,0.45538852,cup,4,
334,544,62,203,122,0.54452515,tv,5,
334,429,312,334,168,0.5967597,laptop,6,entrance
334,229,159,65,53,0.3686321,bottle,11,
334,796,331,323,101,0.5992653,keyboard,18,entrance
334,78,133,157,254,0.53881156,person,17,
335,472,193,45,90,0.9162081,cell phone,1,entrance
335,539,328,34,50,0.8558288,mouse,2,entrance
335,408,303,207,76,0.7202421,keyboard,3,
335,1030,245,65,45,0.44984162,cup,4,
335,544,61,203,121,0.48727965,tv,5,
335,429,312,334,168,0.6028857,laptop,6,entrance
335,229,159,65,53,0.35574278,bottle,11,
335,798,331,321,101,0.4745249,keyboard,18,entrance
335,72,136,144,241,0.27555683,person,17,
336,472,193,45,90,0.9144681,cell phone,1,entrance
336,539,328,34,50,0.84853184,mouse,2,entrance
336,408,303,207,76,0.7003681,keyboard,3,
336,1030,245,65,45,0.47450688,cup,4,
336,544,61,202,121,0.5013097,tv,5,
336,429,312,334,167,0.55025566,laptop,6,entrance
336,229,159,65,53,0.3775436,bottle,11,
336,802,331,313,100,0.5434162,keyboard,18,entrance
336,74,131,148,250,0.60671675,person,17,
337,472,193,45,90,0.9142893,cell phone,1,entrance
337,539,328,34,50,0.8498747,mouse,2,entrance
337,409,303,207,76,0.6900371,keyboard,3,
337,1030,245,65,45,0.48334572,cup,4,
337,544,61,202,120,0.49294502,tv,5,
337,429,312,334,167,0.5441222,laptop,6,entrance
337,229,159,65,53,0.3637969,bottle,11,
337,765,323,222,84,0.5146276,keyboard,18,entrance
337,74,128,147,251,0.7231727,person,17,
338,472,193,45,90,0.9141584,cell phone,1,entrance
338,539,328,34,50,0.85075575,mouse,2,entrance
338,409,303,207,76,0.6931026,keyboard,3,
338,1030,245,65,45,0.46708763,cup,4,
338,544,61,202,120,0.4937072,tv,5,
338,429,312,334,167,0.5342597,laptop,6,entrance
338,229,159,65,53,0.32393378,bottle,11,
338,750,320,187,78,0.5136686,keyboard,18,entrance
338,72,127,144,250,0.697934,person,17,
339,472,193,45,90,0.91413903,cell phone,1,entrance
339,539,328,34,50,0.84816396,mouse,2,entrance
339,409,303,207,76,0.710188,keyboard,3,
339,1030,245,65,45,0.49306878,cup,4,
339,543,61,201,120,0.50201,tv,5,
339,429,312,334,167,0.5105611,laptop,6,entrance
339,229,159,65,53,0.3058153,bottle,11,
339,787,328,285,94,0.6080903,keyboard,18,entrance
339,70,127,140,250,0.57684475,person,17,
340,472,194,45,90,0.9127771,cell phone,1,entrance
340,539,328,34,50,0.84340304,mouse,2,entrance
340,409,303,207,76,0.6876622,keyboard,3,
340,1030,245,65,45,0.43517634,cup,4,
340,543,61,201,120,0.5196689,tv,5,
340,429,312,334,167,0.49546847,laptop,6,entrance
340,229,159,65,53,0.334753,bottle,11,
340,793,329,311,98,0.67147845,keyboard,18,entrance
340,69,127,137,251,0.25672087,person,17,
341,472,194,45,90,0.91328347,cell phone,1,entrance
341,539,328,34,50,0.8370429,mouse,2,entrance
341,409,303,207,76,0.67802525,keyboard,3,
341,1030,245,65,45,0.45803666,cup,4,
341,543,61,201,120,0.50833154,tv,5,
341,429,312,334,167,0.51823235,laptop,6,entrance
341,229,158,65,53,0.33468404,bottle,11,
341,797,331,321,101,0.66850597,keyboard,18,entrance
341,66,127,132,249,0.1140627,person,17,
342,472,194,45,90,0.9136394,cell phone,1,entrance
342,539,328,34,50,0.83155906,mouse,2,entrance
342,409,303,207,76,0.6574105,keyboard,3,
342,1030,245,65,45,0.4514648,cup,4,
342,544,61,202,120,0.4890354,tv,5,
342,429,312,334,167,0.5463136,laptop,6,entrance
342,229,158,65,53,0.37694046,bottle,11,
342,797,330,326,101,0.64309925,keyboard,18,entrance
342,63,127,127,247,0.21105039,person,17,
343,472,194,45,90,0.91363645,cell phone,1,entrance
343,539,328,34,50,0.8389395,mouse,2,entrance
343,409,303,207,76,0.68231624,keyboard,3,
343,1030,245,65,45,0.43275973,cup,4,
343,544,61,202,120,0.47380942,tv,5,
343,429,312,334,166,0.5293772,laptop,6,entrance
343,229,158,65,53,0.36643162,bottle,11,
343,797,330,327,101,0.6652292,keyboard,18,entrance
343,62,126,125,246,0.2113929,person,17,
344,472,194,46,90,0.91395074,cell phone,1,entrance
344,539,328,34,50,0.8442442,mouse,2,entrance
344,409,303,207,76,0.6917972,keyboard,3,
344,1030,245,65,45,0.44900742,cup,4,
344,544,61,202,120,0.48032472,tv,5,
344,429,313,334,166,0.50473547,laptop,6,entrance
344,229,159,65,53,0.3154569,bottle,11,
344,799,331,325,102,0.7345549,keyboard,18,entrance
344,62,125,125,245,0.18171822,person,17,
345,472,194,46,90,0.91167957,cell phone,1,entrance
345,539,328,34,50,0.84143114,mouse,2,entrance
345,409,303,207,76,0.68921685,keyboard,3,
345,1030,245,65,45,0.45245326,cup,4,
345,544,61,202,120,0.47874635,tv,5,
345,429,313,334,166,0.5463067,laptop,6,entrance
345,229,159,64,53,0.30730397,bottle,11,
345,799,331,323,102,0.6411208,keyboard,18,entrance
345,62,125,124,244,0.170855,person,17,
346,472,194,46,90,0.9142409,cell phone,1,entrance
346,539,328,34,50,0.8345887,mouse,2,entrance
346,409,303,207,76,0.6885205,keyboard,3,
346,1030,245,65,45,0.4569857,cup,4,
346,544,61,202,120,0.46666288,tv,5,
346,429,313,334,166,0.4792824,laptop,6,entrance
346,229,159,65,53,0.37130946,bottle,11,
346,800,331,321,102,0.6656739,keyboard,18,entrance
346,62,124,124,245,0.2493152,person,17,
347,472,194,46,90,0.914102,cell phone,1,entrance
347,539,328,34,50,0.83447224,mouse,2,entrance
347,409,303,207,76,0.6940743,keyboard,3,
347,1030,245,65,45,0.45546564,cup,4,
347,543,61,201,120,0.4739094,tv,5,
347,430,313,334,166,0.45396104,laptop,6,entrance
347,229,159,65,52,0.25426558,bottle,11,
347,800,331,320,102,0.66305137,keyboard,18,entrance
347,62,123,123,246,0.1981366,person,17,
348,472,194,46,90,0.914096,cell phone,1,entrance
348,539,328,34,50,0.83020145,mouse,2,entrance
348,409,303,207,76,0.7055205,keyboard,3,
348,1030,245,65,45,0.44193926,cup,4,
348,543,61,201,120,0.47630364,tv,5,
348,430,313,334,165,0.46454743,laptop,6,entrance
348,229,159,64,52,0.31699705,bottle,11,
348,800,331,320,102,0.5195873,keyboard,18,entrance
348,64,123,127,247,0.40056148,person,17,
349,472,194,45,90,0.91346085,cell phone,1,entrance
349,539,328,34,50,0.83542717,mouse,2,entrance
349,409,303,207,76,0.69827205,keyboard,3,
349,1030,245,65,45,0.45432344,cup,4,
349,544,61,202,120,0.46242684,tv,5,
349,429,313,334,166,0.49684465,laptop,6,entrance
349,229,159,64,52,0.35936904,bottle,11,
349,798,331,323,102,0.7863427,keyboard,18,entrance
349,66,123,130,246,0.29363912,person,17,
350,472,194,45,90,0.9136115,cell phone,1,entrance
350,539,328,34,50,0.8347278,mouse,2,entrance
350,409,303,207,76,0.70011616,keyboard,3,
350,1030,245,65,45,0.45376116,cup,4,
350,543,61,201,120,0.4613733,tv,5,
350,429,312,334,166,0.47024393,laptop,6,entrance
350,229,159,64,52,0.3330564,bottle,11,
350,795,331,328,103,0.7653673,keyboard,18,entrance
350,67,123,132,246,0.39070708,person,17,
351,472,194,45,90,0.9138124,cell phone,1,entrance
351,539,328,34,50,0.84284824,mouse,2,entrance
351,409,303,207,76,0.7111479,keyboard,3,
351,1031,245,65,46,0.1092103,cup,4,
351,544,61,202,120,0.45548296,tv,5,
351,429,312,334,166,0.5426207,laptop,6,entrance
351,230,159,64,52,0.4248028,bottle,11,
351,799,329,321,99,0.31884968,keyboard,18,entrance
351,68,122,136,245,0.34621704,person,17,
352,472,194,45,90,0.91425043,cell phone,1,entrance
352,539,328,34,50,0.838108,mouse,2,entrance
352,409,303,207,76,0.6927119,keyboard,3,
352,1030,245,65,45,0.40076676,cup,4,
352,544,61,202,120,0.44168022,tv,5,
352,429,312,334,166,0.6043669,laptop,6,entrance
352,230,159,63,52,0.37953293,bottle,11,
352,802,327,319,94,0.15280506,keyboard,18,entrance
352,70,122,139,242,0.32776007,person,17,
353,472,194,45,90,0.91490996,cell phone,1,entrance
353,539,328,34,50,0.8337688,mouse,2,entrance
353,409,303,205,76,0.6727888,keyboard,3,
353,1030,245,65,45,0.43781975,cup,4,
353,544,61,202,119,0.4444693,tv,5,
353,429,312,334,166,0.6572841,laptop,6,entrance
353,230,159,63,52,0.42628983,bottle,11,
353,805,325,313,90,0.38872328,keyboard,18,entrance
353,70,121,141,240,0.32981968,person,17,
354,472,194,45,90,0.916646,cell phone,1,entrance
354,539,328,34,50,0.80364615,mouse,2,entrance
354,410,303,204,76,0.6841075,keyboard,3,
354,1030,245,65,45,0.3599454,cup,4,
354,543,60,202,119,0.4781334,tv,5,
354,430,312,334,166,0.6717147,laptop,6,entrance
354,230,159,63,51,0.370507,bottle,11,
354,777,319,267,77,0.10654834,keyboard,18,entrance
354,71,112,141,219,0.35975552,person,17,
355,472,194,45,90,0.9177219,cell phone,1,entrance
355,539,328,34,50,0.81628734,mouse,2,entrance
355,409,303,206,76,0.690705,keyboard,3,
355,1030,245,65,46,0.4068658,bottle,4,
355,542,60,200,119,0.44956088,tv,5,
355,430,312,334,166,0.6223732,laptop,6,entrance
355,230,159,63,51,0.35964915,bottle,11,
355,767,316,254,73,0.11226356,keyboard,18,entrance
355,70,82,140,160,0.12951833,person,17,
356,472,194,46,90,0.9184086,cell phone,1,entrance
356,539,328,34,50,0.79551417,mouse,2,entrance
356,409,303,204,76,0.69732225,keyboard,3,
356,1030,245,65,46,0.3565044,bottle,4,
356,543,60,201,119,0.4627189,tv,5,
356,430,313,334,166,0.6442853,laptop,6,entrance
356,230,159,63,51,0.3234449,bottle,11,
356,778,312,207,62,0.119319454,keyboard,18,entrance
356,70,75,139,147,0.21674511,person,17,
357,472,194,46,90,0.9181453,cell phone,1,entrance
357,539,328,34,50,0.77764505,mouse,2,entrance
357,409,303,206,76,0.7034864,keyboard,3,
357,1030,245,65,46,0.3836453,bottle,4,
357,542,60,199,119,0.49313876,tv,5,
357,430,312,334,166,0.5725212,laptop,6,entrance
357,230,159,63,51,0.31087613,bottle,11,
357,71,74,142,144,0.2752518,person,17,
358,472,194,46,90,0.917466,cell phone,1,entrance
358,539,328,34,50,0.7721639,mouse,2,entrance
358,409,303,207,76,0.73145944,keyboard,3,
358,1030,245,65,46,0.34204733,bottle,4,
358,541,60,199,119,0.49361494,tv,5,
358,430,312,334,167,0.5013666,laptop,6,entrance
358,230,159,63,51,0.31939358,bottle,11,
358,72,75,143,145,0.42076018,person,17,
359,472,194,46,90,0.91802883,cell phone,1,entrance
359,539,328,34,50,0.82126665,mouse,2,entrance
359,409,303,207,76,0.7294013,keyboard,3,
359,1030,245,65,46,0.37923446,bottle,4,
359,541,60,199,119,0.44558764,tv,5,
359,430,312,333,166,0.4893155,laptop,6,entrance
359,230,159,63,51,0.32108232,bottle,11,
359,73,103,145,201,0.26283163,person,17,
360,472,194,46,90,0.9178364,cell phone,1,entrance
360,539,328,34,50,0.8294305,mouse,2,entrance
360,409,303,207,76,0.7238639,keyboard,3,
360,1030,245,65,46,0.39390704,bottle,4,
360,543,60,201,119,0.4601409,tv,5,
360,430,312,334,166,0.5160225,laptop,6,entrance
360,230,159,63,51,0.3522807,bottle,11,
360,74,112,148,217,0.1593752,person,17,
361,472,194,46,90,0.91612935,cell phone,1,entrance
361,539,328,34,50,0.80069,mouse,2,entrance
361,409,303,207,76,0.71406525,keyboard,3,
361,1030,245,65,46,0.37993646,bottle,4,
361,543,60,201,118,0.4447437,tv,5,
361,429,312,334,166,0.47178313,laptop,6,entrance
361,230,159,63,52,0.33016253,bottle,11,
361,74,108,148,209,0.4552003,person,17,
362,472,194,45,90,0.91564745,cell phone,1,entrance
362,539,328,34,50,0.79095286,mouse,2,entrance
362,409,303,207,76,0.7286904,keyboard,3,
362,1030,245,65,46,0.37076157,bottle,4,
362,543,60,200,118,0.42772335,tv,5,
362,429,312,333,166,0.46806747,laptop,6,entrance
362,230,159,63,52,0.35611442,bottle,11,
363,472,194,45,90,0.91558766,cell phone,1,entrance
363,539,328,34,50,0.80880255,mouse,2,entrance
363,409,303,207,76,0.7541971,keyboard,3,
363,1030,245,66,46,0.3831873,bottle,4,
363,543,60,201,118,0.4475999,tv,5,
363,430,312,333,166,0.49221364,laptop,6,entrance
363,230,160,63,52,0.3320779,bottle,11,
364,472,194,45,90,0.914798,cell phone,1,entrance
364,539,328,34,50,0.7947511,mouse,2,entrance
364,408,303,207,76,0.74033195,keyboard,3,
364,1030,245,65,46,0.3720979,bottle,4,
364,543,60,201,118,0.44669363,tv,5,
364,429,312,333,167,0.51319486,laptop,6,entrance
364,230,160,63,51,0.27826628,cup,11,
365,472,194,45,90,0.9155575,cell phone,1,entrance
365,539,328,34,50,0.8014215,mouse,2,entrance
365,408,303,207,76,0.74221164,keyboard,3,
365,1030,245,65,46,0.3672048,bottle,4,
365,543,60,200,118,0.44329172,tv,5,
365,429,312,334,167,0.5147661,laptop,6,entrance
365,230,160,64,52,0.25242138,cup,11,
366,472,194,45,90,0.9155228,cell phone,1,entrance
366,539,328,34,50,0.8231393,mouse,2,entrance
366,408,303,207,76,0.7316564,keyboard,3,
366,1030,245,65,46,0.35840464,bottle,4,
366,543,60,200,118,0.44933566,tv,5,
366,429,312,334,166,0.5654645,laptop,6,entrance
366,230,160,63,52,0.3163133,cup,11,
367,472,194,45,90,0.914588,cell phone,1,entrance
367,539,328,34,50,0.8178522,mouse,2,entrance
367,408,303,207,76,0.7394229,keyboard,3,
367,1030,245,65,46,0.36384988,bottle,4,
367,543,60,200,118,0.44181448,tv,5,
367,429,313,333,166,0.5656794,laptop,6,entrance
367,230,160,63,51,0.33733523,bottle,11,
368,472,194,45,90,0.9145883,cell phone,1,entrance
368,539,328,34,50,0.8372395,mouse,2,entrance
368,408,303,207,76,0.73263615,keyboard,3,
368,1030,245,65,46,0.352331,bottle,4,
368,543,60,200,118,0.4135304,tv,5,
368,429,313,332,166,0.69000345,laptop,6,entrance
368,230,160,63,52,0.2695856,bottle,11,
369,472,194,45,90,0.9146252,cell phone,1,entrance
369,539,328,34,50,0.83149713,mouse,2,entrance
369,408,303,207,76,0.7212599,keyboard,3,
369,1030,245,66,46,0.3905506,bottle,4,
369,543,60,200,119,0.45859265,tv,5,
369,429,313,332,165,0.7329046,laptop,6,entrance
369,230,160,63,52,0.17561127,bottle,11,
370,472,194,46,90,0.9157455,cell phone,1,entrance
370,539,328,34,50,0.83488476,mouse,2,entrance
370,409,303,207,76,0.70380265,keyboard,3,
370,1030,245,66,46,0.38385367,bottle,4,
370,543,61,201,119,0.48420408,tv,5,
370,429,314,332,165,0.74341387,laptop,6,entrance
370,230,160,63,51,0.17286305,bottle,11,
371,472,194,46,90,0.91605794,cell phone,1,entrance
371,539,328,34,50,0.83038056,mouse,2,entrance
371,409,303,207,76,0.67906225,keyboard,3,
371,1030,245,65,45,0.37176698,cup,4,
371,543,61,201,120,0.48925057,tv,5,
371,429,314,332,165,0.7516763,laptop,6,entrance
371,230,160,63,51,0.15249445,bottle,11,
372,472,194,46,90,0.9160169,cell phone,1,entrance
372,539,328,34,50,0.8269045,mouse,2,entrance
372,409,303,207,76,0.6757549,keyboard,3,
372,1030,245,65,45,0.40221566,cup,4,
372,543,61,201,120,0.50034165,tv,5,
372,429,314,333,165,0.74366987,laptop,6,entrance
372,230,160,63,51,0.22322395,bottle,11,
373,472,194,46,90,0.9152198,cell phone,1,entrance
373,539,328,34,50,0.83570135,mouse,2,entrance
373,409,303,207,76,0.69409186,keyboard,3,
373,1030,245,65,45,0.36323476,cup,4,
373,543,61,201,120,0.50030607,tv,5,
373,429,314,333,165,0.71096504,laptop,6,entrance
373,230,160,63,51,0.27338088,bottle,11,
374,472,194,45,90,0.9109158,cell phone,1,entrance
374,539,328,34,50,0.8309998,mouse,2,entrance
374,409,303,207,76,0.68440014,keyboard,3,
374,1030,245,65,45,0.4067009,bottle,4,
374,543,61,202,120,0.46395397,tv,5,
374,429,314,333,164,0.7317474,laptop,6,entrance
374,230,160,63,51,0.2380385,bottle,11,
